ISO-10303-21;
HEADER;
FILE_DESCRIPTION(('STEP AP203'),'1');
FILE_NAME('292304-5.stp','2022-10-31T19:09:06',('TraceParts'),('TraceParts S.A.'),'Spatial InterOp 3D',' ',' ');
FILE_SCHEMA(('CONFIG_CONTROL_DESIGN'));
ENDSEC;
DATA;
#1=DESIGN_CONTEXT('',#27,'design');
#2=APPLICATION_PROTOCOL_DEFINITION('INTERNATIONAL STANDARD','config_control_design',1994,#27);
#3=PRODUCT_CATEGORY_RELATIONSHIP('NONE','NONE',#28,#29);
#4=DATE_AND_TIME(#30,#31);
#5=DATE_TIME_ROLE('creation_date');
#6=DATE_TIME_ROLE('classification_date');
#7=PERSON_AND_ORGANIZATION_ROLE('creator');
#8=PERSON_AND_ORGANIZATION_ROLE('design_supplier');
#9=PERSON_AND_ORGANIZATION_ROLE('classification_officer');
#10=PERSON_AND_ORGANIZATION_ROLE('design_owner');
#11=APPROVAL_PERSON_ORGANIZATION(#32,#33,#34);
#12=APPROVAL_DATE_TIME(#4,#33);
#13=CC_DESIGN_APPROVAL(#33,(#35,#36,#37));
#14=CC_DESIGN_DATE_AND_TIME_ASSIGNMENT(#4,#5,(#37));
#15=CC_DESIGN_DATE_AND_TIME_ASSIGNMENT(#4,#6,(#35));
#16=CC_DESIGN_PERSON_AND_ORGANIZATION_ASSIGNMENT(#32,#10,(#38));
#17=CC_DESIGN_PERSON_AND_ORGANIZATION_ASSIGNMENT(#32,#7,(#37));
#18=CC_DESIGN_PERSON_AND_ORGANIZATION_ASSIGNMENT(#32,#7,(#36));
#19=CC_DESIGN_PERSON_AND_ORGANIZATION_ASSIGNMENT(#32,#8,(#36));
#20=CC_DESIGN_SECURITY_CLASSIFICATION(#35,(#36));
#21=CC_DESIGN_PERSON_AND_ORGANIZATION_ASSIGNMENT(#32,#9,(#35));
#22=SHAPE_DEFINITION_REPRESENTATION(#39,#40);
#23= (GEOMETRIC_REPRESENTATION_CONTEXT(3)GLOBAL_UNCERTAINTY_ASSIGNED_CONTEXT((#43))GLOBAL_UNIT_ASSIGNED_CONTEXT((#45,#46,#47))REPRESENTATION_CONTEXT('NONE','WORKSPACE'));
#27=APPLICATION_CONTEXT('CONFIGURATION CONTROLLED 3D DESIGNS OF MECHANICAL PARTS AND ASSEMBLIES');
#28=PRODUCT_CATEGORY('part','NONE');
#29=PRODUCT_RELATED_PRODUCT_CATEGORY('detail',' ',(#38));
#30=CALENDAR_DATE(2022,31,9);
#31=LOCAL_TIME(20,9,6.0,#49);
#32=PERSON_AND_ORGANIZATION(#50,#51);
#33=APPROVAL(#52,'SOLID MODEL');
#34=APPROVAL_ROLE('APPROVED');
#35=SECURITY_CLASSIFICATION('','',#53);
#36=PRODUCT_DEFINITION_FORMATION_WITH_SPECIFIED_SOURCE(' ','NONE',#38,.NOT_KNOWN.);
#37=PRODUCT_DEFINITION('','NONE',#36,#1);
#38=PRODUCT('1','','PART--DESC',(#54));
#39=PRODUCT_DEFINITION_SHAPE('NONE','NONE',#37);
#40=ADVANCED_BREP_SHAPE_REPRESENTATION('1',(#55,#56),#23);
#43=UNCERTAINTY_MEASURE_WITH_UNIT(LENGTH_MEASURE(1.0E-06),#45,'','');
#45= (CONVERSION_BASED_UNIT('MILLIMETRE',#59)LENGTH_UNIT()NAMED_UNIT(#62));
#46= (NAMED_UNIT(#64)PLANE_ANGLE_UNIT()SI_UNIT($,.RADIAN.));
#47= (NAMED_UNIT(#64)SOLID_ANGLE_UNIT()SI_UNIT($,.STERADIAN.));
#49=COORDINATED_UNIVERSAL_TIME_OFFSET(1,0,.AHEAD.);
#50=PERSON('','UNSPECIFIED',$,$,$,$);
#51=ORGANIZATION('UNSPECIFIED','UNSPECIFIED','UNSPECIFIED');
#52=APPROVAL_STATUS('approved');
#53=SECURITY_CLASSIFICATION_LEVEL('unclassified');
#54=MECHANICAL_CONTEXT('',#27,'mechanical');
#55=MANIFOLD_SOLID_BREP('1',#70);
#56=AXIS2_PLACEMENT_3D('',#71,#72,#73);
#59=LENGTH_MEASURE_WITH_UNIT(LENGTH_MEASURE(1.0),#74);
#62=DIMENSIONAL_EXPONENTS(1.0,0.0,0.0,0.0,0.0,0.0,0.0);
#64=DIMENSIONAL_EXPONENTS(0.0,0.0,0.0,0.0,0.0,0.0,0.0);
#70=CLOSED_SHELL('',(#75,#76,#77,#78,#79,#80,#81,#82,#83,#84,#85,#86,#87,#88,#89,#90,#91,#92,#93,#94,#95,#96,#97,#98,#99,#100,#101,#102,#103,#104,#105,#106,#107,#108,#109,#110,#111,#112,#113,#114,#115,#116,#117,#118,#119,#120,#121,#122,#123,#124,#125,#126,#127,#128,#129,#130,#131,#132,#133,#134,#135,#136,#137,#138,#139,#140,#141,#142,#143,#144,#145,#146,#147,#148,#149,#150,#151,#152,#153,#154,#155,#156,#157,#158,#159,#160,#161,#162,#163,#164,#165,#166,#167,#168,#169,#170,#171,#172,#173,#174,#175,#176,#177,#178,#179,#180,#181,#182,#183,#184,#185,#186,#187,#188,#189,#190,#191,#192,#193,#194,#195,#196,#197,#198,#199,#200,#201,#202,#203,#204,#205,#206,#207,#208,#209,#210,#211,#212,#213,#214,#215,#216,#217,#218,#219,#220,#221,#222,#223,#224,#225,#226,#227,#228,#229,#230,#231,#232,#233,#234,#235,#236,#237,#238,#239,#240,#241,#242,#243,#244,#245,#246,#247,#248,#249,#250,#251,#252,#253,#254,#255,#256,#257,#258,#259,#260,#261,#262,#263,#264,#265,#266,#267,#268,#269,#270,#271,#272,#273,#274,#275,#276,#277,#278,#279,#280,#281,#282,#283,#284,#285,#286,#287,#288,#289,#290,#291,#292,#293,#294,#295,#296,#297,#298,#299,#300,#301,#302,#303,#304,#305,#306,#307,#308,#309,#310,#311,#312,#313,#314,#315,#316,#317,#318,#319,#320,#321,#322,#323,#324,#325,#326,#327,#328,#329,#330,#331,#332,#333,#334,#335,#336,#337,#338,#339,#340,#341,#342,#343,#344,#345,#346,#347,#348,#349,#350,#351,#352,#353,#354,#355,#356,#357,#358,#359,#360,#361,#362,#363,#364,#365,#366,#367,#368,#369,#370,#371,#372,#373,#374,#375,#376,#377,#378,#379,#380,#381,#382,#383,#384,#385,#386,#387,#388,#389,#390,#391,#392,#393,#394,#395,#396,#397,#398,#399,#400,#401,#402,#403,#404,#405,#406,#407,#408,#409,#410,#411,#412,#413,#414,#415,#416,#417,#418,#419,#420,#421,#422,#423,#424,#425,#426,#427,#428,#429,#430,#431,#432,#433,#434,#435,#436,#437,#438,#439,#440,#441,#442,#443,#444,#445,#446,#447,#448,#449,#450,#451,#452,#453,#454,#455,#456,#457,#458,#459,#460,#461,#462,#463,#464,#465,#466,#467,#468,#469,#470,#471,#472,#473,#474,#475,#476,#477,#478,#479,#480,#481,#482,#483,#484,#485,#486,#487,#488,#489,#490,#491,#492,#493,#494,#495,#496,#497,#498,#499,#500,#501,#502,#503,#504,#505,#506,#507,#508,#509,#510,#511,#512,#513,#514,#515,#516,#517,#518,#519,#520,#521,#522,#523,#524,#525,#526,#527,#528,#529,#530,#531,#532,#533,#534,#535,#536,#537,#538,#539,#540,#541,#542,#543,#544,#545,#546,#547,#548,#549,#550,#551,#552,#553,#554,#555,#556,#557,#558,#559,#560,#561,#562,#563,#564));
#71=CARTESIAN_POINT('',(0.0,0.0,0.0));
#72=DIRECTION('',(0.0,0.0,1.0));
#73=DIRECTION('',(1.0,0.0,0.0));
#74= (NAMED_UNIT(#62)LENGTH_UNIT()SI_UNIT(.MILLI.,.METRE.));
#75=ADVANCED_FACE('',(#566),#567,.F.);
#76=ADVANCED_FACE('',(#568),#569,.T.);
#77=ADVANCED_FACE('',(#570),#571,.F.);
#78=ADVANCED_FACE('',(#572),#573,.T.);
#79=ADVANCED_FACE('',(#574),#575,.T.);
#80=ADVANCED_FACE('',(#576),#577,.F.);
#81=ADVANCED_FACE('',(#578),#579,.F.);
#82=ADVANCED_FACE('',(#580),#581,.F.);
#83=ADVANCED_FACE('',(#582),#583,.F.);
#84=ADVANCED_FACE('',(#584),#585,.F.);
#85=ADVANCED_FACE('',(#586),#587,.F.);
#86=ADVANCED_FACE('',(#588),#589,.F.);
#87=ADVANCED_FACE('',(#590),#591,.T.);
#88=ADVANCED_FACE('',(#592),#593,.F.);
#89=ADVANCED_FACE('',(#594),#595,.T.);
#90=ADVANCED_FACE('',(#596),#597,.T.);
#91=ADVANCED_FACE('',(#598),#599,.F.);
#92=ADVANCED_FACE('',(#600),#601,.F.);
#93=ADVANCED_FACE('',(#602),#603,.F.);
#94=ADVANCED_FACE('',(#604),#605,.T.);
#95=ADVANCED_FACE('',(#606,#607,#608),#609,.T.);
#96=ADVANCED_FACE('',(#610),#611,.F.);
#97=ADVANCED_FACE('',(#612),#613,.F.);
#98=ADVANCED_FACE('',(#614),#615,.F.);
#99=ADVANCED_FACE('',(#616),#617,.F.);
#100=ADVANCED_FACE('',(#618),#619,.F.);
#101=ADVANCED_FACE('',(#620),#621,.F.);
#102=ADVANCED_FACE('',(#622),#623,.F.);
#103=ADVANCED_FACE('',(#624),#625,.F.);
#104=ADVANCED_FACE('',(#626),#627,.F.);
#105=ADVANCED_FACE('',(#628),#629,.F.);
#106=ADVANCED_FACE('',(#630),#631,.F.);
#107=ADVANCED_FACE('',(#632),#633,.F.);
#108=ADVANCED_FACE('',(#634),#635,.F.);
#109=ADVANCED_FACE('',(#636),#637,.F.);
#110=ADVANCED_FACE('',(#638),#639,.F.);
#111=ADVANCED_FACE('',(#640),#641,.F.);
#112=ADVANCED_FACE('',(#642,#643,#644),#645,.F.);
#113=ADVANCED_FACE('',(#646),#647,.F.);
#114=ADVANCED_FACE('',(#648),#649,.F.);
#115=ADVANCED_FACE('',(#650),#651,.F.);
#116=ADVANCED_FACE('',(#652),#653,.F.);
#117=ADVANCED_FACE('',(#654),#655,.F.);
#118=ADVANCED_FACE('',(#656),#657,.F.);
#119=ADVANCED_FACE('',(#658),#659,.F.);
#120=ADVANCED_FACE('',(#660),#661,.F.);
#121=ADVANCED_FACE('',(#662),#663,.F.);
#122=ADVANCED_FACE('',(#664),#665,.F.);
#123=ADVANCED_FACE('',(#666),#667,.F.);
#124=ADVANCED_FACE('',(#668),#669,.F.);
#125=ADVANCED_FACE('',(#670),#671,.F.);
#126=ADVANCED_FACE('',(#672),#673,.F.);
#127=ADVANCED_FACE('',(#674),#675,.F.);
#128=ADVANCED_FACE('',(#676),#677,.F.);
#129=ADVANCED_FACE('',(#678,#679,#680),#681,.T.);
#130=ADVANCED_FACE('',(#682),#683,.T.);
#131=ADVANCED_FACE('',(#684),#685,.T.);
#132=ADVANCED_FACE('',(#686),#687,.T.);
#133=ADVANCED_FACE('',(#688),#689,.T.);
#134=ADVANCED_FACE('',(#690),#691,.T.);
#135=ADVANCED_FACE('',(#692),#693,.T.);
#136=ADVANCED_FACE('',(#694),#695,.F.);
#137=ADVANCED_FACE('',(#696),#697,.F.);
#138=ADVANCED_FACE('',(#698),#699,.T.);
#139=ADVANCED_FACE('',(#700),#701,.T.);
#140=ADVANCED_FACE('',(#702),#703,.F.);
#141=ADVANCED_FACE('',(#704),#705,.F.);
#142=ADVANCED_FACE('',(#706),#707,.F.);
#143=ADVANCED_FACE('',(#708,#709,#710,#711,#712,#713,#714),#715,.T.);
#144=ADVANCED_FACE('',(#716),#717,.T.);
#145=ADVANCED_FACE('',(#718),#719,.T.);
#146=ADVANCED_FACE('',(#720),#721,.T.);
#147=ADVANCED_FACE('',(#722),#723,.T.);
#148=ADVANCED_FACE('',(#724),#725,.T.);
#149=ADVANCED_FACE('',(#726),#727,.T.);
#150=ADVANCED_FACE('',(#728),#729,.T.);
#151=ADVANCED_FACE('',(#730),#731,.T.);
#152=ADVANCED_FACE('',(#732),#733,.T.);
#153=ADVANCED_FACE('',(#734),#735,.T.);
#154=ADVANCED_FACE('',(#736),#737,.T.);
#155=ADVANCED_FACE('',(#738),#739,.T.);
#156=ADVANCED_FACE('',(#740),#741,.T.);
#157=ADVANCED_FACE('',(#742),#743,.T.);
#158=ADVANCED_FACE('',(#744,#745,#746),#747,.T.);
#159=ADVANCED_FACE('',(#748),#749,.F.);
#160=ADVANCED_FACE('',(#750),#751,.F.);
#161=ADVANCED_FACE('',(#752,#753,#754),#755,.T.);
#162=ADVANCED_FACE('',(#756),#757,.T.);
#163=ADVANCED_FACE('',(#758),#759,.T.);
#164=ADVANCED_FACE('',(#760),#761,.T.);
#165=ADVANCED_FACE('',(#762),#763,.T.);
#166=ADVANCED_FACE('',(#764),#765,.T.);
#167=ADVANCED_FACE('',(#766),#767,.T.);
#168=ADVANCED_FACE('',(#768),#769,.T.);
#169=ADVANCED_FACE('',(#770),#771,.T.);
#170=ADVANCED_FACE('',(#772),#773,.F.);
#171=ADVANCED_FACE('',(#774),#775,.F.);
#172=ADVANCED_FACE('',(#776),#777,.T.);
#173=ADVANCED_FACE('',(#778),#779,.T.);
#174=ADVANCED_FACE('',(#780),#781,.T.);
#175=ADVANCED_FACE('',(#782),#783,.T.);
#176=ADVANCED_FACE('',(#784),#785,.T.);
#177=ADVANCED_FACE('',(#786),#787,.T.);
#178=ADVANCED_FACE('',(#788),#789,.T.);
#179=ADVANCED_FACE('',(#790),#791,.T.);
#180=ADVANCED_FACE('',(#792),#793,.F.);
#181=ADVANCED_FACE('',(#794),#795,.F.);
#182=ADVANCED_FACE('',(#796),#797,.F.);
#183=ADVANCED_FACE('',(#798),#799,.F.);
#184=ADVANCED_FACE('',(#800),#801,.F.);
#185=ADVANCED_FACE('',(#802),#803,.F.);
#186=ADVANCED_FACE('',(#804),#805,.F.);
#187=ADVANCED_FACE('',(#806),#807,.F.);
#188=ADVANCED_FACE('',(#808),#809,.F.);
#189=ADVANCED_FACE('',(#810),#811,.F.);
#190=ADVANCED_FACE('',(#812),#813,.F.);
#191=ADVANCED_FACE('',(#814),#815,.F.);
#192=ADVANCED_FACE('',(#816),#817,.F.);
#193=ADVANCED_FACE('',(#818),#819,.F.);
#194=ADVANCED_FACE('',(#820),#821,.F.);
#195=ADVANCED_FACE('',(#822),#823,.T.);
#196=ADVANCED_FACE('',(#824),#825,.F.);
#197=ADVANCED_FACE('',(#826),#827,.F.);
#198=ADVANCED_FACE('',(#828),#829,.F.);
#199=ADVANCED_FACE('',(#830),#831,.F.);
#200=ADVANCED_FACE('',(#832),#833,.T.);
#201=ADVANCED_FACE('',(#834),#835,.T.);
#202=ADVANCED_FACE('',(#836),#837,.T.);
#203=ADVANCED_FACE('',(#838,#839,#840,#841,#842),#843,.T.);
#204=ADVANCED_FACE('',(#844,#845,#846,#847,#848),#849,.T.);
#205=ADVANCED_FACE('',(#850),#851,.F.);
#206=ADVANCED_FACE('',(#852),#853,.F.);
#207=ADVANCED_FACE('',(#854),#855,.F.);
#208=ADVANCED_FACE('',(#856),#857,.F.);
#209=ADVANCED_FACE('',(#858),#859,.T.);
#210=ADVANCED_FACE('',(#860),#861,.T.);
#211=ADVANCED_FACE('',(#862),#863,.T.);
#212=ADVANCED_FACE('',(#864),#865,.T.);
#213=ADVANCED_FACE('',(#866),#867,.T.);
#214=ADVANCED_FACE('',(#868),#869,.T.);
#215=ADVANCED_FACE('',(#870),#871,.T.);
#216=ADVANCED_FACE('',(#872),#873,.T.);
#217=ADVANCED_FACE('',(#874),#875,.T.);
#218=ADVANCED_FACE('',(#876),#877,.T.);
#219=ADVANCED_FACE('',(#878),#879,.T.);
#220=ADVANCED_FACE('',(#880),#881,.T.);
#221=ADVANCED_FACE('',(#882),#883,.T.);
#222=ADVANCED_FACE('',(#884),#885,.T.);
#223=ADVANCED_FACE('',(#886),#887,.T.);
#224=ADVANCED_FACE('',(#888),#889,.T.);
#225=ADVANCED_FACE('',(#890),#891,.F.);
#226=ADVANCED_FACE('',(#892),#893,.T.);
#227=ADVANCED_FACE('',(#894),#895,.T.);
#228=ADVANCED_FACE('',(#896),#897,.T.);
#229=ADVANCED_FACE('',(#898),#899,.F.);
#230=ADVANCED_FACE('',(#900),#901,.T.);
#231=ADVANCED_FACE('',(#902),#903,.F.);
#232=ADVANCED_FACE('',(#904),#905,.F.);
#233=ADVANCED_FACE('',(#906),#907,.F.);
#234=ADVANCED_FACE('',(#908),#909,.F.);
#235=ADVANCED_FACE('',(#910),#911,.T.);
#236=ADVANCED_FACE('',(#912),#913,.T.);
#237=ADVANCED_FACE('',(#914),#915,.T.);
#238=ADVANCED_FACE('',(#916),#917,.T.);
#239=ADVANCED_FACE('',(#918),#919,.T.);
#240=ADVANCED_FACE('',(#920),#921,.T.);
#241=ADVANCED_FACE('',(#922),#923,.T.);
#242=ADVANCED_FACE('',(#924),#925,.T.);
#243=ADVANCED_FACE('',(#926),#927,.T.);
#244=ADVANCED_FACE('',(#928),#929,.T.);
#245=ADVANCED_FACE('',(#930),#931,.T.);
#246=ADVANCED_FACE('',(#932),#933,.T.);
#247=ADVANCED_FACE('',(#934),#935,.T.);
#248=ADVANCED_FACE('',(#936),#937,.T.);
#249=ADVANCED_FACE('',(#938),#939,.T.);
#250=ADVANCED_FACE('',(#940),#941,.T.);
#251=ADVANCED_FACE('',(#942),#943,.F.);
#252=ADVANCED_FACE('',(#944),#945,.T.);
#253=ADVANCED_FACE('',(#946),#947,.T.);
#254=ADVANCED_FACE('',(#948),#949,.T.);
#255=ADVANCED_FACE('',(#950),#951,.F.);
#256=ADVANCED_FACE('',(#952),#953,.T.);
#257=ADVANCED_FACE('',(#954),#955,.T.);
#258=ADVANCED_FACE('',(#956),#957,.T.);
#259=ADVANCED_FACE('',(#958),#959,.T.);
#260=ADVANCED_FACE('',(#960),#961,.F.);
#261=ADVANCED_FACE('',(#962),#963,.T.);
#262=ADVANCED_FACE('',(#964),#965,.T.);
#263=ADVANCED_FACE('',(#966),#967,.T.);
#264=ADVANCED_FACE('',(#968),#969,.T.);
#265=ADVANCED_FACE('',(#970),#971,.T.);
#266=ADVANCED_FACE('',(#972),#973,.T.);
#267=ADVANCED_FACE('',(#974),#975,.T.);
#268=ADVANCED_FACE('',(#976),#977,.T.);
#269=ADVANCED_FACE('',(#978),#979,.T.);
#270=ADVANCED_FACE('',(#980),#981,.T.);
#271=ADVANCED_FACE('',(#982),#983,.T.);
#272=ADVANCED_FACE('',(#984),#985,.T.);
#273=ADVANCED_FACE('',(#986),#987,.T.);
#274=ADVANCED_FACE('',(#988),#989,.T.);
#275=ADVANCED_FACE('',(#990),#991,.T.);
#276=ADVANCED_FACE('',(#992),#993,.T.);
#277=ADVANCED_FACE('',(#994),#995,.T.);
#278=ADVANCED_FACE('',(#996),#997,.T.);
#279=ADVANCED_FACE('',(#998),#999,.T.);
#280=ADVANCED_FACE('',(#1000),#1001,.F.);
#281=ADVANCED_FACE('',(#1002),#1003,.F.);
#282=ADVANCED_FACE('',(#1004),#1005,.T.);
#283=ADVANCED_FACE('',(#1006),#1007,.T.);
#284=ADVANCED_FACE('',(#1008),#1009,.F.);
#285=ADVANCED_FACE('',(#1010,#1011),#1012,.T.);
#286=ADVANCED_FACE('',(#1013,#1014,#1015),#1016,.T.);
#287=ADVANCED_FACE('',(#1017),#1018,.T.);
#288=ADVANCED_FACE('',(#1019),#1020,.T.);
#289=ADVANCED_FACE('',(#1021),#1022,.T.);
#290=ADVANCED_FACE('',(#1023),#1024,.T.);
#291=ADVANCED_FACE('',(#1025,#1026,#1027),#1028,.T.);
#292=ADVANCED_FACE('',(#1029),#1030,.F.);
#293=ADVANCED_FACE('',(#1031),#1032,.F.);
#294=ADVANCED_FACE('',(#1033),#1034,.T.);
#295=ADVANCED_FACE('',(#1035),#1036,.F.);
#296=ADVANCED_FACE('',(#1037),#1038,.T.);
#297=ADVANCED_FACE('',(#1039),#1040,.T.);
#298=ADVANCED_FACE('',(#1041),#1042,.T.);
#299=ADVANCED_FACE('',(#1043),#1044,.T.);
#300=ADVANCED_FACE('',(#1045),#1046,.F.);
#301=ADVANCED_FACE('',(#1047,#1048,#1049,#1050,#1051),#1052,.T.);
#302=ADVANCED_FACE('',(#1053),#1054,.T.);
#303=ADVANCED_FACE('',(#1055),#1056,.F.);
#304=ADVANCED_FACE('',(#1057),#1058,.F.);
#305=ADVANCED_FACE('',(#1059),#1060,.F.);
#306=ADVANCED_FACE('',(#1061),#1062,.F.);
#307=ADVANCED_FACE('',(#1063),#1064,.F.);
#308=ADVANCED_FACE('',(#1065),#1066,.F.);
#309=ADVANCED_FACE('',(#1067),#1068,.F.);
#310=ADVANCED_FACE('',(#1069),#1070,.T.);
#311=ADVANCED_FACE('',(#1071,#1072),#1073,.T.);
#312=ADVANCED_FACE('',(#1074),#1075,.T.);
#313=ADVANCED_FACE('',(#1076),#1077,.T.);
#314=ADVANCED_FACE('',(#1078),#1079,.F.);
#315=ADVANCED_FACE('',(#1080),#1081,.F.);
#316=ADVANCED_FACE('',(#1082),#1083,.F.);
#317=ADVANCED_FACE('',(#1084),#1085,.F.);
#318=ADVANCED_FACE('',(#1086),#1087,.F.);
#319=ADVANCED_FACE('',(#1088),#1089,.F.);
#320=ADVANCED_FACE('',(#1090),#1091,.F.);
#321=ADVANCED_FACE('',(#1092),#1093,.F.);
#322=ADVANCED_FACE('',(#1094),#1095,.F.);
#323=ADVANCED_FACE('',(#1096),#1097,.F.);
#324=ADVANCED_FACE('',(#1098),#1099,.F.);
#325=ADVANCED_FACE('',(#1100),#1101,.F.);
#326=ADVANCED_FACE('',(#1102),#1103,.F.);
#327=ADVANCED_FACE('',(#1104),#1105,.F.);
#328=ADVANCED_FACE('',(#1106),#1107,.F.);
#329=ADVANCED_FACE('',(#1108),#1109,.F.);
#330=ADVANCED_FACE('',(#1110),#1111,.F.);
#331=ADVANCED_FACE('',(#1112),#1113,.F.);
#332=ADVANCED_FACE('',(#1114),#1115,.F.);
#333=ADVANCED_FACE('',(#1116),#1117,.F.);
#334=ADVANCED_FACE('',(#1118),#1119,.F.);
#335=ADVANCED_FACE('',(#1120),#1121,.F.);
#336=ADVANCED_FACE('',(#1122),#1123,.F.);
#337=ADVANCED_FACE('',(#1124),#1125,.F.);
#338=ADVANCED_FACE('',(#1126),#1127,.F.);
#339=ADVANCED_FACE('',(#1128),#1129,.F.);
#340=ADVANCED_FACE('',(#1130),#1131,.F.);
#341=ADVANCED_FACE('',(#1132),#1133,.F.);
#342=ADVANCED_FACE('',(#1134),#1135,.F.);
#343=ADVANCED_FACE('',(#1136),#1137,.F.);
#344=ADVANCED_FACE('',(#1138),#1139,.F.);
#345=ADVANCED_FACE('',(#1140),#1141,.F.);
#346=ADVANCED_FACE('',(#1142),#1143,.F.);
#347=ADVANCED_FACE('',(#1144),#1145,.F.);
#348=ADVANCED_FACE('',(#1146),#1147,.F.);
#349=ADVANCED_FACE('',(#1148),#1149,.F.);
#350=ADVANCED_FACE('',(#1150),#1151,.F.);
#351=ADVANCED_FACE('',(#1152),#1153,.F.);
#352=ADVANCED_FACE('',(#1154),#1155,.F.);
#353=ADVANCED_FACE('',(#1156),#1157,.F.);
#354=ADVANCED_FACE('',(#1158),#1159,.F.);
#355=ADVANCED_FACE('',(#1160),#1161,.F.);
#356=ADVANCED_FACE('',(#1162),#1163,.F.);
#357=ADVANCED_FACE('',(#1164),#1165,.F.);
#358=ADVANCED_FACE('',(#1166),#1167,.F.);
#359=ADVANCED_FACE('',(#1168),#1169,.F.);
#360=ADVANCED_FACE('',(#1170),#1171,.F.);
#361=ADVANCED_FACE('',(#1172),#1173,.F.);
#362=ADVANCED_FACE('',(#1174),#1175,.F.);
#363=ADVANCED_FACE('',(#1176),#1177,.F.);
#364=ADVANCED_FACE('',(#1178),#1179,.F.);
#365=ADVANCED_FACE('',(#1180),#1181,.F.);
#366=ADVANCED_FACE('',(#1182),#1183,.F.);
#367=ADVANCED_FACE('',(#1184),#1185,.F.);
#368=ADVANCED_FACE('',(#1186),#1187,.F.);
#369=ADVANCED_FACE('',(#1188),#1189,.F.);
#370=ADVANCED_FACE('',(#1190),#1191,.F.);
#371=ADVANCED_FACE('',(#1192),#1193,.F.);
#372=ADVANCED_FACE('',(#1194),#1195,.F.);
#373=ADVANCED_FACE('',(#1196),#1197,.F.);
#374=ADVANCED_FACE('',(#1198),#1199,.F.);
#375=ADVANCED_FACE('',(#1200),#1201,.F.);
#376=ADVANCED_FACE('',(#1202),#1203,.F.);
#377=ADVANCED_FACE('',(#1204),#1205,.F.);
#378=ADVANCED_FACE('',(#1206),#1207,.F.);
#379=ADVANCED_FACE('',(#1208),#1209,.F.);
#380=ADVANCED_FACE('',(#1210),#1211,.F.);
#381=ADVANCED_FACE('',(#1212),#1213,.F.);
#382=ADVANCED_FACE('',(#1214),#1215,.F.);
#383=ADVANCED_FACE('',(#1216),#1217,.F.);
#384=ADVANCED_FACE('',(#1218),#1219,.F.);
#385=ADVANCED_FACE('',(#1220),#1221,.F.);
#386=ADVANCED_FACE('',(#1222),#1223,.F.);
#387=ADVANCED_FACE('',(#1224),#1225,.F.);
#388=ADVANCED_FACE('',(#1226),#1227,.F.);
#389=ADVANCED_FACE('',(#1228),#1229,.F.);
#390=ADVANCED_FACE('',(#1230),#1231,.F.);
#391=ADVANCED_FACE('',(#1232),#1233,.F.);
#392=ADVANCED_FACE('',(#1234),#1235,.F.);
#393=ADVANCED_FACE('',(#1236),#1237,.F.);
#394=ADVANCED_FACE('',(#1238),#1239,.F.);
#395=ADVANCED_FACE('',(#1240),#1241,.F.);
#396=ADVANCED_FACE('',(#1242),#1243,.F.);
#397=ADVANCED_FACE('',(#1244),#1245,.F.);
#398=ADVANCED_FACE('',(#1246),#1247,.F.);
#399=ADVANCED_FACE('',(#1248),#1249,.F.);
#400=ADVANCED_FACE('',(#1250),#1251,.F.);
#401=ADVANCED_FACE('',(#1252),#1253,.F.);
#402=ADVANCED_FACE('',(#1254),#1255,.F.);
#403=ADVANCED_FACE('',(#1256),#1257,.F.);
#404=ADVANCED_FACE('',(#1258),#1259,.F.);
#405=ADVANCED_FACE('',(#1260),#1261,.F.);
#406=ADVANCED_FACE('',(#1262),#1263,.F.);
#407=ADVANCED_FACE('',(#1264),#1265,.F.);
#408=ADVANCED_FACE('',(#1266),#1267,.F.);
#409=ADVANCED_FACE('',(#1268),#1269,.F.);
#410=ADVANCED_FACE('',(#1270),#1271,.F.);
#411=ADVANCED_FACE('',(#1272),#1273,.F.);
#412=ADVANCED_FACE('',(#1274),#1275,.F.);
#413=ADVANCED_FACE('',(#1276),#1277,.T.);
#414=ADVANCED_FACE('',(#1278),#1279,.F.);
#415=ADVANCED_FACE('',(#1280),#1281,.F.);
#416=ADVANCED_FACE('',(#1282),#1283,.T.);
#417=ADVANCED_FACE('',(#1284),#1285,.T.);
#418=ADVANCED_FACE('',(#1286),#1287,.T.);
#419=ADVANCED_FACE('',(#1288),#1289,.T.);
#420=ADVANCED_FACE('',(#1290),#1291,.T.);
#421=ADVANCED_FACE('',(#1292),#1293,.T.);
#422=ADVANCED_FACE('',(#1294),#1295,.F.);
#423=ADVANCED_FACE('',(#1296),#1297,.F.);
#424=ADVANCED_FACE('',(#1298),#1299,.T.);
#425=ADVANCED_FACE('',(#1300),#1301,.T.);
#426=ADVANCED_FACE('',(#1302),#1303,.T.);
#427=ADVANCED_FACE('',(#1304),#1305,.T.);
#428=ADVANCED_FACE('',(#1306),#1307,.T.);
#429=ADVANCED_FACE('',(#1308),#1309,.T.);
#430=ADVANCED_FACE('',(#1310),#1311,.F.);
#431=ADVANCED_FACE('',(#1312),#1313,.F.);
#432=ADVANCED_FACE('',(#1314),#1315,.F.);
#433=ADVANCED_FACE('',(#1316),#1317,.F.);
#434=ADVANCED_FACE('',(#1318),#1319,.F.);
#435=ADVANCED_FACE('',(#1320),#1321,.F.);
#436=ADVANCED_FACE('',(#1322),#1323,.F.);
#437=ADVANCED_FACE('',(#1324),#1325,.F.);
#438=ADVANCED_FACE('',(#1326),#1327,.T.);
#439=ADVANCED_FACE('',(#1328),#1329,.F.);
#440=ADVANCED_FACE('',(#1330),#1331,.F.);
#441=ADVANCED_FACE('',(#1332),#1333,.F.);
#442=ADVANCED_FACE('',(#1334),#1335,.F.);
#443=ADVANCED_FACE('',(#1336),#1337,.F.);
#444=ADVANCED_FACE('',(#1338),#1339,.F.);
#445=ADVANCED_FACE('',(#1340),#1341,.F.);
#446=ADVANCED_FACE('',(#1342),#1343,.F.);
#447=ADVANCED_FACE('',(#1344),#1345,.F.);
#448=ADVANCED_FACE('',(#1346),#1347,.F.);
#449=ADVANCED_FACE('',(#1348),#1349,.F.);
#450=ADVANCED_FACE('',(#1350),#1351,.F.);
#451=ADVANCED_FACE('',(#1352),#1353,.F.);
#452=ADVANCED_FACE('',(#1354),#1355,.F.);
#453=ADVANCED_FACE('',(#1356,#1357,#1358),#1359,.F.);
#454=ADVANCED_FACE('',(#1360),#1361,.F.);
#455=ADVANCED_FACE('',(#1362),#1363,.F.);
#456=ADVANCED_FACE('',(#1364),#1365,.F.);
#457=ADVANCED_FACE('',(#1366),#1367,.F.);
#458=ADVANCED_FACE('',(#1368),#1369,.F.);
#459=ADVANCED_FACE('',(#1370),#1371,.T.);
#460=ADVANCED_FACE('',(#1372),#1373,.T.);
#461=ADVANCED_FACE('',(#1374),#1375,.F.);
#462=ADVANCED_FACE('',(#1376),#1377,.T.);
#463=ADVANCED_FACE('',(#1378),#1379,.T.);
#464=ADVANCED_FACE('',(#1380),#1381,.T.);
#465=ADVANCED_FACE('',(#1382),#1383,.T.);
#466=ADVANCED_FACE('',(#1384),#1385,.T.);
#467=ADVANCED_FACE('',(#1386),#1387,.F.);
#468=ADVANCED_FACE('',(#1388),#1389,.T.);
#469=ADVANCED_FACE('',(#1390),#1391,.T.);
#470=ADVANCED_FACE('',(#1392),#1393,.T.);
#471=ADVANCED_FACE('',(#1394),#1395,.F.);
#472=ADVANCED_FACE('',(#1396),#1397,.F.);
#473=ADVANCED_FACE('',(#1398),#1399,.F.);
#474=ADVANCED_FACE('',(#1400),#1401,.F.);
#475=ADVANCED_FACE('',(#1402),#1403,.F.);
#476=ADVANCED_FACE('',(#1404),#1405,.F.);
#477=ADVANCED_FACE('',(#1406),#1407,.F.);
#478=ADVANCED_FACE('',(#1408),#1409,.F.);
#479=ADVANCED_FACE('',(#1410),#1411,.F.);
#480=ADVANCED_FACE('',(#1412),#1413,.T.);
#481=ADVANCED_FACE('',(#1414),#1415,.T.);
#482=ADVANCED_FACE('',(#1416),#1417,.T.);
#483=ADVANCED_FACE('',(#1418),#1419,.F.);
#484=ADVANCED_FACE('',(#1420),#1421,.F.);
#485=ADVANCED_FACE('',(#1422),#1423,.T.);
#486=ADVANCED_FACE('',(#1424),#1425,.T.);
#487=ADVANCED_FACE('',(#1426),#1427,.T.);
#488=ADVANCED_FACE('',(#1428),#1429,.F.);
#489=ADVANCED_FACE('',(#1430),#1431,.F.);
#490=ADVANCED_FACE('',(#1432),#1433,.T.);
#491=ADVANCED_FACE('',(#1434),#1435,.F.);
#492=ADVANCED_FACE('',(#1436),#1437,.T.);
#493=ADVANCED_FACE('',(#1438),#1439,.T.);
#494=ADVANCED_FACE('',(#1440),#1441,.T.);
#495=ADVANCED_FACE('',(#1442),#1443,.F.);
#496=ADVANCED_FACE('',(#1444),#1445,.T.);
#497=ADVANCED_FACE('',(#1446),#1447,.F.);
#498=ADVANCED_FACE('',(#1448),#1449,.F.);
#499=ADVANCED_FACE('',(#1450),#1451,.F.);
#500=ADVANCED_FACE('',(#1452),#1453,.F.);
#501=ADVANCED_FACE('',(#1454),#1455,.F.);
#502=ADVANCED_FACE('',(#1456),#1457,.F.);
#503=ADVANCED_FACE('',(#1458),#1459,.F.);
#504=ADVANCED_FACE('',(#1460),#1461,.F.);
#505=ADVANCED_FACE('',(#1462),#1463,.F.);
#506=ADVANCED_FACE('',(#1464),#1465,.F.);
#507=ADVANCED_FACE('',(#1466),#1467,.F.);
#508=ADVANCED_FACE('',(#1468),#1469,.F.);
#509=ADVANCED_FACE('',(#1470),#1471,.F.);
#510=ADVANCED_FACE('',(#1472),#1473,.F.);
#511=ADVANCED_FACE('',(#1474),#1475,.F.);
#512=ADVANCED_FACE('',(#1476),#1477,.F.);
#513=ADVANCED_FACE('',(#1478),#1479,.F.);
#514=ADVANCED_FACE('',(#1480),#1481,.F.);
#515=ADVANCED_FACE('',(#1482),#1483,.T.);
#516=ADVANCED_FACE('',(#1484),#1485,.T.);
#517=ADVANCED_FACE('',(#1486),#1487,.T.);
#518=ADVANCED_FACE('',(#1488),#1489,.F.);
#519=ADVANCED_FACE('',(#1490),#1491,.T.);
#520=ADVANCED_FACE('',(#1492),#1493,.T.);
#521=ADVANCED_FACE('',(#1494),#1495,.T.);
#522=ADVANCED_FACE('',(#1496),#1497,.T.);
#523=ADVANCED_FACE('',(#1498),#1499,.T.);
#524=ADVANCED_FACE('',(#1500),#1501,.F.);
#525=ADVANCED_FACE('',(#1502),#1503,.T.);
#526=ADVANCED_FACE('',(#1504),#1505,.T.);
#527=ADVANCED_FACE('',(#1506),#1507,.T.);
#528=ADVANCED_FACE('',(#1508),#1509,.T.);
#529=ADVANCED_FACE('',(#1510),#1511,.F.);
#530=ADVANCED_FACE('',(#1512),#1513,.T.);
#531=ADVANCED_FACE('',(#1514),#1515,.F.);
#532=ADVANCED_FACE('',(#1516),#1517,.F.);
#533=ADVANCED_FACE('',(#1518),#1519,.T.);
#534=ADVANCED_FACE('',(#1520),#1521,.T.);
#535=ADVANCED_FACE('',(#1522),#1523,.T.);
#536=ADVANCED_FACE('',(#1524),#1525,.T.);
#537=ADVANCED_FACE('',(#1526),#1527,.T.);
#538=ADVANCED_FACE('',(#1528),#1529,.F.);
#539=ADVANCED_FACE('',(#1530),#1531,.T.);
#540=ADVANCED_FACE('',(#1532),#1533,.F.);
#541=ADVANCED_FACE('',(#1534),#1535,.T.);
#542=ADVANCED_FACE('',(#1536),#1537,.T.);
#543=ADVANCED_FACE('',(#1538),#1539,.T.);
#544=ADVANCED_FACE('',(#1540),#1541,.T.);
#545=ADVANCED_FACE('',(#1542),#1543,.T.);
#546=ADVANCED_FACE('',(#1544),#1545,.T.);
#547=ADVANCED_FACE('',(#1546),#1547,.T.);
#548=ADVANCED_FACE('',(#1548),#1549,.T.);
#549=ADVANCED_FACE('',(#1550),#1551,.T.);
#550=ADVANCED_FACE('',(#1552),#1553,.T.);
#551=ADVANCED_FACE('',(#1554),#1555,.T.);
#552=ADVANCED_FACE('',(#1556),#1557,.T.);
#553=ADVANCED_FACE('',(#1558),#1559,.T.);
#554=ADVANCED_FACE('',(#1560),#1561,.T.);
#555=ADVANCED_FACE('',(#1562),#1563,.F.);
#556=ADVANCED_FACE('',(#1564),#1565,.F.);
#557=ADVANCED_FACE('',(#1566),#1567,.T.);
#558=ADVANCED_FACE('',(#1568),#1569,.T.);
#559=ADVANCED_FACE('',(#1570),#1571,.T.);
#560=ADVANCED_FACE('',(#1572),#1573,.T.);
#561=ADVANCED_FACE('',(#1574),#1575,.T.);
#562=ADVANCED_FACE('',(#1576),#1577,.F.);
#563=ADVANCED_FACE('',(#1578),#1579,.T.);
#564=ADVANCED_FACE('',(#1580),#1581,.T.);
#566=FACE_OUTER_BOUND('',#1582,.T.);
#567=CYLINDRICAL_SURFACE('',#1583,0.112);
#568=FACE_OUTER_BOUND('',#1584,.T.);
#569=CYLINDRICAL_SURFACE('',#1585,0.43);
#570=FACE_OUTER_BOUND('',#1586,.T.);
#571=CYLINDRICAL_SURFACE('',#1587,0.112);
#572=FACE_OUTER_BOUND('',#1588,.T.);
#573=CYLINDRICAL_SURFACE('',#1589,0.43);
#574=FACE_OUTER_BOUND('',#1590,.T.);
#575=CYLINDRICAL_SURFACE('',#1591,0.82);
#576=FACE_OUTER_BOUND('',#1592,.T.);
#577=CYLINDRICAL_SURFACE('',#1593,0.502);
#578=FACE_OUTER_BOUND('',#1594,.T.);
#579=CYLINDRICAL_SURFACE('',#1595,0.25);
#580=FACE_OUTER_BOUND('',#1596,.T.);
#581=CYLINDRICAL_SURFACE('',#1597,0.25);
#582=FACE_OUTER_BOUND('',#1598,.T.);
#583=CYLINDRICAL_SURFACE('',#1599,0.25);
#584=FACE_OUTER_BOUND('',#1600,.T.);
#585=CYLINDRICAL_SURFACE('',#1601,0.25);
#586=FACE_OUTER_BOUND('',#1602,.T.);
#587=CYLINDRICAL_SURFACE('',#1603,0.25);
#588=FACE_OUTER_BOUND('',#1604,.T.);
#589=CYLINDRICAL_SURFACE('',#1605,0.25);
#590=FACE_OUTER_BOUND('',#1606,.T.);
#591=CYLINDRICAL_SURFACE('',#1607,0.82);
#592=FACE_OUTER_BOUND('',#1608,.T.);
#593=CYLINDRICAL_SURFACE('',#1609,0.502);
#594=FACE_OUTER_BOUND('',#1610,.T.);
#595=CYLINDRICAL_SURFACE('',#1611,0.115);
#596=FACE_OUTER_BOUND('',#1612,.T.);
#597=CYLINDRICAL_SURFACE('',#1613,0.115);
#598=FACE_OUTER_BOUND('',#1614,.T.);
#599=PLANE('',#1615);
#600=FACE_OUTER_BOUND('',#1616,.T.);
#601=PLANE('',#1617);
#602=FACE_OUTER_BOUND('',#1618,.T.);
#603=PLANE('',#1619);
#604=FACE_OUTER_BOUND('',#1620,.T.);
#605=CYLINDRICAL_SURFACE('',#1621,0.25);
#606=FACE_OUTER_BOUND('',#1622,.T.);
#607=FACE_BOUND('',#1623,.T.);
#608=FACE_BOUND('',#1624,.T.);
#609=PLANE('',#1625);
#610=FACE_OUTER_BOUND('',#1626,.T.);
#611=PLANE('',#1627);
#612=FACE_OUTER_BOUND('',#1628,.T.);
#613=PLANE('',#1629);
#614=FACE_OUTER_BOUND('',#1630,.T.);
#615=CYLINDRICAL_SURFACE('',#1631,0.13);
#616=FACE_OUTER_BOUND('',#1632,.T.);
#617=CYLINDRICAL_SURFACE('',#1633,0.13);
#618=FACE_OUTER_BOUND('',#1634,.T.);
#619=PLANE('',#1635);
#620=FACE_OUTER_BOUND('',#1636,.T.);
#621=PLANE('',#1637);
#622=FACE_OUTER_BOUND('',#1638,.T.);
#623=CYLINDRICAL_SURFACE('',#1639,0.13);
#624=FACE_OUTER_BOUND('',#1640,.T.);
#625=CYLINDRICAL_SURFACE('',#1641,0.13);
#626=FACE_OUTER_BOUND('',#1642,.T.);
#627=PLANE('',#1643);
#628=FACE_OUTER_BOUND('',#1644,.T.);
#629=PLANE('',#1645);
#630=FACE_OUTER_BOUND('',#1646,.T.);
#631=CYLINDRICAL_SURFACE('',#1647,0.13);
#632=FACE_OUTER_BOUND('',#1648,.T.);
#633=CYLINDRICAL_SURFACE('',#1649,0.13);
#634=FACE_OUTER_BOUND('',#1650,.T.);
#635=PLANE('',#1651);
#636=FACE_OUTER_BOUND('',#1652,.T.);
#637=PLANE('',#1653);
#638=FACE_OUTER_BOUND('',#1654,.T.);
#639=CYLINDRICAL_SURFACE('',#1655,0.13);
#640=FACE_OUTER_BOUND('',#1656,.T.);
#641=CYLINDRICAL_SURFACE('',#1657,0.13);
#642=FACE_OUTER_BOUND('',#1658,.T.);
#643=FACE_BOUND('',#1659,.T.);
#644=FACE_BOUND('',#1660,.T.);
#645=PLANE('',#1661);
#646=FACE_OUTER_BOUND('',#1662,.T.);
#647=CYLINDRICAL_SURFACE('',#1663,0.13);
#648=FACE_OUTER_BOUND('',#1664,.T.);
#649=CYLINDRICAL_SURFACE('',#1665,0.13);
#650=FACE_OUTER_BOUND('',#1666,.T.);
#651=PLANE('',#1667);
#652=FACE_OUTER_BOUND('',#1668,.T.);
#653=PLANE('',#1669);
#654=FACE_OUTER_BOUND('',#1670,.T.);
#655=CYLINDRICAL_SURFACE('',#1671,0.13);
#656=FACE_OUTER_BOUND('',#1672,.T.);
#657=CYLINDRICAL_SURFACE('',#1673,0.13);
#658=FACE_OUTER_BOUND('',#1674,.T.);
#659=PLANE('',#1675);
#660=FACE_OUTER_BOUND('',#1676,.T.);
#661=PLANE('',#1677);
#662=FACE_OUTER_BOUND('',#1678,.T.);
#663=CYLINDRICAL_SURFACE('',#1679,0.13);
#664=FACE_OUTER_BOUND('',#1680,.T.);
#665=CYLINDRICAL_SURFACE('',#1681,0.13);
#666=FACE_OUTER_BOUND('',#1682,.T.);
#667=PLANE('',#1683);
#668=FACE_OUTER_BOUND('',#1684,.T.);
#669=PLANE('',#1685);
#670=FACE_OUTER_BOUND('',#1686,.T.);
#671=CYLINDRICAL_SURFACE('',#1687,0.13);
#672=FACE_OUTER_BOUND('',#1688,.T.);
#673=CYLINDRICAL_SURFACE('',#1689,0.13);
#674=FACE_OUTER_BOUND('',#1690,.T.);
#675=PLANE('',#1691);
#676=FACE_OUTER_BOUND('',#1692,.T.);
#677=PLANE('',#1693);
#678=FACE_OUTER_BOUND('',#1694,.T.);
#679=FACE_BOUND('',#1695,.T.);
#680=FACE_BOUND('',#1696,.T.);
#681=PLANE('',#1697);
#682=FACE_OUTER_BOUND('',#1698,.T.);
#683=CYLINDRICAL_SURFACE('',#1699,0.25);
#684=FACE_OUTER_BOUND('',#1700,.T.);
#685=PLANE('',#1701);
#686=FACE_OUTER_BOUND('',#1702,.T.);
#687=PLANE('',#1703);
#688=FACE_OUTER_BOUND('',#1704,.T.);
#689=CYLINDRICAL_SURFACE('',#1705,0.25);
#690=FACE_OUTER_BOUND('',#1706,.T.);
#691=PLANE('',#1707);
#692=FACE_OUTER_BOUND('',#1708,.T.);
#693=CYLINDRICAL_SURFACE('',#1709,0.25);
#694=FACE_OUTER_BOUND('',#1710,.T.);
#695=CYLINDRICAL_SURFACE('',#1711,1.27);
#696=FACE_OUTER_BOUND('',#1712,.T.);
#697=PLANE('',#1713);
#698=FACE_OUTER_BOUND('',#1714,.T.);
#699=CYLINDRICAL_SURFACE('',#1715,0.25);
#700=FACE_OUTER_BOUND('',#1716,.T.);
#701=CYLINDRICAL_SURFACE('',#1717,0.25);
#702=FACE_OUTER_BOUND('',#1718,.T.);
#703=PLANE('',#1719);
#704=FACE_OUTER_BOUND('',#1720,.T.);
#705=PLANE('',#1721);
#706=FACE_OUTER_BOUND('',#1722,.T.);
#707=PLANE('',#1723);
#708=FACE_OUTER_BOUND('',#1724,.T.);
#709=FACE_BOUND('',#1725,.T.);
#710=FACE_BOUND('',#1726,.T.);
#711=FACE_BOUND('',#1727,.T.);
#712=FACE_BOUND('',#1728,.T.);
#713=FACE_BOUND('',#1729,.T.);
#714=FACE_BOUND('',#1730,.T.);
#715=PLANE('',#1731);
#716=FACE_OUTER_BOUND('',#1732,.T.);
#717=PLANE('',#1733);
#718=FACE_OUTER_BOUND('',#1734,.T.);
#719=CYLINDRICAL_SURFACE('',#1735,0.13);
#720=FACE_OUTER_BOUND('',#1736,.T.);
#721=PLANE('',#1737);
#722=FACE_OUTER_BOUND('',#1738,.T.);
#723=CYLINDRICAL_SURFACE('',#1739,0.13);
#724=FACE_OUTER_BOUND('',#1740,.T.);
#725=PLANE('',#1741);
#726=FACE_OUTER_BOUND('',#1742,.T.);
#727=PLANE('',#1743);
#728=FACE_OUTER_BOUND('',#1744,.T.);
#729=PLANE('',#1745);
#730=FACE_OUTER_BOUND('',#1746,.T.);
#731=PLANE('',#1747);
#732=FACE_OUTER_BOUND('',#1748,.T.);
#733=PLANE('',#1749);
#734=FACE_OUTER_BOUND('',#1750,.T.);
#735=CYLINDRICAL_SURFACE('',#1751,0.13);
#736=FACE_OUTER_BOUND('',#1752,.T.);
#737=PLANE('',#1753);
#738=FACE_OUTER_BOUND('',#1754,.T.);
#739=CYLINDRICAL_SURFACE('',#1755,0.13);
#740=FACE_OUTER_BOUND('',#1756,.T.);
#741=PLANE('',#1757);
#742=FACE_OUTER_BOUND('',#1758,.T.);
#743=PLANE('',#1759);
#744=FACE_OUTER_BOUND('',#1760,.T.);
#745=FACE_BOUND('',#1761,.T.);
#746=FACE_BOUND('',#1762,.T.);
#747=PLANE('',#1763);
#748=FACE_OUTER_BOUND('',#1764,.T.);
#749=PLANE('',#1765);
#750=FACE_OUTER_BOUND('',#1766,.T.);
#751=PLANE('',#1767);
#752=FACE_OUTER_BOUND('',#1768,.T.);
#753=FACE_BOUND('',#1769,.T.);
#754=FACE_BOUND('',#1770,.T.);
#755=PLANE('',#1771);
#756=FACE_OUTER_BOUND('',#1772,.T.);
#757=PLANE('',#1773);
#758=FACE_OUTER_BOUND('',#1774,.T.);
#759=PLANE('',#1775);
#760=FACE_OUTER_BOUND('',#1776,.T.);
#761=PLANE('',#1777);
#762=FACE_OUTER_BOUND('',#1778,.T.);
#763=PLANE('',#1779);
#764=FACE_OUTER_BOUND('',#1780,.T.);
#765=PLANE('',#1781);
#766=FACE_OUTER_BOUND('',#1782,.T.);
#767=PLANE('',#1783);
#768=FACE_OUTER_BOUND('',#1784,.T.);
#769=PLANE('',#1785);
#770=FACE_OUTER_BOUND('',#1786,.T.);
#771=PLANE('',#1787);
#772=FACE_OUTER_BOUND('',#1788,.T.);
#773=PLANE('',#1789);
#774=FACE_OUTER_BOUND('',#1790,.T.);
#775=PLANE('',#1791);
#776=FACE_OUTER_BOUND('',#1792,.T.);
#777=PLANE('',#1793);
#778=FACE_OUTER_BOUND('',#1794,.T.);
#779=PLANE('',#1795);
#780=FACE_OUTER_BOUND('',#1796,.T.);
#781=PLANE('',#1797);
#782=FACE_OUTER_BOUND('',#1798,.T.);
#783=PLANE('',#1799);
#784=FACE_OUTER_BOUND('',#1800,.T.);
#785=PLANE('',#1801);
#786=FACE_OUTER_BOUND('',#1802,.T.);
#787=PLANE('',#1803);
#788=FACE_OUTER_BOUND('',#1804,.T.);
#789=PLANE('',#1805);
#790=FACE_OUTER_BOUND('',#1806,.T.);
#791=PLANE('',#1807);
#792=FACE_OUTER_BOUND('',#1808,.T.);
#793=PLANE('',#1809);
#794=FACE_OUTER_BOUND('',#1810,.T.);
#795=PLANE('',#1811);
#796=FACE_OUTER_BOUND('',#1812,.T.);
#797=CYLINDRICAL_SURFACE('',#1813,0.25);
#798=FACE_OUTER_BOUND('',#1814,.T.);
#799=PLANE('',#1815);
#800=FACE_OUTER_BOUND('',#1816,.T.);
#801=PLANE('',#1817);
#802=FACE_OUTER_BOUND('',#1818,.T.);
#803=PLANE('',#1819);
#804=FACE_OUTER_BOUND('',#1820,.T.);
#805=PLANE('',#1821);
#806=FACE_OUTER_BOUND('',#1822,.T.);
#807=PLANE('',#1823);
#808=FACE_OUTER_BOUND('',#1824,.T.);
#809=CYLINDRICAL_SURFACE('',#1825,0.25);
#810=FACE_OUTER_BOUND('',#1826,.T.);
#811=CYLINDRICAL_SURFACE('',#1827,0.25);
#812=FACE_OUTER_BOUND('',#1828,.T.);
#813=PLANE('',#1829);
#814=FACE_OUTER_BOUND('',#1830,.T.);
#815=CYLINDRICAL_SURFACE('',#1831,0.25);
#816=FACE_OUTER_BOUND('',#1832,.T.);
#817=CYLINDRICAL_SURFACE('',#1833,0.25);
#818=FACE_OUTER_BOUND('',#1834,.T.);
#819=PLANE('',#1835);
#820=FACE_OUTER_BOUND('',#1836,.T.);
#821=CYLINDRICAL_SURFACE('',#1837,0.25);
#822=FACE_OUTER_BOUND('',#1838,.T.);
#823=PLANE('',#1839);
#824=FACE_OUTER_BOUND('',#1840,.T.);
#825=PLANE('',#1841);
#826=FACE_OUTER_BOUND('',#1842,.T.);
#827=PLANE('',#1843);
#828=FACE_OUTER_BOUND('',#1844,.T.);
#829=PLANE('',#1845);
#830=FACE_OUTER_BOUND('',#1846,.T.);
#831=CYLINDRICAL_SURFACE('',#1847,0.25);
#832=FACE_OUTER_BOUND('',#1848,.T.);
#833=PLANE('',#1849);
#834=FACE_OUTER_BOUND('',#1850,.T.);
#835=PLANE('',#1851);
#836=FACE_OUTER_BOUND('',#1852,.T.);
#837=PLANE('',#1853);
#838=FACE_OUTER_BOUND('',#1854,.T.);
#839=FACE_BOUND('',#1855,.T.);
#840=FACE_BOUND('',#1856,.T.);
#841=FACE_BOUND('',#1857,.T.);
#842=FACE_BOUND('',#1858,.T.);
#843=PLANE('',#1859);
#844=FACE_OUTER_BOUND('',#1860,.T.);
#845=FACE_BOUND('',#1861,.T.);
#846=FACE_BOUND('',#1862,.T.);
#847=FACE_BOUND('',#1863,.T.);
#848=FACE_BOUND('',#1864,.T.);
#849=PLANE('',#1865);
#850=FACE_OUTER_BOUND('',#1866,.T.);
#851=PLANE('',#1867);
#852=FACE_OUTER_BOUND('',#1868,.T.);
#853=PLANE('',#1869);
#854=FACE_OUTER_BOUND('',#1870,.T.);
#855=PLANE('',#1871);
#856=FACE_OUTER_BOUND('',#1872,.T.);
#857=PLANE('',#1873);
#858=FACE_OUTER_BOUND('',#1874,.T.);
#859=PLANE('',#1875);
#860=FACE_OUTER_BOUND('',#1876,.T.);
#861=PLANE('',#1877);
#862=FACE_OUTER_BOUND('',#1878,.T.);
#863=PLANE('',#1879);
#864=FACE_OUTER_BOUND('',#1880,.T.);
#865=PLANE('',#1881);
#866=FACE_OUTER_BOUND('',#1882,.T.);
#867=PLANE('',#1883);
#868=FACE_OUTER_BOUND('',#1884,.T.);
#869=PLANE('',#1885);
#870=FACE_OUTER_BOUND('',#1886,.T.);
#871=PLANE('',#1887);
#872=FACE_OUTER_BOUND('',#1888,.T.);
#873=PLANE('',#1889);
#874=FACE_OUTER_BOUND('',#1890,.T.);
#875=PLANE('',#1891);
#876=FACE_OUTER_BOUND('',#1892,.T.);
#877=CYLINDRICAL_SURFACE('',#1893,0.5);
#878=FACE_OUTER_BOUND('',#1894,.T.);
#879=PLANE('',#1895);
#880=FACE_OUTER_BOUND('',#1896,.T.);
#881=PLANE('',#1897);
#882=FACE_OUTER_BOUND('',#1898,.T.);
#883=PLANE('',#1899);
#884=FACE_OUTER_BOUND('',#1900,.T.);
#885=PLANE('',#1901);
#886=FACE_OUTER_BOUND('',#1902,.T.);
#887=PLANE('',#1903);
#888=FACE_OUTER_BOUND('',#1904,.T.);
#889=PLANE('',#1905);
#890=FACE_OUTER_BOUND('',#1906,.T.);
#891=CYLINDRICAL_SURFACE('',#1907,0.25);
#892=FACE_OUTER_BOUND('',#1908,.T.);
#893=PLANE('',#1909);
#894=FACE_OUTER_BOUND('',#1910,.T.);
#895=CYLINDRICAL_SURFACE('',#1911,0.5);
#896=FACE_OUTER_BOUND('',#1912,.T.);
#897=PLANE('',#1913);
#898=FACE_OUTER_BOUND('',#1914,.T.);
#899=CYLINDRICAL_SURFACE('',#1915,0.25);
#900=FACE_OUTER_BOUND('',#1916,.T.);
#901=PLANE('',#1917);
#902=FACE_OUTER_BOUND('',#1918,.T.);
#903=PLANE('',#1919);
#904=FACE_OUTER_BOUND('',#1920,.T.);
#905=PLANE('',#1921);
#906=FACE_OUTER_BOUND('',#1922,.T.);
#907=PLANE('',#1923);
#908=FACE_OUTER_BOUND('',#1924,.T.);
#909=PLANE('',#1925);
#910=FACE_OUTER_BOUND('',#1926,.T.);
#911=PLANE('',#1927);
#912=FACE_OUTER_BOUND('',#1928,.T.);
#913=PLANE('',#1929);
#914=FACE_OUTER_BOUND('',#1930,.T.);
#915=PLANE('',#1931);
#916=FACE_OUTER_BOUND('',#1932,.T.);
#917=PLANE('',#1933);
#918=FACE_OUTER_BOUND('',#1934,.T.);
#919=PLANE('',#1935);
#920=FACE_OUTER_BOUND('',#1936,.T.);
#921=PLANE('',#1937);
#922=FACE_OUTER_BOUND('',#1938,.T.);
#923=PLANE('',#1939);
#924=FACE_OUTER_BOUND('',#1940,.T.);
#925=PLANE('',#1941);
#926=FACE_OUTER_BOUND('',#1942,.T.);
#927=PLANE('',#1943);
#928=FACE_OUTER_BOUND('',#1944,.T.);
#929=CYLINDRICAL_SURFACE('',#1945,0.5);
#930=FACE_OUTER_BOUND('',#1946,.T.);
#931=PLANE('',#1947);
#932=FACE_OUTER_BOUND('',#1948,.T.);
#933=PLANE('',#1949);
#934=FACE_OUTER_BOUND('',#1950,.T.);
#935=PLANE('',#1951);
#936=FACE_OUTER_BOUND('',#1952,.T.);
#937=PLANE('',#1953);
#938=FACE_OUTER_BOUND('',#1954,.T.);
#939=PLANE('',#1955);
#940=FACE_OUTER_BOUND('',#1956,.T.);
#941=PLANE('',#1957);
#942=FACE_OUTER_BOUND('',#1958,.T.);
#943=CYLINDRICAL_SURFACE('',#1959,0.25);
#944=FACE_OUTER_BOUND('',#1960,.T.);
#945=PLANE('',#1961);
#946=FACE_OUTER_BOUND('',#1962,.T.);
#947=CYLINDRICAL_SURFACE('',#1963,0.5);
#948=FACE_OUTER_BOUND('',#1964,.T.);
#949=PLANE('',#1965);
#950=FACE_OUTER_BOUND('',#1966,.T.);
#951=CYLINDRICAL_SURFACE('',#1967,0.25);
#952=FACE_OUTER_BOUND('',#1968,.T.);
#953=PLANE('',#1969);
#954=FACE_OUTER_BOUND('',#1970,.T.);
#955=PLANE('',#1971);
#956=FACE_OUTER_BOUND('',#1972,.T.);
#957=PLANE('',#1973);
#958=FACE_OUTER_BOUND('',#1974,.T.);
#959=PLANE('',#1975);
#960=FACE_OUTER_BOUND('',#1976,.T.);
#961=CYLINDRICAL_SURFACE('',#1977,0.25);
#962=FACE_OUTER_BOUND('',#1978,.T.);
#963=PLANE('',#1979);
#964=FACE_OUTER_BOUND('',#1980,.T.);
#965=PLANE('',#1981);
#966=FACE_OUTER_BOUND('',#1982,.T.);
#967=PLANE('',#1983);
#968=FACE_OUTER_BOUND('',#1984,.T.);
#969=PLANE('',#1985);
#970=FACE_OUTER_BOUND('',#1986,.T.);
#971=PLANE('',#1987);
#972=FACE_OUTER_BOUND('',#1988,.T.);
#973=PLANE('',#1989);
#974=FACE_OUTER_BOUND('',#1990,.T.);
#975=PLANE('',#1991);
#976=FACE_OUTER_BOUND('',#1992,.T.);
#977=PLANE('',#1993);
#978=FACE_OUTER_BOUND('',#1994,.T.);
#979=PLANE('',#1995);
#980=FACE_OUTER_BOUND('',#1996,.T.);
#981=PLANE('',#1997);
#982=FACE_OUTER_BOUND('',#1998,.T.);
#983=PLANE('',#1999);
#984=FACE_OUTER_BOUND('',#2000,.T.);
#985=PLANE('',#2001);
#986=FACE_OUTER_BOUND('',#2002,.T.);
#987=PLANE('',#2003);
#988=FACE_OUTER_BOUND('',#2004,.T.);
#989=PLANE('',#2005);
#990=FACE_OUTER_BOUND('',#2006,.T.);
#991=PLANE('',#2007);
#992=FACE_OUTER_BOUND('',#2008,.T.);
#993=PLANE('',#2009);
#994=FACE_OUTER_BOUND('',#2010,.T.);
#995=CYLINDRICAL_SURFACE('',#2011,0.25);
#996=FACE_OUTER_BOUND('',#2012,.T.);
#997=PLANE('',#2013);
#998=FACE_OUTER_BOUND('',#2014,.T.);
#999=CYLINDRICAL_SURFACE('',#2015,0.25);
#1000=FACE_OUTER_BOUND('',#2016,.T.);
#1001=PLANE('',#2017);
#1002=FACE_OUTER_BOUND('',#2018,.T.);
#1003=PLANE('',#2019);
#1004=FACE_OUTER_BOUND('',#2020,.T.);
#1005=PLANE('',#2021);
#1006=FACE_OUTER_BOUND('',#2022,.T.);
#1007=PLANE('',#2023);
#1008=FACE_OUTER_BOUND('',#2024,.T.);
#1009=PLANE('',#2025);
#1010=FACE_OUTER_BOUND('',#2026,.T.);
#1011=FACE_BOUND('',#2027,.T.);
#1012=PLANE('',#2028);
#1013=FACE_OUTER_BOUND('',#2029,.T.);
#1014=FACE_BOUND('',#2030,.T.);
#1015=FACE_BOUND('',#2031,.T.);
#1016=PLANE('',#2032);
#1017=FACE_OUTER_BOUND('',#2033,.T.);
#1018=CYLINDRICAL_SURFACE('',#2034,0.3);
#1019=FACE_OUTER_BOUND('',#2035,.T.);
#1020=PLANE('',#2036);
#1021=FACE_OUTER_BOUND('',#2037,.T.);
#1022=PLANE('',#2038);
#1023=FACE_OUTER_BOUND('',#2039,.T.);
#1024=CYLINDRICAL_SURFACE('',#2040,0.3);
#1025=FACE_OUTER_BOUND('',#2041,.T.);
#1026=FACE_BOUND('',#2042,.T.);
#1027=FACE_BOUND('',#2043,.T.);
#1028=PLANE('',#2044);
#1029=FACE_OUTER_BOUND('',#2045,.T.);
#1030=PLANE('',#2046);
#1031=FACE_OUTER_BOUND('',#2047,.T.);
#1032=PLANE('',#2048);
#1033=FACE_OUTER_BOUND('',#2049,.T.);
#1034=CYLINDRICAL_SURFACE('',#2050,0.115);
#1035=FACE_OUTER_BOUND('',#2051,.T.);
#1036=PLANE('',#2052);
#1037=FACE_OUTER_BOUND('',#2053,.T.);
#1038=CYLINDRICAL_SURFACE('',#2054,0.3);
#1039=FACE_OUTER_BOUND('',#2055,.T.);
#1040=PLANE('',#2056);
#1041=FACE_OUTER_BOUND('',#2057,.T.);
#1042=PLANE('',#2058);
#1043=FACE_OUTER_BOUND('',#2059,.T.);
#1044=CYLINDRICAL_SURFACE('',#2060,0.3);
#1045=FACE_OUTER_BOUND('',#2061,.T.);
#1046=PLANE('',#2062);
#1047=FACE_OUTER_BOUND('',#2063,.T.);
#1048=FACE_BOUND('',#2064,.T.);
#1049=FACE_BOUND('',#2065,.T.);
#1050=FACE_BOUND('',#2066,.T.);
#1051=FACE_BOUND('',#2067,.T.);
#1052=PLANE('',#2068);
#1053=FACE_OUTER_BOUND('',#2069,.T.);
#1054=PLANE('',#2070);
#1055=FACE_OUTER_BOUND('',#2071,.T.);
#1056=PLANE('',#2072);
#1057=FACE_OUTER_BOUND('',#2073,.T.);
#1058=PLANE('',#2074);
#1059=FACE_OUTER_BOUND('',#2075,.T.);
#1060=PLANE('',#2076);
#1061=FACE_OUTER_BOUND('',#2077,.T.);
#1062=PLANE('',#2078);
#1063=FACE_OUTER_BOUND('',#2079,.T.);
#1064=PLANE('',#2080);
#1065=FACE_OUTER_BOUND('',#2081,.T.);
#1066=PLANE('',#2082);
#1067=FACE_OUTER_BOUND('',#2083,.T.);
#1068=PLANE('',#2084);
#1069=FACE_OUTER_BOUND('',#2085,.T.);
#1070=PLANE('',#2086);
#1071=FACE_OUTER_BOUND('',#2087,.T.);
#1072=FACE_BOUND('',#2088,.T.);
#1073=PLANE('',#2089);
#1074=FACE_OUTER_BOUND('',#2090,.T.);
#1075=PLANE('',#2091);
#1076=FACE_OUTER_BOUND('',#2092,.T.);
#1077=PLANE('',#2093);
#1078=FACE_OUTER_BOUND('',#2094,.T.);
#1079=PLANE('',#2095);
#1080=FACE_OUTER_BOUND('',#2096,.T.);
#1081=PLANE('',#2097);
#1082=FACE_OUTER_BOUND('',#2098,.T.);
#1083=PLANE('',#2099);
#1084=FACE_OUTER_BOUND('',#2100,.T.);
#1085=PLANE('',#2101);
#1086=FACE_OUTER_BOUND('',#2102,.T.);
#1087=PLANE('',#2103);
#1088=FACE_OUTER_BOUND('',#2104,.T.);
#1089=PLANE('',#2105);
#1090=FACE_OUTER_BOUND('',#2106,.T.);
#1091=PLANE('',#2107);
#1092=FACE_OUTER_BOUND('',#2108,.T.);
#1093=PLANE('',#2109);
#1094=FACE_OUTER_BOUND('',#2110,.T.);
#1095=PLANE('',#2111);
#1096=FACE_OUTER_BOUND('',#2112,.T.);
#1097=PLANE('',#2113);
#1098=FACE_OUTER_BOUND('',#2114,.T.);
#1099=PLANE('',#2115);
#1100=FACE_OUTER_BOUND('',#2116,.T.);
#1101=PLANE('',#2117);
#1102=FACE_OUTER_BOUND('',#2118,.T.);
#1103=PLANE('',#2119);
#1104=FACE_OUTER_BOUND('',#2120,.T.);
#1105=PLANE('',#2121);
#1106=FACE_OUTER_BOUND('',#2122,.T.);
#1107=PLANE('',#2123);
#1108=FACE_OUTER_BOUND('',#2124,.T.);
#1109=PLANE('',#2125);
#1110=FACE_OUTER_BOUND('',#2126,.T.);
#1111=PLANE('',#2127);
#1112=FACE_OUTER_BOUND('',#2128,.T.);
#1113=PLANE('',#2129);
#1114=FACE_OUTER_BOUND('',#2130,.T.);
#1115=PLANE('',#2131);
#1116=FACE_OUTER_BOUND('',#2132,.T.);
#1117=PLANE('',#2133);
#1118=FACE_OUTER_BOUND('',#2134,.T.);
#1119=PLANE('',#2135);
#1120=FACE_OUTER_BOUND('',#2136,.T.);
#1121=PLANE('',#2137);
#1122=FACE_OUTER_BOUND('',#2138,.T.);
#1123=PLANE('',#2139);
#1124=FACE_OUTER_BOUND('',#2140,.T.);
#1125=PLANE('',#2141);
#1126=FACE_OUTER_BOUND('',#2142,.T.);
#1127=PLANE('',#2143);
#1128=FACE_OUTER_BOUND('',#2144,.T.);
#1129=PLANE('',#2145);
#1130=FACE_OUTER_BOUND('',#2146,.T.);
#1131=PLANE('',#2147);
#1132=FACE_OUTER_BOUND('',#2148,.T.);
#1133=PLANE('',#2149);
#1134=FACE_OUTER_BOUND('',#2150,.T.);
#1135=PLANE('',#2151);
#1136=FACE_OUTER_BOUND('',#2152,.T.);
#1137=PLANE('',#2153);
#1138=FACE_OUTER_BOUND('',#2154,.T.);
#1139=PLANE('',#2155);
#1140=FACE_OUTER_BOUND('',#2156,.T.);
#1141=PLANE('',#2157);
#1142=FACE_OUTER_BOUND('',#2158,.T.);
#1143=PLANE('',#2159);
#1144=FACE_OUTER_BOUND('',#2160,.T.);
#1145=PLANE('',#2161);
#1146=FACE_OUTER_BOUND('',#2162,.T.);
#1147=PLANE('',#2163);
#1148=FACE_OUTER_BOUND('',#2164,.T.);
#1149=PLANE('',#2165);
#1150=FACE_OUTER_BOUND('',#2166,.T.);
#1151=PLANE('',#2167);
#1152=FACE_OUTER_BOUND('',#2168,.T.);
#1153=PLANE('',#2169);
#1154=FACE_OUTER_BOUND('',#2170,.T.);
#1155=PLANE('',#2171);
#1156=FACE_OUTER_BOUND('',#2172,.T.);
#1157=PLANE('',#2173);
#1158=FACE_OUTER_BOUND('',#2174,.T.);
#1159=PLANE('',#2175);
#1160=FACE_OUTER_BOUND('',#2176,.T.);
#1161=PLANE('',#2177);
#1162=FACE_OUTER_BOUND('',#2178,.T.);
#1163=PLANE('',#2179);
#1164=FACE_OUTER_BOUND('',#2180,.T.);
#1165=PLANE('',#2181);
#1166=FACE_OUTER_BOUND('',#2182,.T.);
#1167=PLANE('',#2183);
#1168=FACE_OUTER_BOUND('',#2184,.T.);
#1169=PLANE('',#2185);
#1170=FACE_OUTER_BOUND('',#2186,.T.);
#1171=PLANE('',#2187);
#1172=FACE_OUTER_BOUND('',#2188,.T.);
#1173=PLANE('',#2189);
#1174=FACE_OUTER_BOUND('',#2190,.T.);
#1175=PLANE('',#2191);
#1176=FACE_OUTER_BOUND('',#2192,.T.);
#1177=PLANE('',#2193);
#1178=FACE_OUTER_BOUND('',#2194,.T.);
#1179=PLANE('',#2195);
#1180=FACE_OUTER_BOUND('',#2196,.T.);
#1181=PLANE('',#2197);
#1182=FACE_OUTER_BOUND('',#2198,.T.);
#1183=PLANE('',#2199);
#1184=FACE_OUTER_BOUND('',#2200,.T.);
#1185=PLANE('',#2201);
#1186=FACE_OUTER_BOUND('',#2202,.T.);
#1187=PLANE('',#2203);
#1188=FACE_OUTER_BOUND('',#2204,.T.);
#1189=PLANE('',#2205);
#1190=FACE_OUTER_BOUND('',#2206,.T.);
#1191=PLANE('',#2207);
#1192=FACE_OUTER_BOUND('',#2208,.T.);
#1193=PLANE('',#2209);
#1194=FACE_OUTER_BOUND('',#2210,.T.);
#1195=PLANE('',#2211);
#1196=FACE_OUTER_BOUND('',#2212,.T.);
#1197=PLANE('',#2213);
#1198=FACE_OUTER_BOUND('',#2214,.T.);
#1199=PLANE('',#2215);
#1200=FACE_OUTER_BOUND('',#2216,.T.);
#1201=PLANE('',#2217);
#1202=FACE_OUTER_BOUND('',#2218,.T.);
#1203=PLANE('',#2219);
#1204=FACE_OUTER_BOUND('',#2220,.T.);
#1205=PLANE('',#2221);
#1206=FACE_OUTER_BOUND('',#2222,.T.);
#1207=PLANE('',#2223);
#1208=FACE_OUTER_BOUND('',#2224,.T.);
#1209=PLANE('',#2225);
#1210=FACE_OUTER_BOUND('',#2226,.T.);
#1211=PLANE('',#2227);
#1212=FACE_OUTER_BOUND('',#2228,.T.);
#1213=PLANE('',#2229);
#1214=FACE_OUTER_BOUND('',#2230,.T.);
#1215=PLANE('',#2231);
#1216=FACE_OUTER_BOUND('',#2232,.T.);
#1217=PLANE('',#2233);
#1218=FACE_OUTER_BOUND('',#2234,.T.);
#1219=PLANE('',#2235);
#1220=FACE_OUTER_BOUND('',#2236,.T.);
#1221=PLANE('',#2237);
#1222=FACE_OUTER_BOUND('',#2238,.T.);
#1223=PLANE('',#2239);
#1224=FACE_OUTER_BOUND('',#2240,.T.);
#1225=PLANE('',#2241);
#1226=FACE_OUTER_BOUND('',#2242,.T.);
#1227=PLANE('',#2243);
#1228=FACE_OUTER_BOUND('',#2244,.T.);
#1229=PLANE('',#2245);
#1230=FACE_OUTER_BOUND('',#2246,.T.);
#1231=PLANE('',#2247);
#1232=FACE_OUTER_BOUND('',#2248,.T.);
#1233=PLANE('',#2249);
#1234=FACE_OUTER_BOUND('',#2250,.T.);
#1235=PLANE('',#2251);
#1236=FACE_OUTER_BOUND('',#2252,.T.);
#1237=PLANE('',#2253);
#1238=FACE_OUTER_BOUND('',#2254,.T.);
#1239=PLANE('',#2255);
#1240=FACE_OUTER_BOUND('',#2256,.T.);
#1241=PLANE('',#2257);
#1242=FACE_OUTER_BOUND('',#2258,.T.);
#1243=PLANE('',#2259);
#1244=FACE_OUTER_BOUND('',#2260,.T.);
#1245=PLANE('',#2261);
#1246=FACE_OUTER_BOUND('',#2262,.T.);
#1247=PLANE('',#2263);
#1248=FACE_OUTER_BOUND('',#2264,.T.);
#1249=PLANE('',#2265);
#1250=FACE_OUTER_BOUND('',#2266,.T.);
#1251=PLANE('',#2267);
#1252=FACE_OUTER_BOUND('',#2268,.T.);
#1253=PLANE('',#2269);
#1254=FACE_OUTER_BOUND('',#2270,.T.);
#1255=PLANE('',#2271);
#1256=FACE_OUTER_BOUND('',#2272,.T.);
#1257=PLANE('',#2273);
#1258=FACE_OUTER_BOUND('',#2274,.T.);
#1259=PLANE('',#2275);
#1260=FACE_OUTER_BOUND('',#2276,.T.);
#1261=PLANE('',#2277);
#1262=FACE_OUTER_BOUND('',#2278,.T.);
#1263=PLANE('',#2279);
#1264=FACE_OUTER_BOUND('',#2280,.T.);
#1265=PLANE('',#2281);
#1266=FACE_OUTER_BOUND('',#2282,.T.);
#1267=PLANE('',#2283);
#1268=FACE_OUTER_BOUND('',#2284,.T.);
#1269=PLANE('',#2285);
#1270=FACE_OUTER_BOUND('',#2286,.T.);
#1271=PLANE('',#2287);
#1272=FACE_OUTER_BOUND('',#2288,.T.);
#1273=PLANE('',#2289);
#1274=FACE_OUTER_BOUND('',#2290,.T.);
#1275=PLANE('',#2291);
#1276=FACE_OUTER_BOUND('',#2292,.T.);
#1277=CYLINDRICAL_SURFACE('',#2293,0.115);
#1278=FACE_OUTER_BOUND('',#2294,.T.);
#1279=PLANE('',#2295);
#1280=FACE_OUTER_BOUND('',#2296,.T.);
#1281=PLANE('',#2297);
#1282=FACE_OUTER_BOUND('',#2298,.T.);
#1283=CYLINDRICAL_SURFACE('',#2299,1.27);
#1284=FACE_OUTER_BOUND('',#2300,.T.);
#1285=PLANE('',#2301);
#1286=FACE_OUTER_BOUND('',#2302,.T.);
#1287=PLANE('',#2303);
#1288=FACE_OUTER_BOUND('',#2304,.T.);
#1289=PLANE('',#2305);
#1290=FACE_OUTER_BOUND('',#2306,.T.);
#1291=CYLINDRICAL_SURFACE('',#2307,1.27);
#1292=FACE_OUTER_BOUND('',#2308,.T.);
#1293=PLANE('',#2309);
#1294=FACE_OUTER_BOUND('',#2310,.T.);
#1295=PLANE('',#2311);
#1296=FACE_OUTER_BOUND('',#2312,.T.);
#1297=PLANE('',#2313);
#1298=FACE_OUTER_BOUND('',#2314,.T.);
#1299=CYLINDRICAL_SURFACE('',#2315,1.27);
#1300=FACE_OUTER_BOUND('',#2316,.T.);
#1301=PLANE('',#2317);
#1302=FACE_OUTER_BOUND('',#2318,.T.);
#1303=PLANE('',#2319);
#1304=FACE_OUTER_BOUND('',#2320,.T.);
#1305=PLANE('',#2321);
#1306=FACE_OUTER_BOUND('',#2322,.T.);
#1307=CYLINDRICAL_SURFACE('',#2323,1.27);
#1308=FACE_OUTER_BOUND('',#2324,.T.);
#1309=PLANE('',#2325);
#1310=FACE_OUTER_BOUND('',#2326,.T.);
#1311=CYLINDRICAL_SURFACE('',#2327,0.38);
#1312=FACE_OUTER_BOUND('',#2328,.T.);
#1313=PLANE('',#2329);
#1314=FACE_OUTER_BOUND('',#2330,.T.);
#1315=CYLINDRICAL_SURFACE('',#2331,0.38);
#1316=FACE_OUTER_BOUND('',#2332,.T.);
#1317=PLANE('',#2333);
#1318=FACE_OUTER_BOUND('',#2334,.T.);
#1319=CYLINDRICAL_SURFACE('',#2335,0.38);
#1320=FACE_OUTER_BOUND('',#2336,.T.);
#1321=PLANE('',#2337);
#1322=FACE_OUTER_BOUND('',#2338,.T.);
#1323=CYLINDRICAL_SURFACE('',#2339,0.38);
#1324=FACE_OUTER_BOUND('',#2340,.T.);
#1325=PLANE('',#2341);
#1326=FACE_OUTER_BOUND('',#2342,.T.);
#1327=PLANE('',#2343);
#1328=FACE_OUTER_BOUND('',#2344,.T.);
#1329=PLANE('',#2345);
#1330=FACE_OUTER_BOUND('',#2346,.T.);
#1331=PLANE('',#2347);
#1332=FACE_OUTER_BOUND('',#2348,.T.);
#1333=PLANE('',#2349);
#1334=FACE_OUTER_BOUND('',#2350,.T.);
#1335=PLANE('',#2351);
#1336=FACE_OUTER_BOUND('',#2352,.T.);
#1337=PLANE('',#2353);
#1338=FACE_OUTER_BOUND('',#2354,.T.);
#1339=PLANE('',#2355);
#1340=FACE_OUTER_BOUND('',#2356,.T.);
#1341=PLANE('',#2357);
#1342=FACE_OUTER_BOUND('',#2358,.T.);
#1343=PLANE('',#2359);
#1344=FACE_OUTER_BOUND('',#2360,.T.);
#1345=PLANE('',#2361);
#1346=FACE_OUTER_BOUND('',#2362,.T.);
#1347=CYLINDRICAL_SURFACE('',#2363,0.38);
#1348=FACE_OUTER_BOUND('',#2364,.T.);
#1349=PLANE('',#2365);
#1350=FACE_OUTER_BOUND('',#2366,.T.);
#1351=CYLINDRICAL_SURFACE('',#2367,0.38);
#1352=FACE_OUTER_BOUND('',#2368,.T.);
#1353=PLANE('',#2369);
#1354=FACE_OUTER_BOUND('',#2370,.T.);
#1355=PLANE('',#2371);
#1356=FACE_OUTER_BOUND('',#2372,.T.);
#1357=FACE_BOUND('',#2373,.T.);
#1358=FACE_BOUND('',#2374,.T.);
#1359=PLANE('',#2375);
#1360=FACE_OUTER_BOUND('',#2376,.T.);
#1361=PLANE('',#2377);
#1362=FACE_OUTER_BOUND('',#2378,.T.);
#1363=PLANE('',#2379);
#1364=FACE_OUTER_BOUND('',#2380,.T.);
#1365=CYLINDRICAL_SURFACE('',#2381,0.502);
#1366=FACE_OUTER_BOUND('',#2382,.T.);
#1367=PLANE('',#2383);
#1368=FACE_OUTER_BOUND('',#2384,.T.);
#1369=PLANE('',#2385);
#1370=FACE_OUTER_BOUND('',#2386,.T.);
#1371=CYLINDRICAL_SURFACE('',#2387,0.82);
#1372=FACE_OUTER_BOUND('',#2388,.T.);
#1373=PLANE('',#2389);
#1374=FACE_OUTER_BOUND('',#2390,.T.);
#1375=CYLINDRICAL_SURFACE('',#2391,0.68);
#1376=FACE_OUTER_BOUND('',#2392,.T.);
#1377=PLANE('',#2393);
#1378=FACE_OUTER_BOUND('',#2394,.T.);
#1379=CYLINDRICAL_SURFACE('',#2395,0.62);
#1380=FACE_OUTER_BOUND('',#2396,.T.);
#1381=PLANE('',#2397);
#1382=FACE_OUTER_BOUND('',#2398,.T.);
#1383=PLANE('',#2399);
#1384=FACE_OUTER_BOUND('',#2400,.T.);
#1385=PLANE('',#2401);
#1386=FACE_OUTER_BOUND('',#2402,.T.);
#1387=CYLINDRICAL_SURFACE('',#2403,0.302);
#1388=FACE_OUTER_BOUND('',#2404,.T.);
#1389=PLANE('',#2405);
#1390=FACE_OUTER_BOUND('',#2406,.T.);
#1391=CYLINDRICAL_SURFACE('',#2407,0.998);
#1392=FACE_OUTER_BOUND('',#2408,.T.);
#1393=PLANE('',#2409);
#1394=FACE_OUTER_BOUND('',#2410,.T.);
#1395=CYLINDRICAL_SURFACE('',#2411,0.25);
#1396=FACE_OUTER_BOUND('',#2412,.T.);
#1397=CYLINDRICAL_SURFACE('',#2413,0.25);
#1398=FACE_OUTER_BOUND('',#2414,.T.);
#1399=PLANE('',#2415);
#1400=FACE_OUTER_BOUND('',#2416,.T.);
#1401=PLANE('',#2417);
#1402=FACE_OUTER_BOUND('',#2418,.T.);
#1403=PLANE('',#2419);
#1404=FACE_OUTER_BOUND('',#2420,.T.);
#1405=CYLINDRICAL_SURFACE('',#2421,0.25);
#1406=FACE_OUTER_BOUND('',#2422,.T.);
#1407=PLANE('',#2423);
#1408=FACE_OUTER_BOUND('',#2424,.T.);
#1409=CYLINDRICAL_SURFACE('',#2425,0.25);
#1410=FACE_OUTER_BOUND('',#2426,.T.);
#1411=PLANE('',#2427);
#1412=FACE_OUTER_BOUND('',#2428,.T.);
#1413=PLANE('',#2429);
#1414=FACE_OUTER_BOUND('',#2430,.T.);
#1415=PLANE('',#2431);
#1416=FACE_OUTER_BOUND('',#2432,.T.);
#1417=PLANE('',#2433);
#1418=FACE_OUTER_BOUND('',#2434,.T.);
#1419=PLANE('',#2435);
#1420=FACE_OUTER_BOUND('',#2436,.T.);
#1421=PLANE('',#2437);
#1422=FACE_OUTER_BOUND('',#2438,.T.);
#1423=PLANE('',#2439);
#1424=FACE_OUTER_BOUND('',#2440,.T.);
#1425=CYLINDRICAL_SURFACE('',#2441,0.638);
#1426=FACE_OUTER_BOUND('',#2442,.T.);
#1427=PLANE('',#2443);
#1428=FACE_OUTER_BOUND('',#2444,.T.);
#1429=PLANE('',#2445);
#1430=FACE_OUTER_BOUND('',#2446,.T.);
#1431=CYLINDRICAL_SURFACE('',#2447,0.32);
#1432=FACE_OUTER_BOUND('',#2448,.T.);
#1433=PLANE('',#2449);
#1434=FACE_OUTER_BOUND('',#2450,.T.);
#1435=CYLINDRICAL_SURFACE('',#2451,0.32);
#1436=FACE_OUTER_BOUND('',#2452,.T.);
#1437=CYLINDRICAL_SURFACE('',#2453,4.818);
#1438=FACE_OUTER_BOUND('',#2454,.T.);
#1439=PLANE('',#2455);
#1440=FACE_OUTER_BOUND('',#2456,.T.);
#1441=CYLINDRICAL_SURFACE('',#2457,0.2);
#1442=FACE_OUTER_BOUND('',#2458,.T.);
#1443=CYLINDRICAL_SURFACE('',#2459,4.5);
#1444=FACE_OUTER_BOUND('',#2460,.T.);
#1445=CYLINDRICAL_SURFACE('',#2461,0.638);
#1446=FACE_OUTER_BOUND('',#2462,.T.);
#1447=CYLINDRICAL_SURFACE('',#2463,0.25);
#1448=FACE_OUTER_BOUND('',#2464,.T.);
#1449=PLANE('',#2465);
#1450=FACE_OUTER_BOUND('',#2466,.T.);
#1451=PLANE('',#2467);
#1452=FACE_OUTER_BOUND('',#2468,.T.);
#1453=CYLINDRICAL_SURFACE('',#2469,0.25);
#1454=FACE_OUTER_BOUND('',#2470,.T.);
#1455=PLANE('',#2471);
#1456=FACE_OUTER_BOUND('',#2472,.T.);
#1457=CYLINDRICAL_SURFACE('',#2473,0.25);
#1458=FACE_OUTER_BOUND('',#2474,.T.);
#1459=PLANE('',#2475);
#1460=FACE_OUTER_BOUND('',#2476,.T.);
#1461=PLANE('',#2477);
#1462=FACE_OUTER_BOUND('',#2478,.T.);
#1463=PLANE('',#2479);
#1464=FACE_OUTER_BOUND('',#2480,.T.);
#1465=CYLINDRICAL_SURFACE('',#2481,0.25);
#1466=FACE_OUTER_BOUND('',#2482,.T.);
#1467=CYLINDRICAL_SURFACE('',#2483,0.25);
#1468=FACE_OUTER_BOUND('',#2484,.T.);
#1469=PLANE('',#2485);
#1470=FACE_OUTER_BOUND('',#2486,.T.);
#1471=CYLINDRICAL_SURFACE('',#2487,0.25);
#1472=FACE_OUTER_BOUND('',#2488,.T.);
#1473=PLANE('',#2489);
#1474=FACE_OUTER_BOUND('',#2490,.T.);
#1475=CYLINDRICAL_SURFACE('',#2491,0.25);
#1476=FACE_OUTER_BOUND('',#2492,.T.);
#1477=PLANE('',#2493);
#1478=FACE_OUTER_BOUND('',#2494,.T.);
#1479=CYLINDRICAL_SURFACE('',#2495,0.25);
#1480=FACE_OUTER_BOUND('',#2496,.T.);
#1481=CYLINDRICAL_SURFACE('',#2497,0.502);
#1482=FACE_OUTER_BOUND('',#2498,.T.);
#1483=PLANE('',#2499);
#1484=FACE_OUTER_BOUND('',#2500,.T.);
#1485=CYLINDRICAL_SURFACE('',#2501,0.998);
#1486=FACE_OUTER_BOUND('',#2502,.T.);
#1487=PLANE('',#2503);
#1488=FACE_OUTER_BOUND('',#2504,.T.);
#1489=CYLINDRICAL_SURFACE('',#2505,0.302);
#1490=FACE_OUTER_BOUND('',#2506,.T.);
#1491=PLANE('',#2507);
#1492=FACE_OUTER_BOUND('',#2508,.T.);
#1493=PLANE('',#2509);
#1494=FACE_OUTER_BOUND('',#2510,.T.);
#1495=PLANE('',#2511);
#1496=FACE_OUTER_BOUND('',#2512,.T.);
#1497=CYLINDRICAL_SURFACE('',#2513,0.62);
#1498=FACE_OUTER_BOUND('',#2514,.T.);
#1499=PLANE('',#2515);
#1500=FACE_OUTER_BOUND('',#2516,.T.);
#1501=CYLINDRICAL_SURFACE('',#2517,0.68);
#1502=FACE_OUTER_BOUND('',#2518,.T.);
#1503=PLANE('',#2519);
#1504=FACE_OUTER_BOUND('',#2520,.T.);
#1505=CYLINDRICAL_SURFACE('',#2521,0.82);
#1506=FACE_OUTER_BOUND('',#2522,.T.);
#1507=CYLINDRICAL_SURFACE('',#2523,0.25);
#1508=FACE_OUTER_BOUND('',#2524,.T.);
#1509=CYLINDRICAL_SURFACE('',#2525,0.25);
#1510=FACE_OUTER_BOUND('',#2526,.T.);
#1511=PLANE('',#2527);
#1512=FACE_OUTER_BOUND('',#2528,.T.);
#1513=CYLINDRICAL_SURFACE('',#2529,1.588);
#1514=FACE_OUTER_BOUND('',#2530,.T.);
#1515=PLANE('',#2531);
#1516=FACE_OUTER_BOUND('',#2532,.T.);
#1517=CYLINDRICAL_SURFACE('',#2533,1.27);
#1518=FACE_OUTER_BOUND('',#2534,.T.);
#1519=PLANE('',#2535);
#1520=FACE_OUTER_BOUND('',#2536,.T.);
#1521=CYLINDRICAL_SURFACE('',#2537,0.43);
#1522=FACE_OUTER_BOUND('',#2538,.T.);
#1523=PLANE('',#2539);
#1524=FACE_OUTER_BOUND('',#2540,.T.);
#1525=CYLINDRICAL_SURFACE('',#2541,0.54);
#1526=FACE_OUTER_BOUND('',#2542,.T.);
#1527=PLANE('',#2543);
#1528=FACE_OUTER_BOUND('',#2544,.T.);
#1529=CYLINDRICAL_SURFACE('',#2545,0.112);
#1530=FACE_OUTER_BOUND('',#2546,.T.);
#1531=PLANE('',#2547);
#1532=FACE_OUTER_BOUND('',#2548,.T.);
#1533=PLANE('',#2549);
#1534=FACE_OUTER_BOUND('',#2550,.T.);
#1535=PLANE('',#2551);
#1536=FACE_OUTER_BOUND('',#2552,.T.);
#1537=PLANE('',#2553);
#1538=FACE_OUTER_BOUND('',#2554,.T.);
#1539=CYLINDRICAL_SURFACE('',#2555,0.13);
#1540=FACE_OUTER_BOUND('',#2556,.T.);
#1541=PLANE('',#2557);
#1542=FACE_OUTER_BOUND('',#2558,.T.);
#1543=CYLINDRICAL_SURFACE('',#2559,0.13);
#1544=FACE_OUTER_BOUND('',#2560,.T.);
#1545=PLANE('',#2561);
#1546=FACE_OUTER_BOUND('',#2562,.T.);
#1547=PLANE('',#2563);
#1548=FACE_OUTER_BOUND('',#2564,.T.);
#1549=CYLINDRICAL_SURFACE('',#2565,0.13);
#1550=FACE_OUTER_BOUND('',#2566,.T.);
#1551=PLANE('',#2567);
#1552=FACE_OUTER_BOUND('',#2568,.T.);
#1553=CYLINDRICAL_SURFACE('',#2569,0.13);
#1554=FACE_OUTER_BOUND('',#2570,.T.);
#1555=PLANE('',#2571);
#1556=FACE_OUTER_BOUND('',#2572,.T.);
#1557=PLANE('',#2573);
#1558=FACE_OUTER_BOUND('',#2574,.T.);
#1559=PLANE('',#2575);
#1560=FACE_OUTER_BOUND('',#2576,.T.);
#1561=PLANE('',#2577);
#1562=FACE_OUTER_BOUND('',#2578,.T.);
#1563=PLANE('',#2579);
#1564=FACE_OUTER_BOUND('',#2580,.T.);
#1565=PLANE('',#2581);
#1566=FACE_OUTER_BOUND('',#2582,.T.);
#1567=PLANE('',#2583);
#1568=FACE_OUTER_BOUND('',#2584,.T.);
#1569=CYLINDRICAL_SURFACE('',#2585,0.43);
#1570=FACE_OUTER_BOUND('',#2586,.T.);
#1571=PLANE('',#2587);
#1572=FACE_OUTER_BOUND('',#2588,.T.);
#1573=CYLINDRICAL_SURFACE('',#2589,0.54);
#1574=FACE_OUTER_BOUND('',#2590,.T.);
#1575=PLANE('',#2591);
#1576=FACE_OUTER_BOUND('',#2592,.T.);
#1577=CYLINDRICAL_SURFACE('',#2593,0.112);
#1578=FACE_OUTER_BOUND('',#2594,.T.);
#1579=PLANE('',#2595);
#1580=FACE_OUTER_BOUND('',#2596,.T.);
#1581=CYLINDRICAL_SURFACE('',#2597,1.588);
#1582=EDGE_LOOP('',(#2598,#2599,#2600,#2601));
#1583=AXIS2_PLACEMENT_3D('',#2602,#2603,#2604);
#1584=EDGE_LOOP('',(#2605,#2606,#2607,#2608));
#1585=AXIS2_PLACEMENT_3D('',#2609,#2610,#2611);
#1586=EDGE_LOOP('',(#2612,#2613,#2614,#2615));
#1587=AXIS2_PLACEMENT_3D('',#2616,#2617,#2618);
#1588=EDGE_LOOP('',(#2619,#2620,#2621,#2622));
#1589=AXIS2_PLACEMENT_3D('',#2623,#2624,#2625);
#1590=EDGE_LOOP('',(#2626,#2627,#2628,#2629));
#1591=AXIS2_PLACEMENT_3D('',#2630,#2631,#2632);
#1592=EDGE_LOOP('',(#2633,#2634,#2635,#2636));
#1593=AXIS2_PLACEMENT_3D('',#2637,#2638,#2639);
#1594=EDGE_LOOP('',(#2640,#2641,#2642,#2643));
#1595=AXIS2_PLACEMENT_3D('',#2644,#2645,#2646);
#1596=EDGE_LOOP('',(#2647,#2648,#2649,#2650));
#1597=AXIS2_PLACEMENT_3D('',#2651,#2652,#2653);
#1598=EDGE_LOOP('',(#2654,#2655,#2656,#2657));
#1599=AXIS2_PLACEMENT_3D('',#2658,#2659,#2660);
#1600=EDGE_LOOP('',(#2661,#2662,#2663,#2664));
#1601=AXIS2_PLACEMENT_3D('',#2665,#2666,#2667);
#1602=EDGE_LOOP('',(#2668,#2669,#2670,#2671));
#1603=AXIS2_PLACEMENT_3D('',#2672,#2673,#2674);
#1604=EDGE_LOOP('',(#2675,#2676,#2677,#2678));
#1605=AXIS2_PLACEMENT_3D('',#2679,#2680,#2681);
#1606=EDGE_LOOP('',(#2682,#2683,#2684,#2685));
#1607=AXIS2_PLACEMENT_3D('',#2686,#2687,#2688);
#1608=EDGE_LOOP('',(#2689,#2690,#2691,#2692));
#1609=AXIS2_PLACEMENT_3D('',#2693,#2694,#2695);
#1610=EDGE_LOOP('',(#2696,#2697,#2698,#2699));
#1611=AXIS2_PLACEMENT_3D('',#2700,#2701,#2702);
#1612=EDGE_LOOP('',(#2703,#2704,#2705,#2706));
#1613=AXIS2_PLACEMENT_3D('',#2707,#2708,#2709);
#1614=EDGE_LOOP('',(#2710,#2711,#2712,#2713,#2714,#2715,#2716,#2717,#2718,#2719));
#1615=AXIS2_PLACEMENT_3D('',#2720,#2721,#2722);
#1616=EDGE_LOOP('',(#2723,#2724,#2725,#2726,#2727,#2728,#2729,#2730,#2731,#2732));
#1617=AXIS2_PLACEMENT_3D('',#2733,#2734,#2735);
#1618=EDGE_LOOP('',(#2736,#2737,#2738,#2739,#2740,#2741,#2742,#2743,#2744,#2745,#2746,#2747));
#1619=AXIS2_PLACEMENT_3D('',#2748,#2749,#2750);
#1620=EDGE_LOOP('',(#2751,#2752,#2753,#2754));
#1621=AXIS2_PLACEMENT_3D('',#2755,#2756,#2757);
#1622=EDGE_LOOP('',(#2758,#2759,#2760,#2761,#2762,#2763,#2764,#2765,#2766,#2767,#2768,#2769,#2770,#2771));
#1623=EDGE_LOOP('',(#2772,#2773,#2774,#2775,#2776,#2777,#2778,#2779));
#1624=EDGE_LOOP('',(#2780,#2781,#2782,#2783,#2784,#2785,#2786,#2787));
#1625=AXIS2_PLACEMENT_3D('',#2788,#2789,#2790);
#1626=EDGE_LOOP('',(#2791,#2792,#2793,#2794));
#1627=AXIS2_PLACEMENT_3D('',#2795,#2796,#2797);
#1628=EDGE_LOOP('',(#2798,#2799,#2800,#2801));
#1629=AXIS2_PLACEMENT_3D('',#2802,#2803,#2804);
#1630=EDGE_LOOP('',(#2805,#2806,#2807,#2808));
#1631=AXIS2_PLACEMENT_3D('',#2809,#2810,#2811);
#1632=EDGE_LOOP('',(#2812,#2813,#2814,#2815));
#1633=AXIS2_PLACEMENT_3D('',#2816,#2817,#2818);
#1634=EDGE_LOOP('',(#2819,#2820,#2821,#2822));
#1635=AXIS2_PLACEMENT_3D('',#2823,#2824,#2825);
#1636=EDGE_LOOP('',(#2826,#2827,#2828,#2829));
#1637=AXIS2_PLACEMENT_3D('',#2830,#2831,#2832);
#1638=EDGE_LOOP('',(#2833,#2834,#2835,#2836));
#1639=AXIS2_PLACEMENT_3D('',#2837,#2838,#2839);
#1640=EDGE_LOOP('',(#2840,#2841,#2842,#2843));
#1641=AXIS2_PLACEMENT_3D('',#2844,#2845,#2846);
#1642=EDGE_LOOP('',(#2847,#2848,#2849,#2850));
#1643=AXIS2_PLACEMENT_3D('',#2851,#2852,#2853);
#1644=EDGE_LOOP('',(#2854,#2855,#2856,#2857));
#1645=AXIS2_PLACEMENT_3D('',#2858,#2859,#2860);
#1646=EDGE_LOOP('',(#2861,#2862,#2863,#2864));
#1647=AXIS2_PLACEMENT_3D('',#2865,#2866,#2867);
#1648=EDGE_LOOP('',(#2868,#2869,#2870,#2871));
#1649=AXIS2_PLACEMENT_3D('',#2872,#2873,#2874);
#1650=EDGE_LOOP('',(#2875,#2876,#2877,#2878));
#1651=AXIS2_PLACEMENT_3D('',#2879,#2880,#2881);
#1652=EDGE_LOOP('',(#2882,#2883,#2884,#2885));
#1653=AXIS2_PLACEMENT_3D('',#2886,#2887,#2888);
#1654=EDGE_LOOP('',(#2889,#2890,#2891,#2892));
#1655=AXIS2_PLACEMENT_3D('',#2893,#2894,#2895);
#1656=EDGE_LOOP('',(#2896,#2897,#2898,#2899));
#1657=AXIS2_PLACEMENT_3D('',#2900,#2901,#2902);
#1658=EDGE_LOOP('',(#2903,#2904,#2905,#2906,#2907,#2908,#2909,#2910,#2911,#2912,#2913,#2914,#2915,#2916));
#1659=EDGE_LOOP('',(#2917,#2918,#2919,#2920,#2921,#2922,#2923,#2924));
#1660=EDGE_LOOP('',(#2925,#2926,#2927,#2928,#2929,#2930,#2931,#2932));
#1661=AXIS2_PLACEMENT_3D('',#2933,#2934,#2935);
#1662=EDGE_LOOP('',(#2936,#2937,#2938,#2939));
#1663=AXIS2_PLACEMENT_3D('',#2940,#2941,#2942);
#1664=EDGE_LOOP('',(#2943,#2944,#2945,#2946));
#1665=AXIS2_PLACEMENT_3D('',#2947,#2948,#2949);
#1666=EDGE_LOOP('',(#2950,#2951,#2952,#2953));
#1667=AXIS2_PLACEMENT_3D('',#2954,#2955,#2956);
#1668=EDGE_LOOP('',(#2957,#2958,#2959,#2960));
#1669=AXIS2_PLACEMENT_3D('',#2961,#2962,#2963);
#1670=EDGE_LOOP('',(#2964,#2965,#2966,#2967));
#1671=AXIS2_PLACEMENT_3D('',#2968,#2969,#2970);
#1672=EDGE_LOOP('',(#2971,#2972,#2973,#2974));
#1673=AXIS2_PLACEMENT_3D('',#2975,#2976,#2977);
#1674=EDGE_LOOP('',(#2978,#2979,#2980,#2981));
#1675=AXIS2_PLACEMENT_3D('',#2982,#2983,#2984);
#1676=EDGE_LOOP('',(#2985,#2986,#2987,#2988));
#1677=AXIS2_PLACEMENT_3D('',#2989,#2990,#2991);
#1678=EDGE_LOOP('',(#2992,#2993,#2994,#2995));
#1679=AXIS2_PLACEMENT_3D('',#2996,#2997,#2998);
#1680=EDGE_LOOP('',(#2999,#3000,#3001,#3002));
#1681=AXIS2_PLACEMENT_3D('',#3003,#3004,#3005);
#1682=EDGE_LOOP('',(#3006,#3007,#3008,#3009));
#1683=AXIS2_PLACEMENT_3D('',#3010,#3011,#3012);
#1684=EDGE_LOOP('',(#3013,#3014,#3015,#3016));
#1685=AXIS2_PLACEMENT_3D('',#3017,#3018,#3019);
#1686=EDGE_LOOP('',(#3020,#3021,#3022,#3023));
#1687=AXIS2_PLACEMENT_3D('',#3024,#3025,#3026);
#1688=EDGE_LOOP('',(#3027,#3028,#3029,#3030));
#1689=AXIS2_PLACEMENT_3D('',#3031,#3032,#3033);
#1690=EDGE_LOOP('',(#3034,#3035,#3036,#3037));
#1691=AXIS2_PLACEMENT_3D('',#3038,#3039,#3040);
#1692=EDGE_LOOP('',(#3041,#3042,#3043,#3044));
#1693=AXIS2_PLACEMENT_3D('',#3045,#3046,#3047);
#1694=EDGE_LOOP('',(#3048,#3049,#3050,#3051,#3052,#3053,#3054,#3055,#3056,#3057,#3058,#3059,#3060,#3061));
#1695=EDGE_LOOP('',(#3062,#3063,#3064,#3065,#3066,#3067,#3068,#3069));
#1696=EDGE_LOOP('',(#3070,#3071,#3072,#3073,#3074,#3075,#3076,#3077));
#1697=AXIS2_PLACEMENT_3D('',#3078,#3079,#3080);
#1698=EDGE_LOOP('',(#3081,#3082,#3083,#3084));
#1699=AXIS2_PLACEMENT_3D('',#3085,#3086,#3087);
#1700=EDGE_LOOP('',(#3088,#3089,#3090,#3091,#3092,#3093,#3094,#3095,#3096,#3097,#3098,#3099,#3100,#3101));
#1701=AXIS2_PLACEMENT_3D('',#3102,#3103,#3104);
#1702=EDGE_LOOP('',(#3105,#3106,#3107,#3108,#3109,#3110,#3111,#3112,#3113,#3114,#3115,#3116,#3117,#3118,#3119,#3120,#3121,#3122,#3123,#3124));
#1703=AXIS2_PLACEMENT_3D('',#3125,#3126,#3127);
#1704=EDGE_LOOP('',(#3128,#3129,#3130,#3131));
#1705=AXIS2_PLACEMENT_3D('',#3132,#3133,#3134);
#1706=EDGE_LOOP('',(#3135,#3136,#3137,#3138,#3139,#3140,#3141,#3142,#3143,#3144,#3145,#3146));
#1707=AXIS2_PLACEMENT_3D('',#3147,#3148,#3149);
#1708=EDGE_LOOP('',(#3150,#3151,#3152,#3153));
#1709=AXIS2_PLACEMENT_3D('',#3154,#3155,#3156);
#1710=EDGE_LOOP('',(#3157,#3158,#3159,#3160));
#1711=AXIS2_PLACEMENT_3D('',#3161,#3162,#3163);
#1712=EDGE_LOOP('',(#3164,#3165,#3166,#3167,#3168,#3169,#3170,#3171,#3172,#3173,#3174,#3175,#3176,#3177));
#1713=AXIS2_PLACEMENT_3D('',#3178,#3179,#3180);
#1714=EDGE_LOOP('',(#3181,#3182,#3183,#3184,#3185));
#1715=AXIS2_PLACEMENT_3D('',#3186,#3187,#3188);
#1716=EDGE_LOOP('',(#3189,#3190,#3191,#3192,#3193));
#1717=AXIS2_PLACEMENT_3D('',#3194,#3195,#3196);
#1718=EDGE_LOOP('',(#3197,#3198,#3199,#3200));
#1719=AXIS2_PLACEMENT_3D('',#3201,#3202,#3203);
#1720=EDGE_LOOP('',(#3204,#3205,#3206,#3207,#3208,#3209,#3210,#3211,#3212,#3213,#3214,#3215,#3216,#3217,#3218,#3219,#3220,#3221,#3222,#3223));
#1721=AXIS2_PLACEMENT_3D('',#3224,#3225,#3226);
#1722=EDGE_LOOP('',(#3227,#3228,#3229,#3230,#3231,#3232,#3233,#3234,#3235,#3236));
#1723=AXIS2_PLACEMENT_3D('',#3237,#3238,#3239);
#1724=EDGE_LOOP('',(#3240,#3241,#3242,#3243,#3244,#3245,#3246,#3247,#3248,#3249,#3250,#3251,#3252,#3253,#3254,#3255,#3256,#3257,#3258,#3259));
#1725=EDGE_LOOP('',(#3260,#3261,#3262,#3263));
#1726=EDGE_LOOP('',(#3264,#3265,#3266,#3267));
#1727=EDGE_LOOP('',(#3268,#3269,#3270,#3271));
#1728=EDGE_LOOP('',(#3272,#3273,#3274,#3275));
#1729=EDGE_LOOP('',(#3276,#3277,#3278,#3279));
#1730=EDGE_LOOP('',(#3280,#3281,#3282,#3283));
#1731=AXIS2_PLACEMENT_3D('',#3284,#3285,#3286);
#1732=EDGE_LOOP('',(#3287,#3288,#3289,#3290));
#1733=AXIS2_PLACEMENT_3D('',#3291,#3292,#3293);
#1734=EDGE_LOOP('',(#3294,#3295,#3296,#3297));
#1735=AXIS2_PLACEMENT_3D('',#3298,#3299,#3300);
#1736=EDGE_LOOP('',(#3301,#3302,#3303,#3304,#3305,#3306));
#1737=AXIS2_PLACEMENT_3D('',#3307,#3308,#3309);
#1738=EDGE_LOOP('',(#3310,#3311,#3312,#3313));
#1739=AXIS2_PLACEMENT_3D('',#3314,#3315,#3316);
#1740=EDGE_LOOP('',(#3317,#3318,#3319,#3320,#3321,#3322));
#1741=AXIS2_PLACEMENT_3D('',#3323,#3324,#3325);
#1742=EDGE_LOOP('',(#3326,#3327,#3328,#3329));
#1743=AXIS2_PLACEMENT_3D('',#3330,#3331,#3332);
#1744=EDGE_LOOP('',(#3333,#3334,#3335,#3336));
#1745=AXIS2_PLACEMENT_3D('',#3337,#3338,#3339);
#1746=EDGE_LOOP('',(#3340,#3341,#3342,#3343));
#1747=AXIS2_PLACEMENT_3D('',#3344,#3345,#3346);
#1748=EDGE_LOOP('',(#3347,#3348,#3349,#3350));
#1749=AXIS2_PLACEMENT_3D('',#3351,#3352,#3353);
#1750=EDGE_LOOP('',(#3354,#3355,#3356,#3357));
#1751=AXIS2_PLACEMENT_3D('',#3358,#3359,#3360);
#1752=EDGE_LOOP('',(#3361,#3362,#3363,#3364,#3365,#3366));
#1753=AXIS2_PLACEMENT_3D('',#3367,#3368,#3369);
#1754=EDGE_LOOP('',(#3370,#3371,#3372,#3373));
#1755=AXIS2_PLACEMENT_3D('',#3374,#3375,#3376);
#1756=EDGE_LOOP('',(#3377,#3378,#3379,#3380,#3381,#3382,#3383,#3384,#3385,#3386,#3387,#3388,#3389,#3390,#3391,#3392,#3393,#3394,#3395,#3396));
#1757=AXIS2_PLACEMENT_3D('',#3397,#3398,#3399);
#1758=EDGE_LOOP('',(#3400,#3401,#3402,#3403,#3404,#3405,#3406,#3407,#3408,#3409,#3410,#3411,#3412,#3413,#3414,#3415,#3416,#3417,#3418,#3419,#3420,#3421,#3422,#3423,#3424,#3425,#3426,#3427,#3428,#3429,#3430,#3431,#3432,#3433,#3434,#3435));
#1759=AXIS2_PLACEMENT_3D('',#3436,#3437,#3438);
#1760=EDGE_LOOP('',(#3439,#3440,#3441,#3442,#3443,#3444,#3445,#3446,#3447,#3448,#3449,#3450,#3451,#3452,#3453,#3454,#3455,#3456,#3457,#3458,#3459,#3460,#3461,#3462));
#1761=EDGE_LOOP('',(#3463,#3464,#3465,#3466));
#1762=EDGE_LOOP('',(#3467,#3468,#3469,#3470));
#1763=AXIS2_PLACEMENT_3D('',#3471,#3472,#3473);
#1764=EDGE_LOOP('',(#3474,#3475,#3476,#3477));
#1765=AXIS2_PLACEMENT_3D('',#3478,#3479,#3480);
#1766=EDGE_LOOP('',(#3481,#3482,#3483,#3484));
#1767=AXIS2_PLACEMENT_3D('',#3485,#3486,#3487);
#1768=EDGE_LOOP('',(#3488,#3489,#3490,#3491,#3492,#3493,#3494,#3495,#3496,#3497,#3498,#3499,#3500,#3501,#3502,#3503,#3504,#3505,#3506,#3507,#3508,#3509,#3510,#3511));
#1769=EDGE_LOOP('',(#3512,#3513,#3514,#3515));
#1770=EDGE_LOOP('',(#3516,#3517,#3518,#3519));
#1771=AXIS2_PLACEMENT_3D('',#3520,#3521,#3522);
#1772=EDGE_LOOP('',(#3523,#3524,#3525,#3526));
#1773=AXIS2_PLACEMENT_3D('',#3527,#3528,#3529);
#1774=EDGE_LOOP('',(#3530,#3531,#3532,#3533));
#1775=AXIS2_PLACEMENT_3D('',#3534,#3535,#3536);
#1776=EDGE_LOOP('',(#3537,#3538,#3539,#3540));
#1777=AXIS2_PLACEMENT_3D('',#3541,#3542,#3543);
#1778=EDGE_LOOP('',(#3544,#3545,#3546,#3547));
#1779=AXIS2_PLACEMENT_3D('',#3548,#3549,#3550);
#1780=EDGE_LOOP('',(#3551,#3552,#3553,#3554));
#1781=AXIS2_PLACEMENT_3D('',#3555,#3556,#3557);
#1782=EDGE_LOOP('',(#3558,#3559,#3560,#3561));
#1783=AXIS2_PLACEMENT_3D('',#3562,#3563,#3564);
#1784=EDGE_LOOP('',(#3565,#3566,#3567,#3568));
#1785=AXIS2_PLACEMENT_3D('',#3569,#3570,#3571);
#1786=EDGE_LOOP('',(#3572,#3573,#3574,#3575));
#1787=AXIS2_PLACEMENT_3D('',#3576,#3577,#3578);
#1788=EDGE_LOOP('',(#3579,#3580,#3581,#3582));
#1789=AXIS2_PLACEMENT_3D('',#3583,#3584,#3585);
#1790=EDGE_LOOP('',(#3586,#3587,#3588,#3589));
#1791=AXIS2_PLACEMENT_3D('',#3590,#3591,#3592);
#1792=EDGE_LOOP('',(#3593,#3594,#3595,#3596));
#1793=AXIS2_PLACEMENT_3D('',#3597,#3598,#3599);
#1794=EDGE_LOOP('',(#3600,#3601,#3602,#3603));
#1795=AXIS2_PLACEMENT_3D('',#3604,#3605,#3606);
#1796=EDGE_LOOP('',(#3607,#3608,#3609,#3610));
#1797=AXIS2_PLACEMENT_3D('',#3611,#3612,#3613);
#1798=EDGE_LOOP('',(#3614,#3615,#3616,#3617));
#1799=AXIS2_PLACEMENT_3D('',#3618,#3619,#3620);
#1800=EDGE_LOOP('',(#3621,#3622,#3623,#3624));
#1801=AXIS2_PLACEMENT_3D('',#3625,#3626,#3627);
#1802=EDGE_LOOP('',(#3628,#3629,#3630,#3631));
#1803=AXIS2_PLACEMENT_3D('',#3632,#3633,#3634);
#1804=EDGE_LOOP('',(#3635,#3636,#3637,#3638));
#1805=AXIS2_PLACEMENT_3D('',#3639,#3640,#3641);
#1806=EDGE_LOOP('',(#3642,#3643,#3644,#3645));
#1807=AXIS2_PLACEMENT_3D('',#3646,#3647,#3648);
#1808=EDGE_LOOP('',(#3649,#3650,#3651,#3652));
#1809=AXIS2_PLACEMENT_3D('',#3653,#3654,#3655);
#1810=EDGE_LOOP('',(#3656,#3657,#3658,#3659));
#1811=AXIS2_PLACEMENT_3D('',#3660,#3661,#3662);
#1812=EDGE_LOOP('',(#3663,#3664,#3665,#3666));
#1813=AXIS2_PLACEMENT_3D('',#3667,#3668,#3669);
#1814=EDGE_LOOP('',(#3670,#3671,#3672,#3673));
#1815=AXIS2_PLACEMENT_3D('',#3674,#3675,#3676);
#1816=EDGE_LOOP('',(#3677,#3678,#3679,#3680));
#1817=AXIS2_PLACEMENT_3D('',#3681,#3682,#3683);
#1818=EDGE_LOOP('',(#3684,#3685,#3686,#3687,#3688,#3689,#3690,#3691,#3692,#3693));
#1819=AXIS2_PLACEMENT_3D('',#3694,#3695,#3696);
#1820=EDGE_LOOP('',(#3697,#3698,#3699,#3700));
#1821=AXIS2_PLACEMENT_3D('',#3701,#3702,#3703);
#1822=EDGE_LOOP('',(#3704,#3705,#3706,#3707));
#1823=AXIS2_PLACEMENT_3D('',#3708,#3709,#3710);
#1824=EDGE_LOOP('',(#3711,#3712,#3713,#3714));
#1825=AXIS2_PLACEMENT_3D('',#3715,#3716,#3717);
#1826=EDGE_LOOP('',(#3718,#3719,#3720,#3721));
#1827=AXIS2_PLACEMENT_3D('',#3722,#3723,#3724);
#1828=EDGE_LOOP('',(#3725,#3726,#3727,#3728,#3729,#3730,#3731,#3732,#3733,#3734));
#1829=AXIS2_PLACEMENT_3D('',#3735,#3736,#3737);
#1830=EDGE_LOOP('',(#3738,#3739,#3740,#3741));
#1831=AXIS2_PLACEMENT_3D('',#3742,#3743,#3744);
#1832=EDGE_LOOP('',(#3745,#3746,#3747,#3748));
#1833=AXIS2_PLACEMENT_3D('',#3749,#3750,#3751);
#1834=EDGE_LOOP('',(#3752,#3753,#3754,#3755));
#1835=AXIS2_PLACEMENT_3D('',#3756,#3757,#3758);
#1836=EDGE_LOOP('',(#3759,#3760,#3761,#3762));
#1837=AXIS2_PLACEMENT_3D('',#3763,#3764,#3765);
#1838=EDGE_LOOP('',(#3766,#3767,#3768,#3769,#3770,#3771,#3772,#3773,#3774,#3775,#3776,#3777,#3778,#3779,#3780,#3781));
#1839=AXIS2_PLACEMENT_3D('',#3782,#3783,#3784);
#1840=EDGE_LOOP('',(#3785,#3786,#3787,#3788,#3789));
#1841=AXIS2_PLACEMENT_3D('',#3790,#3791,#3792);
#1842=EDGE_LOOP('',(#3793,#3794,#3795,#3796));
#1843=AXIS2_PLACEMENT_3D('',#3797,#3798,#3799);
#1844=EDGE_LOOP('',(#3800,#3801,#3802,#3803));
#1845=AXIS2_PLACEMENT_3D('',#3804,#3805,#3806);
#1846=EDGE_LOOP('',(#3807,#3808,#3809,#3810));
#1847=AXIS2_PLACEMENT_3D('',#3811,#3812,#3813);
#1848=EDGE_LOOP('',(#3814,#3815,#3816,#3817,#3818));
#1849=AXIS2_PLACEMENT_3D('',#3819,#3820,#3821);
#1850=EDGE_LOOP('',(#3822,#3823,#3824,#3825));
#1851=AXIS2_PLACEMENT_3D('',#3826,#3827,#3828);
#1852=EDGE_LOOP('',(#3829,#3830,#3831,#3832));
#1853=AXIS2_PLACEMENT_3D('',#3833,#3834,#3835);
#1854=EDGE_LOOP('',(#3836,#3837,#3838,#3839,#3840,#3841));
#1855=EDGE_LOOP('',(#3842,#3843,#3844,#3845));
#1856=EDGE_LOOP('',(#3846,#3847,#3848,#3849));
#1857=EDGE_LOOP('',(#3850,#3851,#3852,#3853));
#1858=EDGE_LOOP('',(#3854,#3855,#3856,#3857));
#1859=AXIS2_PLACEMENT_3D('',#3858,#3859,#3860);
#1860=EDGE_LOOP('',(#3861,#3862,#3863,#3864));
#1861=EDGE_LOOP('',(#3865,#3866,#3867,#3868));
#1862=EDGE_LOOP('',(#3869,#3870,#3871,#3872));
#1863=EDGE_LOOP('',(#3873,#3874,#3875,#3876));
#1864=EDGE_LOOP('',(#3877,#3878,#3879,#3880));
#1865=AXIS2_PLACEMENT_3D('',#3881,#3882,#3883);
#1866=EDGE_LOOP('',(#3884,#3885,#3886,#3887));
#1867=AXIS2_PLACEMENT_3D('',#3888,#3889,#3890);
#1868=EDGE_LOOP('',(#3891,#3892,#3893,#3894));
#1869=AXIS2_PLACEMENT_3D('',#3895,#3896,#3897);
#1870=EDGE_LOOP('',(#3898,#3899,#3900,#3901,#3902,#3903,#3904,#3905));
#1871=AXIS2_PLACEMENT_3D('',#3906,#3907,#3908);
#1872=EDGE_LOOP('',(#3909,#3910,#3911,#3912,#3913,#3914,#3915,#3916));
#1873=AXIS2_PLACEMENT_3D('',#3917,#3918,#3919);
#1874=EDGE_LOOP('',(#3920,#3921,#3922,#3923));
#1875=AXIS2_PLACEMENT_3D('',#3924,#3925,#3926);
#1876=EDGE_LOOP('',(#3927,#3928,#3929,#3930));
#1877=AXIS2_PLACEMENT_3D('',#3931,#3932,#3933);
#1878=EDGE_LOOP('',(#3934,#3935,#3936,#3937));
#1879=AXIS2_PLACEMENT_3D('',#3938,#3939,#3940);
#1880=EDGE_LOOP('',(#3941,#3942,#3943,#3944));
#1881=AXIS2_PLACEMENT_3D('',#3945,#3946,#3947);
#1882=EDGE_LOOP('',(#3948,#3949,#3950,#3951,#3952,#3953,#3954,#3955));
#1883=AXIS2_PLACEMENT_3D('',#3956,#3957,#3958);
#1884=EDGE_LOOP('',(#3959,#3960,#3961,#3962,#3963,#3964,#3965,#3966));
#1885=AXIS2_PLACEMENT_3D('',#3967,#3968,#3969);
#1886=EDGE_LOOP('',(#3970,#3971,#3972,#3973));
#1887=AXIS2_PLACEMENT_3D('',#3974,#3975,#3976);
#1888=EDGE_LOOP('',(#3977,#3978,#3979,#3980));
#1889=AXIS2_PLACEMENT_3D('',#3981,#3982,#3983);
#1890=EDGE_LOOP('',(#3984,#3985,#3986,#3987));
#1891=AXIS2_PLACEMENT_3D('',#3988,#3989,#3990);
#1892=EDGE_LOOP('',(#3991,#3992,#3993,#3994));
#1893=AXIS2_PLACEMENT_3D('',#3995,#3996,#3997);
#1894=EDGE_LOOP('',(#3998,#3999,#4000,#4001));
#1895=AXIS2_PLACEMENT_3D('',#4002,#4003,#4004);
#1896=EDGE_LOOP('',(#4005,#4006,#4007,#4008));
#1897=AXIS2_PLACEMENT_3D('',#4009,#4010,#4011);
#1898=EDGE_LOOP('',(#4012,#4013,#4014,#4015));
#1899=AXIS2_PLACEMENT_3D('',#4016,#4017,#4018);
#1900=EDGE_LOOP('',(#4019,#4020,#4021,#4022));
#1901=AXIS2_PLACEMENT_3D('',#4023,#4024,#4025);
#1902=EDGE_LOOP('',(#4026,#4027,#4028,#4029));
#1903=AXIS2_PLACEMENT_3D('',#4030,#4031,#4032);
#1904=EDGE_LOOP('',(#4033,#4034,#4035,#4036));
#1905=AXIS2_PLACEMENT_3D('',#4037,#4038,#4039);
#1906=EDGE_LOOP('',(#4040,#4041,#4042,#4043));
#1907=AXIS2_PLACEMENT_3D('',#4044,#4045,#4046);
#1908=EDGE_LOOP('',(#4047,#4048,#4049,#4050));
#1909=AXIS2_PLACEMENT_3D('',#4051,#4052,#4053);
#1910=EDGE_LOOP('',(#4054,#4055,#4056,#4057));
#1911=AXIS2_PLACEMENT_3D('',#4058,#4059,#4060);
#1912=EDGE_LOOP('',(#4061,#4062,#4063,#4064));
#1913=AXIS2_PLACEMENT_3D('',#4065,#4066,#4067);
#1914=EDGE_LOOP('',(#4068,#4069,#4070,#4071));
#1915=AXIS2_PLACEMENT_3D('',#4072,#4073,#4074);
#1916=EDGE_LOOP('',(#4075,#4076,#4077,#4078));
#1917=AXIS2_PLACEMENT_3D('',#4079,#4080,#4081);
#1918=EDGE_LOOP('',(#4082,#4083,#4084,#4085));
#1919=AXIS2_PLACEMENT_3D('',#4086,#4087,#4088);
#1920=EDGE_LOOP('',(#4089,#4090,#4091,#4092));
#1921=AXIS2_PLACEMENT_3D('',#4093,#4094,#4095);
#1922=EDGE_LOOP('',(#4096,#4097,#4098,#4099,#4100,#4101,#4102,#4103));
#1923=AXIS2_PLACEMENT_3D('',#4104,#4105,#4106);
#1924=EDGE_LOOP('',(#4107,#4108,#4109,#4110,#4111,#4112,#4113,#4114));
#1925=AXIS2_PLACEMENT_3D('',#4115,#4116,#4117);
#1926=EDGE_LOOP('',(#4118,#4119,#4120,#4121));
#1927=AXIS2_PLACEMENT_3D('',#4122,#4123,#4124);
#1928=EDGE_LOOP('',(#4125,#4126,#4127,#4128));
#1929=AXIS2_PLACEMENT_3D('',#4129,#4130,#4131);
#1930=EDGE_LOOP('',(#4132,#4133,#4134,#4135));
#1931=AXIS2_PLACEMENT_3D('',#4136,#4137,#4138);
#1932=EDGE_LOOP('',(#4139,#4140,#4141,#4142));
#1933=AXIS2_PLACEMENT_3D('',#4143,#4144,#4145);
#1934=EDGE_LOOP('',(#4146,#4147,#4148,#4149,#4150,#4151,#4152,#4153));
#1935=AXIS2_PLACEMENT_3D('',#4154,#4155,#4156);
#1936=EDGE_LOOP('',(#4157,#4158,#4159,#4160,#4161,#4162,#4163,#4164));
#1937=AXIS2_PLACEMENT_3D('',#4165,#4166,#4167);
#1938=EDGE_LOOP('',(#4168,#4169,#4170,#4171));
#1939=AXIS2_PLACEMENT_3D('',#4172,#4173,#4174);
#1940=EDGE_LOOP('',(#4175,#4176,#4177,#4178));
#1941=AXIS2_PLACEMENT_3D('',#4179,#4180,#4181);
#1942=EDGE_LOOP('',(#4182,#4183,#4184,#4185));
#1943=AXIS2_PLACEMENT_3D('',#4186,#4187,#4188);
#1944=EDGE_LOOP('',(#4189,#4190,#4191,#4192));
#1945=AXIS2_PLACEMENT_3D('',#4193,#4194,#4195);
#1946=EDGE_LOOP('',(#4196,#4197,#4198,#4199));
#1947=AXIS2_PLACEMENT_3D('',#4200,#4201,#4202);
#1948=EDGE_LOOP('',(#4203,#4204,#4205,#4206));
#1949=AXIS2_PLACEMENT_3D('',#4207,#4208,#4209);
#1950=EDGE_LOOP('',(#4210,#4211,#4212,#4213));
#1951=AXIS2_PLACEMENT_3D('',#4214,#4215,#4216);
#1952=EDGE_LOOP('',(#4217,#4218,#4219,#4220));
#1953=AXIS2_PLACEMENT_3D('',#4221,#4222,#4223);
#1954=EDGE_LOOP('',(#4224,#4225,#4226,#4227));
#1955=AXIS2_PLACEMENT_3D('',#4228,#4229,#4230);
#1956=EDGE_LOOP('',(#4231,#4232,#4233,#4234));
#1957=AXIS2_PLACEMENT_3D('',#4235,#4236,#4237);
#1958=EDGE_LOOP('',(#4238,#4239,#4240,#4241));
#1959=AXIS2_PLACEMENT_3D('',#4242,#4243,#4244);
#1960=EDGE_LOOP('',(#4245,#4246,#4247,#4248));
#1961=AXIS2_PLACEMENT_3D('',#4249,#4250,#4251);
#1962=EDGE_LOOP('',(#4252,#4253,#4254,#4255));
#1963=AXIS2_PLACEMENT_3D('',#4256,#4257,#4258);
#1964=EDGE_LOOP('',(#4259,#4260,#4261,#4262));
#1965=AXIS2_PLACEMENT_3D('',#4263,#4264,#4265);
#1966=EDGE_LOOP('',(#4266,#4267,#4268,#4269));
#1967=AXIS2_PLACEMENT_3D('',#4270,#4271,#4272);
#1968=EDGE_LOOP('',(#4273,#4274,#4275,#4276));
#1969=AXIS2_PLACEMENT_3D('',#4277,#4278,#4279);
#1970=EDGE_LOOP('',(#4280,#4281,#4282,#4283));
#1971=AXIS2_PLACEMENT_3D('',#4284,#4285,#4286);
#1972=EDGE_LOOP('',(#4287,#4288,#4289,#4290));
#1973=AXIS2_PLACEMENT_3D('',#4291,#4292,#4293);
#1974=EDGE_LOOP('',(#4294,#4295,#4296,#4297));
#1975=AXIS2_PLACEMENT_3D('',#4298,#4299,#4300);
#1976=EDGE_LOOP('',(#4301,#4302,#4303,#4304));
#1977=AXIS2_PLACEMENT_3D('',#4305,#4306,#4307);
#1978=EDGE_LOOP('',(#4308,#4309,#4310,#4311));
#1979=AXIS2_PLACEMENT_3D('',#4312,#4313,#4314);
#1980=EDGE_LOOP('',(#4315,#4316,#4317,#4318));
#1981=AXIS2_PLACEMENT_3D('',#4319,#4320,#4321);
#1982=EDGE_LOOP('',(#4322,#4323,#4324,#4325));
#1983=AXIS2_PLACEMENT_3D('',#4326,#4327,#4328);
#1984=EDGE_LOOP('',(#4329,#4330,#4331,#4332));
#1985=AXIS2_PLACEMENT_3D('',#4333,#4334,#4335);
#1986=EDGE_LOOP('',(#4336,#4337,#4338,#4339));
#1987=AXIS2_PLACEMENT_3D('',#4340,#4341,#4342);
#1988=EDGE_LOOP('',(#4343,#4344,#4345,#4346));
#1989=AXIS2_PLACEMENT_3D('',#4347,#4348,#4349);
#1990=EDGE_LOOP('',(#4350,#4351,#4352,#4353));
#1991=AXIS2_PLACEMENT_3D('',#4354,#4355,#4356);
#1992=EDGE_LOOP('',(#4357,#4358,#4359,#4360));
#1993=AXIS2_PLACEMENT_3D('',#4361,#4362,#4363);
#1994=EDGE_LOOP('',(#4364,#4365,#4366,#4367));
#1995=AXIS2_PLACEMENT_3D('',#4368,#4369,#4370);
#1996=EDGE_LOOP('',(#4371,#4372,#4373,#4374));
#1997=AXIS2_PLACEMENT_3D('',#4375,#4376,#4377);
#1998=EDGE_LOOP('',(#4378,#4379,#4380,#4381));
#1999=AXIS2_PLACEMENT_3D('',#4382,#4383,#4384);
#2000=EDGE_LOOP('',(#4385,#4386,#4387,#4388));
#2001=AXIS2_PLACEMENT_3D('',#4389,#4390,#4391);
#2002=EDGE_LOOP('',(#4392,#4393,#4394,#4395));
#2003=AXIS2_PLACEMENT_3D('',#4396,#4397,#4398);
#2004=EDGE_LOOP('',(#4399,#4400,#4401,#4402));
#2005=AXIS2_PLACEMENT_3D('',#4403,#4404,#4405);
#2006=EDGE_LOOP('',(#4406,#4407,#4408,#4409));
#2007=AXIS2_PLACEMENT_3D('',#4410,#4411,#4412);
#2008=EDGE_LOOP('',(#4413,#4414,#4415,#4416));
#2009=AXIS2_PLACEMENT_3D('',#4417,#4418,#4419);
#2010=EDGE_LOOP('',(#4420,#4421,#4422,#4423));
#2011=AXIS2_PLACEMENT_3D('',#4424,#4425,#4426);
#2012=EDGE_LOOP('',(#4427,#4428,#4429,#4430));
#2013=AXIS2_PLACEMENT_3D('',#4431,#4432,#4433);
#2014=EDGE_LOOP('',(#4434,#4435,#4436,#4437));
#2015=AXIS2_PLACEMENT_3D('',#4438,#4439,#4440);
#2016=EDGE_LOOP('',(#4441,#4442,#4443,#4444,#4445,#4446));
#2017=AXIS2_PLACEMENT_3D('',#4447,#4448,#4449);
#2018=EDGE_LOOP('',(#4450,#4451,#4452,#4453));
#2019=AXIS2_PLACEMENT_3D('',#4454,#4455,#4456);
#2020=EDGE_LOOP('',(#4457,#4458,#4459,#4460));
#2021=AXIS2_PLACEMENT_3D('',#4461,#4462,#4463);
#2022=EDGE_LOOP('',(#4464,#4465,#4466,#4467));
#2023=AXIS2_PLACEMENT_3D('',#4468,#4469,#4470);
#2024=EDGE_LOOP('',(#4471,#4472,#4473,#4474,#4475,#4476));
#2025=AXIS2_PLACEMENT_3D('',#4477,#4478,#4479);
#2026=EDGE_LOOP('',(#4480,#4481,#4482,#4483,#4484,#4485,#4486,#4487,#4488,#4489,#4490,#4491,#4492,#4493,#4494,#4495,#4496,#4497,#4498,#4499));
#2027=EDGE_LOOP('',(#4500,#4501,#4502,#4503,#4504,#4505,#4506,#4507,#4508,#4509,#4510,#4511,#4512,#4513));
#2028=AXIS2_PLACEMENT_3D('',#4514,#4515,#4516);
#2029=EDGE_LOOP('',(#4517,#4518,#4519,#4520));
#2030=EDGE_LOOP('',(#4521,#4522,#4523,#4524));
#2031=EDGE_LOOP('',(#4525,#4526,#4527,#4528));
#2032=AXIS2_PLACEMENT_3D('',#4529,#4530,#4531);
#2033=EDGE_LOOP('',(#4532,#4533,#4534,#4535,#4536));
#2034=AXIS2_PLACEMENT_3D('',#4537,#4538,#4539);
#2035=EDGE_LOOP('',(#4540,#4541,#4542,#4543));
#2036=AXIS2_PLACEMENT_3D('',#4544,#4545,#4546);
#2037=EDGE_LOOP('',(#4547,#4548,#4549,#4550));
#2038=AXIS2_PLACEMENT_3D('',#4551,#4552,#4553);
#2039=EDGE_LOOP('',(#4554,#4555,#4556,#4557,#4558));
#2040=AXIS2_PLACEMENT_3D('',#4559,#4560,#4561);
#2041=EDGE_LOOP('',(#4562,#4563,#4564,#4565));
#2042=EDGE_LOOP('',(#4566,#4567,#4568,#4569));
#2043=EDGE_LOOP('',(#4570,#4571,#4572,#4573));
#2044=AXIS2_PLACEMENT_3D('',#4574,#4575,#4576);
#2045=EDGE_LOOP('',(#4577,#4578,#4579,#4580,#4581,#4582));
#2046=AXIS2_PLACEMENT_3D('',#4583,#4584,#4585);
#2047=EDGE_LOOP('',(#4586,#4587,#4588,#4589,#4590,#4591,#4592,#4593,#4594));
#2048=AXIS2_PLACEMENT_3D('',#4595,#4596,#4597);
#2049=EDGE_LOOP('',(#4598,#4599,#4600,#4601));
#2050=AXIS2_PLACEMENT_3D('',#4602,#4603,#4604);
#2051=EDGE_LOOP('',(#4605,#4606,#4607,#4608,#4609,#4610));
#2052=AXIS2_PLACEMENT_3D('',#4611,#4612,#4613);
#2053=EDGE_LOOP('',(#4614,#4615,#4616,#4617,#4618));
#2054=AXIS2_PLACEMENT_3D('',#4619,#4620,#4621);
#2055=EDGE_LOOP('',(#4622,#4623,#4624,#4625));
#2056=AXIS2_PLACEMENT_3D('',#4626,#4627,#4628);
#2057=EDGE_LOOP('',(#4629,#4630,#4631,#4632));
#2058=AXIS2_PLACEMENT_3D('',#4633,#4634,#4635);
#2059=EDGE_LOOP('',(#4636,#4637,#4638,#4639,#4640));
#2060=AXIS2_PLACEMENT_3D('',#4641,#4642,#4643);
#2061=EDGE_LOOP('',(#4644,#4645,#4646,#4647,#4648,#4649,#4650,#4651,#4652));
#2062=AXIS2_PLACEMENT_3D('',#4653,#4654,#4655);
#2063=EDGE_LOOP('',(#4656,#4657,#4658,#4659));
#2064=EDGE_LOOP('',(#4660,#4661,#4662,#4663,#4664,#4665,#4666));
#2065=EDGE_LOOP('',(#4667,#4668,#4669,#4670,#4671,#4672,#4673,#4674,#4675,#4676,#4677));
#2066=EDGE_LOOP('',(#4678,#4679,#4680,#4681,#4682,#4683,#4684,#4685,#4686,#4687,#4688,#4689,#4690,#4691,#4692,#4693,#4694,#4695,#4696,#4697,#4698,#4699,#4700,#4701,#4702,#4703,#4704,#4705));
#2067=EDGE_LOOP('',(#4706,#4707,#4708,#4709,#4710,#4711,#4712,#4713,#4714,#4715,#4716,#4717,#4718,#4719,#4720,#4721,#4722,#4723,#4724,#4725,#4726,#4727,#4728,#4729,#4730,#4731,#4732,#4733,#4734,#4735,#4736,#4737,#4738,#4739,#4740,#4741,#4742,#4743,#4744,#4745,#4746,#4747,#4748,#4749,#4750,#4751,#4752,#4753,#4754,#4755,#4756,#4757,#4758,#4759,#4760,#4761,#4762));
#2068=AXIS2_PLACEMENT_3D('',#4763,#4764,#4765);
#2069=EDGE_LOOP('',(#4766,#4767,#4768));
#2070=AXIS2_PLACEMENT_3D('',#4769,#4770,#4771);
#2071=EDGE_LOOP('',(#4772,#4773,#4774,#4775));
#2072=AXIS2_PLACEMENT_3D('',#4776,#4777,#4778);
#2073=EDGE_LOOP('',(#4779,#4780,#4781,#4782));
#2074=AXIS2_PLACEMENT_3D('',#4783,#4784,#4785);
#2075=EDGE_LOOP('',(#4786,#4787,#4788,#4789));
#2076=AXIS2_PLACEMENT_3D('',#4790,#4791,#4792);
#2077=EDGE_LOOP('',(#4793,#4794,#4795,#4796));
#2078=AXIS2_PLACEMENT_3D('',#4797,#4798,#4799);
#2079=EDGE_LOOP('',(#4800,#4801,#4802,#4803));
#2080=AXIS2_PLACEMENT_3D('',#4804,#4805,#4806);
#2081=EDGE_LOOP('',(#4807,#4808,#4809,#4810));
#2082=AXIS2_PLACEMENT_3D('',#4811,#4812,#4813);
#2083=EDGE_LOOP('',(#4814,#4815,#4816,#4817));
#2084=AXIS2_PLACEMENT_3D('',#4818,#4819,#4820);
#2085=EDGE_LOOP('',(#4821,#4822,#4823,#4824,#4825,#4826,#4827));
#2086=AXIS2_PLACEMENT_3D('',#4828,#4829,#4830);
#2087=EDGE_LOOP('',(#4831,#4832,#4833,#4834,#4835,#4836,#4837,#4838,#4839,#4840,#4841));
#2088=EDGE_LOOP('',(#4842,#4843,#4844));
#2089=AXIS2_PLACEMENT_3D('',#4845,#4846,#4847);
#2090=EDGE_LOOP('',(#4848,#4849,#4850,#4851,#4852,#4853,#4854,#4855,#4856,#4857,#4858,#4859,#4860,#4861,#4862,#4863,#4864,#4865,#4866,#4867,#4868,#4869,#4870,#4871,#4872,#4873,#4874,#4875));
#2091=AXIS2_PLACEMENT_3D('',#4876,#4877,#4878);
#2092=EDGE_LOOP('',(#4879,#4880,#4881,#4882,#4883,#4884,#4885,#4886,#4887,#4888,#4889,#4890,#4891,#4892,#4893,#4894,#4895,#4896,#4897,#4898,#4899,#4900,#4901,#4902,#4903,#4904,#4905,#4906,#4907,#4908,#4909,#4910,#4911,#4912,#4913,#4914,#4915,#4916,#4917,#4918,#4919,#4920,#4921,#4922,#4923,#4924,#4925,#4926,#4927,#4928,#4929,#4930,#4931,#4932,#4933,#4934,#4935));
#2093=AXIS2_PLACEMENT_3D('',#4936,#4937,#4938);
#2094=EDGE_LOOP('',(#4939,#4940,#4941,#4942));
#2095=AXIS2_PLACEMENT_3D('',#4943,#4944,#4945);
#2096=EDGE_LOOP('',(#4946,#4947,#4948,#4949));
#2097=AXIS2_PLACEMENT_3D('',#4950,#4951,#4952);
#2098=EDGE_LOOP('',(#4953,#4954,#4955,#4956));
#2099=AXIS2_PLACEMENT_3D('',#4957,#4958,#4959);
#2100=EDGE_LOOP('',(#4960,#4961,#4962,#4963));
#2101=AXIS2_PLACEMENT_3D('',#4964,#4965,#4966);
#2102=EDGE_LOOP('',(#4967,#4968,#4969,#4970));
#2103=AXIS2_PLACEMENT_3D('',#4971,#4972,#4973);
#2104=EDGE_LOOP('',(#4974,#4975,#4976,#4977));
#2105=AXIS2_PLACEMENT_3D('',#4978,#4979,#4980);
#2106=EDGE_LOOP('',(#4981,#4982,#4983,#4984));
#2107=AXIS2_PLACEMENT_3D('',#4985,#4986,#4987);
#2108=EDGE_LOOP('',(#4988,#4989,#4990,#4991));
#2109=AXIS2_PLACEMENT_3D('',#4992,#4993,#4994);
#2110=EDGE_LOOP('',(#4995,#4996,#4997,#4998));
#2111=AXIS2_PLACEMENT_3D('',#4999,#5000,#5001);
#2112=EDGE_LOOP('',(#5002,#5003,#5004,#5005));
#2113=AXIS2_PLACEMENT_3D('',#5006,#5007,#5008);
#2114=EDGE_LOOP('',(#5009,#5010,#5011,#5012));
#2115=AXIS2_PLACEMENT_3D('',#5013,#5014,#5015);
#2116=EDGE_LOOP('',(#5016,#5017,#5018,#5019));
#2117=AXIS2_PLACEMENT_3D('',#5020,#5021,#5022);
#2118=EDGE_LOOP('',(#5023,#5024,#5025,#5026));
#2119=AXIS2_PLACEMENT_3D('',#5027,#5028,#5029);
#2120=EDGE_LOOP('',(#5030,#5031,#5032,#5033));
#2121=AXIS2_PLACEMENT_3D('',#5034,#5035,#5036);
#2122=EDGE_LOOP('',(#5037,#5038,#5039,#5040));
#2123=AXIS2_PLACEMENT_3D('',#5041,#5042,#5043);
#2124=EDGE_LOOP('',(#5044,#5045,#5046,#5047));
#2125=AXIS2_PLACEMENT_3D('',#5048,#5049,#5050);
#2126=EDGE_LOOP('',(#5051,#5052,#5053,#5054));
#2127=AXIS2_PLACEMENT_3D('',#5055,#5056,#5057);
#2128=EDGE_LOOP('',(#5058,#5059,#5060,#5061));
#2129=AXIS2_PLACEMENT_3D('',#5062,#5063,#5064);
#2130=EDGE_LOOP('',(#5065,#5066,#5067,#5068));
#2131=AXIS2_PLACEMENT_3D('',#5069,#5070,#5071);
#2132=EDGE_LOOP('',(#5072,#5073,#5074,#5075));
#2133=AXIS2_PLACEMENT_3D('',#5076,#5077,#5078);
#2134=EDGE_LOOP('',(#5079,#5080,#5081,#5082));
#2135=AXIS2_PLACEMENT_3D('',#5083,#5084,#5085);
#2136=EDGE_LOOP('',(#5086,#5087,#5088,#5089));
#2137=AXIS2_PLACEMENT_3D('',#5090,#5091,#5092);
#2138=EDGE_LOOP('',(#5093,#5094,#5095,#5096));
#2139=AXIS2_PLACEMENT_3D('',#5097,#5098,#5099);
#2140=EDGE_LOOP('',(#5100,#5101,#5102,#5103));
#2141=AXIS2_PLACEMENT_3D('',#5104,#5105,#5106);
#2142=EDGE_LOOP('',(#5107,#5108,#5109,#5110));
#2143=AXIS2_PLACEMENT_3D('',#5111,#5112,#5113);
#2144=EDGE_LOOP('',(#5114,#5115,#5116,#5117));
#2145=AXIS2_PLACEMENT_3D('',#5118,#5119,#5120);
#2146=EDGE_LOOP('',(#5121,#5122,#5123,#5124));
#2147=AXIS2_PLACEMENT_3D('',#5125,#5126,#5127);
#2148=EDGE_LOOP('',(#5128,#5129,#5130,#5131));
#2149=AXIS2_PLACEMENT_3D('',#5132,#5133,#5134);
#2150=EDGE_LOOP('',(#5135,#5136,#5137,#5138));
#2151=AXIS2_PLACEMENT_3D('',#5139,#5140,#5141);
#2152=EDGE_LOOP('',(#5142,#5143,#5144,#5145));
#2153=AXIS2_PLACEMENT_3D('',#5146,#5147,#5148);
#2154=EDGE_LOOP('',(#5149,#5150,#5151,#5152));
#2155=AXIS2_PLACEMENT_3D('',#5153,#5154,#5155);
#2156=EDGE_LOOP('',(#5156,#5157,#5158,#5159));
#2157=AXIS2_PLACEMENT_3D('',#5160,#5161,#5162);
#2158=EDGE_LOOP('',(#5163,#5164,#5165,#5166));
#2159=AXIS2_PLACEMENT_3D('',#5167,#5168,#5169);
#2160=EDGE_LOOP('',(#5170,#5171,#5172,#5173));
#2161=AXIS2_PLACEMENT_3D('',#5174,#5175,#5176);
#2162=EDGE_LOOP('',(#5177,#5178,#5179,#5180));
#2163=AXIS2_PLACEMENT_3D('',#5181,#5182,#5183);
#2164=EDGE_LOOP('',(#5184,#5185,#5186,#5187));
#2165=AXIS2_PLACEMENT_3D('',#5188,#5189,#5190);
#2166=EDGE_LOOP('',(#5191,#5192,#5193,#5194));
#2167=AXIS2_PLACEMENT_3D('',#5195,#5196,#5197);
#2168=EDGE_LOOP('',(#5198,#5199,#5200,#5201));
#2169=AXIS2_PLACEMENT_3D('',#5202,#5203,#5204);
#2170=EDGE_LOOP('',(#5205,#5206,#5207,#5208));
#2171=AXIS2_PLACEMENT_3D('',#5209,#5210,#5211);
#2172=EDGE_LOOP('',(#5212,#5213,#5214,#5215));
#2173=AXIS2_PLACEMENT_3D('',#5216,#5217,#5218);
#2174=EDGE_LOOP('',(#5219,#5220,#5221,#5222));
#2175=AXIS2_PLACEMENT_3D('',#5223,#5224,#5225);
#2176=EDGE_LOOP('',(#5226,#5227,#5228,#5229));
#2177=AXIS2_PLACEMENT_3D('',#5230,#5231,#5232);
#2178=EDGE_LOOP('',(#5233,#5234,#5235,#5236));
#2179=AXIS2_PLACEMENT_3D('',#5237,#5238,#5239);
#2180=EDGE_LOOP('',(#5240,#5241,#5242,#5243));
#2181=AXIS2_PLACEMENT_3D('',#5244,#5245,#5246);
#2182=EDGE_LOOP('',(#5247,#5248,#5249,#5250));
#2183=AXIS2_PLACEMENT_3D('',#5251,#5252,#5253);
#2184=EDGE_LOOP('',(#5254,#5255,#5256,#5257));
#2185=AXIS2_PLACEMENT_3D('',#5258,#5259,#5260);
#2186=EDGE_LOOP('',(#5261,#5262,#5263,#5264));
#2187=AXIS2_PLACEMENT_3D('',#5265,#5266,#5267);
#2188=EDGE_LOOP('',(#5268,#5269,#5270,#5271));
#2189=AXIS2_PLACEMENT_3D('',#5272,#5273,#5274);
#2190=EDGE_LOOP('',(#5275,#5276,#5277,#5278));
#2191=AXIS2_PLACEMENT_3D('',#5279,#5280,#5281);
#2192=EDGE_LOOP('',(#5282,#5283,#5284,#5285));
#2193=AXIS2_PLACEMENT_3D('',#5286,#5287,#5288);
#2194=EDGE_LOOP('',(#5289,#5290,#5291,#5292));
#2195=AXIS2_PLACEMENT_3D('',#5293,#5294,#5295);
#2196=EDGE_LOOP('',(#5296,#5297,#5298,#5299));
#2197=AXIS2_PLACEMENT_3D('',#5300,#5301,#5302);
#2198=EDGE_LOOP('',(#5303,#5304,#5305,#5306));
#2199=AXIS2_PLACEMENT_3D('',#5307,#5308,#5309);
#2200=EDGE_LOOP('',(#5310,#5311,#5312,#5313));
#2201=AXIS2_PLACEMENT_3D('',#5314,#5315,#5316);
#2202=EDGE_LOOP('',(#5317,#5318,#5319,#5320));
#2203=AXIS2_PLACEMENT_3D('',#5321,#5322,#5323);
#2204=EDGE_LOOP('',(#5324,#5325,#5326,#5327));
#2205=AXIS2_PLACEMENT_3D('',#5328,#5329,#5330);
#2206=EDGE_LOOP('',(#5331,#5332,#5333,#5334));
#2207=AXIS2_PLACEMENT_3D('',#5335,#5336,#5337);
#2208=EDGE_LOOP('',(#5338,#5339,#5340,#5341));
#2209=AXIS2_PLACEMENT_3D('',#5342,#5343,#5344);
#2210=EDGE_LOOP('',(#5345,#5346,#5347,#5348));
#2211=AXIS2_PLACEMENT_3D('',#5349,#5350,#5351);
#2212=EDGE_LOOP('',(#5352,#5353,#5354,#5355));
#2213=AXIS2_PLACEMENT_3D('',#5356,#5357,#5358);
#2214=EDGE_LOOP('',(#5359,#5360,#5361,#5362));
#2215=AXIS2_PLACEMENT_3D('',#5363,#5364,#5365);
#2216=EDGE_LOOP('',(#5366,#5367,#5368,#5369));
#2217=AXIS2_PLACEMENT_3D('',#5370,#5371,#5372);
#2218=EDGE_LOOP('',(#5373,#5374,#5375,#5376));
#2219=AXIS2_PLACEMENT_3D('',#5377,#5378,#5379);
#2220=EDGE_LOOP('',(#5380,#5381,#5382,#5383));
#2221=AXIS2_PLACEMENT_3D('',#5384,#5385,#5386);
#2222=EDGE_LOOP('',(#5387,#5388,#5389,#5390));
#2223=AXIS2_PLACEMENT_3D('',#5391,#5392,#5393);
#2224=EDGE_LOOP('',(#5394,#5395,#5396,#5397));
#2225=AXIS2_PLACEMENT_3D('',#5398,#5399,#5400);
#2226=EDGE_LOOP('',(#5401,#5402,#5403,#5404));
#2227=AXIS2_PLACEMENT_3D('',#5405,#5406,#5407);
#2228=EDGE_LOOP('',(#5408,#5409,#5410,#5411));
#2229=AXIS2_PLACEMENT_3D('',#5412,#5413,#5414);
#2230=EDGE_LOOP('',(#5415,#5416,#5417,#5418));
#2231=AXIS2_PLACEMENT_3D('',#5419,#5420,#5421);
#2232=EDGE_LOOP('',(#5422,#5423,#5424,#5425));
#2233=AXIS2_PLACEMENT_3D('',#5426,#5427,#5428);
#2234=EDGE_LOOP('',(#5429,#5430,#5431,#5432));
#2235=AXIS2_PLACEMENT_3D('',#5433,#5434,#5435);
#2236=EDGE_LOOP('',(#5436,#5437,#5438,#5439));
#2237=AXIS2_PLACEMENT_3D('',#5440,#5441,#5442);
#2238=EDGE_LOOP('',(#5443,#5444,#5445,#5446));
#2239=AXIS2_PLACEMENT_3D('',#5447,#5448,#5449);
#2240=EDGE_LOOP('',(#5450,#5451,#5452,#5453));
#2241=AXIS2_PLACEMENT_3D('',#5454,#5455,#5456);
#2242=EDGE_LOOP('',(#5457,#5458,#5459,#5460));
#2243=AXIS2_PLACEMENT_3D('',#5461,#5462,#5463);
#2244=EDGE_LOOP('',(#5464,#5465,#5466,#5467));
#2245=AXIS2_PLACEMENT_3D('',#5468,#5469,#5470);
#2246=EDGE_LOOP('',(#5471,#5472,#5473,#5474));
#2247=AXIS2_PLACEMENT_3D('',#5475,#5476,#5477);
#2248=EDGE_LOOP('',(#5478,#5479,#5480,#5481));
#2249=AXIS2_PLACEMENT_3D('',#5482,#5483,#5484);
#2250=EDGE_LOOP('',(#5485,#5486,#5487,#5488));
#2251=AXIS2_PLACEMENT_3D('',#5489,#5490,#5491);
#2252=EDGE_LOOP('',(#5492,#5493,#5494,#5495));
#2253=AXIS2_PLACEMENT_3D('',#5496,#5497,#5498);
#2254=EDGE_LOOP('',(#5499,#5500,#5501,#5502));
#2255=AXIS2_PLACEMENT_3D('',#5503,#5504,#5505);
#2256=EDGE_LOOP('',(#5506,#5507,#5508,#5509));
#2257=AXIS2_PLACEMENT_3D('',#5510,#5511,#5512);
#2258=EDGE_LOOP('',(#5513,#5514,#5515,#5516));
#2259=AXIS2_PLACEMENT_3D('',#5517,#5518,#5519);
#2260=EDGE_LOOP('',(#5520,#5521,#5522,#5523));
#2261=AXIS2_PLACEMENT_3D('',#5524,#5525,#5526);
#2262=EDGE_LOOP('',(#5527,#5528,#5529,#5530));
#2263=AXIS2_PLACEMENT_3D('',#5531,#5532,#5533);
#2264=EDGE_LOOP('',(#5534,#5535,#5536,#5537));
#2265=AXIS2_PLACEMENT_3D('',#5538,#5539,#5540);
#2266=EDGE_LOOP('',(#5541,#5542,#5543,#5544));
#2267=AXIS2_PLACEMENT_3D('',#5545,#5546,#5547);
#2268=EDGE_LOOP('',(#5548,#5549,#5550,#5551));
#2269=AXIS2_PLACEMENT_3D('',#5552,#5553,#5554);
#2270=EDGE_LOOP('',(#5555,#5556,#5557,#5558));
#2271=AXIS2_PLACEMENT_3D('',#5559,#5560,#5561);
#2272=EDGE_LOOP('',(#5562,#5563,#5564,#5565));
#2273=AXIS2_PLACEMENT_3D('',#5566,#5567,#5568);
#2274=EDGE_LOOP('',(#5569,#5570,#5571,#5572));
#2275=AXIS2_PLACEMENT_3D('',#5573,#5574,#5575);
#2276=EDGE_LOOP('',(#5576,#5577,#5578,#5579));
#2277=AXIS2_PLACEMENT_3D('',#5580,#5581,#5582);
#2278=EDGE_LOOP('',(#5583,#5584,#5585,#5586));
#2279=AXIS2_PLACEMENT_3D('',#5587,#5588,#5589);
#2280=EDGE_LOOP('',(#5590,#5591,#5592,#5593));
#2281=AXIS2_PLACEMENT_3D('',#5594,#5595,#5596);
#2282=EDGE_LOOP('',(#5597,#5598,#5599,#5600));
#2283=AXIS2_PLACEMENT_3D('',#5601,#5602,#5603);
#2284=EDGE_LOOP('',(#5604,#5605,#5606,#5607));
#2285=AXIS2_PLACEMENT_3D('',#5608,#5609,#5610);
#2286=EDGE_LOOP('',(#5611,#5612,#5613,#5614));
#2287=AXIS2_PLACEMENT_3D('',#5615,#5616,#5617);
#2288=EDGE_LOOP('',(#5618,#5619,#5620,#5621));
#2289=AXIS2_PLACEMENT_3D('',#5622,#5623,#5624);
#2290=EDGE_LOOP('',(#5625,#5626,#5627,#5628));
#2291=AXIS2_PLACEMENT_3D('',#5629,#5630,#5631);
#2292=EDGE_LOOP('',(#5632,#5633,#5634,#5635));
#2293=AXIS2_PLACEMENT_3D('',#5636,#5637,#5638);
#2294=EDGE_LOOP('',(#5639,#5640,#5641));
#2295=AXIS2_PLACEMENT_3D('',#5642,#5643,#5644);
#2296=EDGE_LOOP('',(#5645,#5646,#5647));
#2297=AXIS2_PLACEMENT_3D('',#5648,#5649,#5650);
#2298=EDGE_LOOP('',(#5651,#5652,#5653,#5654));
#2299=AXIS2_PLACEMENT_3D('',#5655,#5656,#5657);
#2300=EDGE_LOOP('',(#5658,#5659,#5660));
#2301=AXIS2_PLACEMENT_3D('',#5661,#5662,#5663);
#2302=EDGE_LOOP('',(#5664,#5665,#5666));
#2303=AXIS2_PLACEMENT_3D('',#5667,#5668,#5669);
#2304=EDGE_LOOP('',(#5670,#5671,#5672,#5673));
#2305=AXIS2_PLACEMENT_3D('',#5674,#5675,#5676);
#2306=EDGE_LOOP('',(#5677,#5678,#5679,#5680));
#2307=AXIS2_PLACEMENT_3D('',#5681,#5682,#5683);
#2308=EDGE_LOOP('',(#5684,#5685,#5686,#5687));
#2309=AXIS2_PLACEMENT_3D('',#5688,#5689,#5690);
#2310=EDGE_LOOP('',(#5691,#5692,#5693));
#2311=AXIS2_PLACEMENT_3D('',#5694,#5695,#5696);
#2312=EDGE_LOOP('',(#5697,#5698,#5699));
#2313=AXIS2_PLACEMENT_3D('',#5700,#5701,#5702);
#2314=EDGE_LOOP('',(#5703,#5704,#5705,#5706));
#2315=AXIS2_PLACEMENT_3D('',#5707,#5708,#5709);
#2316=EDGE_LOOP('',(#5710,#5711,#5712));
#2317=AXIS2_PLACEMENT_3D('',#5713,#5714,#5715);
#2318=EDGE_LOOP('',(#5716,#5717,#5718));
#2319=AXIS2_PLACEMENT_3D('',#5719,#5720,#5721);
#2320=EDGE_LOOP('',(#5722,#5723,#5724,#5725));
#2321=AXIS2_PLACEMENT_3D('',#5726,#5727,#5728);
#2322=EDGE_LOOP('',(#5729,#5730,#5731,#5732));
#2323=AXIS2_PLACEMENT_3D('',#5733,#5734,#5735);
#2324=EDGE_LOOP('',(#5736,#5737,#5738,#5739));
#2325=AXIS2_PLACEMENT_3D('',#5740,#5741,#5742);
#2326=EDGE_LOOP('',(#5743,#5744,#5745,#5746));
#2327=AXIS2_PLACEMENT_3D('',#5747,#5748,#5749);
#2328=EDGE_LOOP('',(#5750,#5751,#5752,#5753));
#2329=AXIS2_PLACEMENT_3D('',#5754,#5755,#5756);
#2330=EDGE_LOOP('',(#5757,#5758,#5759,#5760));
#2331=AXIS2_PLACEMENT_3D('',#5761,#5762,#5763);
#2332=EDGE_LOOP('',(#5764,#5765,#5766,#5767,#5768,#5769,#5770,#5771));
#2333=AXIS2_PLACEMENT_3D('',#5772,#5773,#5774);
#2334=EDGE_LOOP('',(#5775,#5776,#5777,#5778));
#2335=AXIS2_PLACEMENT_3D('',#5779,#5780,#5781);
#2336=EDGE_LOOP('',(#5782,#5783,#5784,#5785));
#2337=AXIS2_PLACEMENT_3D('',#5786,#5787,#5788);
#2338=EDGE_LOOP('',(#5789,#5790,#5791,#5792));
#2339=AXIS2_PLACEMENT_3D('',#5793,#5794,#5795);
#2340=EDGE_LOOP('',(#5796,#5797,#5798,#5799));
#2341=AXIS2_PLACEMENT_3D('',#5800,#5801,#5802);
#2342=EDGE_LOOP('',(#5803,#5804,#5805,#5806,#5807));
#2343=AXIS2_PLACEMENT_3D('',#5808,#5809,#5810);
#2344=EDGE_LOOP('',(#5811,#5812,#5813,#5814));
#2345=AXIS2_PLACEMENT_3D('',#5815,#5816,#5817);
#2346=EDGE_LOOP('',(#5818,#5819,#5820,#5821,#5822));
#2347=AXIS2_PLACEMENT_3D('',#5823,#5824,#5825);
#2348=EDGE_LOOP('',(#5826,#5827,#5828,#5829));
#2349=AXIS2_PLACEMENT_3D('',#5830,#5831,#5832);
#2350=EDGE_LOOP('',(#5833,#5834,#5835,#5836));
#2351=AXIS2_PLACEMENT_3D('',#5837,#5838,#5839);
#2352=EDGE_LOOP('',(#5840,#5841,#5842,#5843));
#2353=AXIS2_PLACEMENT_3D('',#5844,#5845,#5846);
#2354=EDGE_LOOP('',(#5847,#5848,#5849,#5850,#5851,#5852));
#2355=AXIS2_PLACEMENT_3D('',#5853,#5854,#5855);
#2356=EDGE_LOOP('',(#5856,#5857,#5858,#5859));
#2357=AXIS2_PLACEMENT_3D('',#5860,#5861,#5862);
#2358=EDGE_LOOP('',(#5863,#5864,#5865,#5866,#5867,#5868));
#2359=AXIS2_PLACEMENT_3D('',#5869,#5870,#5871);
#2360=EDGE_LOOP('',(#5872,#5873,#5874,#5875));
#2361=AXIS2_PLACEMENT_3D('',#5876,#5877,#5878);
#2362=EDGE_LOOP('',(#5879,#5880,#5881,#5882));
#2363=AXIS2_PLACEMENT_3D('',#5883,#5884,#5885);
#2364=EDGE_LOOP('',(#5886,#5887,#5888,#5889));
#2365=AXIS2_PLACEMENT_3D('',#5890,#5891,#5892);
#2366=EDGE_LOOP('',(#5893,#5894,#5895,#5896));
#2367=AXIS2_PLACEMENT_3D('',#5897,#5898,#5899);
#2368=EDGE_LOOP('',(#5900,#5901,#5902,#5903));
#2369=AXIS2_PLACEMENT_3D('',#5904,#5905,#5906);
#2370=EDGE_LOOP('',(#5907,#5908,#5909,#5910,#5911,#5912,#5913,#5914));
#2371=AXIS2_PLACEMENT_3D('',#5915,#5916,#5917);
#2372=EDGE_LOOP('',(#5918,#5919,#5920,#5921,#5922,#5923,#5924,#5925,#5926,#5927,#5928,#5929,#5930,#5931));
#2373=EDGE_LOOP('',(#5932,#5933,#5934,#5935,#5936,#5937,#5938,#5939));
#2374=EDGE_LOOP('',(#5940,#5941,#5942,#5943,#5944,#5945,#5946,#5947));
#2375=AXIS2_PLACEMENT_3D('',#5948,#5949,#5950);
#2376=EDGE_LOOP('',(#5951,#5952,#5953,#5954,#5955,#5956,#5957,#5958,#5959,#5960,#5961,#5962,#5963,#5964,#5965,#5966,#5967,#5968));
#2377=AXIS2_PLACEMENT_3D('',#5969,#5970,#5971);
#2378=EDGE_LOOP('',(#5972,#5973,#5974,#5975,#5976,#5977,#5978,#5979,#5980,#5981,#5982,#5983,#5984,#5985,#5986,#5987,#5988,#5989));
#2379=AXIS2_PLACEMENT_3D('',#5990,#5991,#5992);
#2380=EDGE_LOOP('',(#5993,#5994,#5995,#5996));
#2381=AXIS2_PLACEMENT_3D('',#5997,#5998,#5999);
#2382=EDGE_LOOP('',(#6000,#6001,#6002,#6003,#6004,#6005,#6006,#6007,#6008,#6009,#6010,#6011,#6012,#6013,#6014,#6015,#6016,#6017));
#2383=AXIS2_PLACEMENT_3D('',#6018,#6019,#6020);
#2384=EDGE_LOOP('',(#6021,#6022,#6023,#6024,#6025,#6026,#6027,#6028,#6029,#6030,#6031,#6032,#6033,#6034,#6035,#6036,#6037,#6038));
#2385=AXIS2_PLACEMENT_3D('',#6039,#6040,#6041);
#2386=EDGE_LOOP('',(#6042,#6043,#6044,#6045));
#2387=AXIS2_PLACEMENT_3D('',#6046,#6047,#6048);
#2388=EDGE_LOOP('',(#6049,#6050,#6051,#6052));
#2389=AXIS2_PLACEMENT_3D('',#6053,#6054,#6055);
#2390=EDGE_LOOP('',(#6056,#6057,#6058,#6059));
#2391=AXIS2_PLACEMENT_3D('',#6060,#6061,#6062);
#2392=EDGE_LOOP('',(#6063,#6064,#6065,#6066));
#2393=AXIS2_PLACEMENT_3D('',#6067,#6068,#6069);
#2394=EDGE_LOOP('',(#6070,#6071,#6072,#6073));
#2395=AXIS2_PLACEMENT_3D('',#6074,#6075,#6076);
#2396=EDGE_LOOP('',(#6077,#6078,#6079,#6080));
#2397=AXIS2_PLACEMENT_3D('',#6081,#6082,#6083);
#2398=EDGE_LOOP('',(#6084,#6085,#6086,#6087));
#2399=AXIS2_PLACEMENT_3D('',#6088,#6089,#6090);
#2400=EDGE_LOOP('',(#6091,#6092,#6093,#6094));
#2401=AXIS2_PLACEMENT_3D('',#6095,#6096,#6097);
#2402=EDGE_LOOP('',(#6098,#6099,#6100,#6101));
#2403=AXIS2_PLACEMENT_3D('',#6102,#6103,#6104);
#2404=EDGE_LOOP('',(#6105,#6106,#6107,#6108));
#2405=AXIS2_PLACEMENT_3D('',#6109,#6110,#6111);
#2406=EDGE_LOOP('',(#6112,#6113,#6114,#6115));
#2407=AXIS2_PLACEMENT_3D('',#6116,#6117,#6118);
#2408=EDGE_LOOP('',(#6119,#6120,#6121,#6122));
#2409=AXIS2_PLACEMENT_3D('',#6123,#6124,#6125);
#2410=EDGE_LOOP('',(#6126,#6127,#6128,#6129));
#2411=AXIS2_PLACEMENT_3D('',#6130,#6131,#6132);
#2412=EDGE_LOOP('',(#6133,#6134,#6135,#6136));
#2413=AXIS2_PLACEMENT_3D('',#6137,#6138,#6139);
#2414=EDGE_LOOP('',(#6140,#6141,#6142,#6143,#6144,#6145));
#2415=AXIS2_PLACEMENT_3D('',#6146,#6147,#6148);
#2416=EDGE_LOOP('',(#6149,#6150,#6151,#6152,#6153,#6154));
#2417=AXIS2_PLACEMENT_3D('',#6155,#6156,#6157);
#2418=EDGE_LOOP('',(#6158,#6159,#6160,#6161));
#2419=AXIS2_PLACEMENT_3D('',#6162,#6163,#6164);
#2420=EDGE_LOOP('',(#6165,#6166,#6167,#6168));
#2421=AXIS2_PLACEMENT_3D('',#6169,#6170,#6171);
#2422=EDGE_LOOP('',(#6172,#6173,#6174,#6175));
#2423=AXIS2_PLACEMENT_3D('',#6176,#6177,#6178);
#2424=EDGE_LOOP('',(#6179,#6180,#6181,#6182));
#2425=AXIS2_PLACEMENT_3D('',#6183,#6184,#6185);
#2426=EDGE_LOOP('',(#6186,#6187,#6188,#6189));
#2427=AXIS2_PLACEMENT_3D('',#6190,#6191,#6192);
#2428=EDGE_LOOP('',(#6193,#6194,#6195,#6196,#6197,#6198,#6199,#6200,#6201,#6202));
#2429=AXIS2_PLACEMENT_3D('',#6203,#6204,#6205);
#2430=EDGE_LOOP('',(#6206,#6207,#6208,#6209,#6210,#6211,#6212,#6213,#6214));
#2431=AXIS2_PLACEMENT_3D('',#6215,#6216,#6217);
#2432=EDGE_LOOP('',(#6218,#6219,#6220,#6221,#6222,#6223,#6224,#6225,#6226));
#2433=AXIS2_PLACEMENT_3D('',#6227,#6228,#6229);
#2434=EDGE_LOOP('',(#6230,#6231,#6232,#6233,#6234,#6235));
#2435=AXIS2_PLACEMENT_3D('',#6236,#6237,#6238);
#2436=EDGE_LOOP('',(#6239,#6240,#6241,#6242,#6243,#6244,#6245,#6246,#6247,#6248,#6249,#6250,#6251,#6252));
#2437=AXIS2_PLACEMENT_3D('',#6253,#6254,#6255);
#2438=EDGE_LOOP('',(#6256,#6257,#6258,#6259,#6260,#6261,#6262,#6263,#6264,#6265,#6266,#6267,#6268));
#2439=AXIS2_PLACEMENT_3D('',#6269,#6270,#6271);
#2440=EDGE_LOOP('',(#6272,#6273,#6274,#6275));
#2441=AXIS2_PLACEMENT_3D('',#6276,#6277,#6278);
#2442=EDGE_LOOP('',(#6279,#6280,#6281,#6282));
#2443=AXIS2_PLACEMENT_3D('',#6283,#6284,#6285);
#2444=EDGE_LOOP('',(#6286,#6287,#6288,#6289,#6290,#6291,#6292,#6293,#6294,#6295,#6296,#6297,#6298));
#2445=AXIS2_PLACEMENT_3D('',#6299,#6300,#6301);
#2446=EDGE_LOOP('',(#6302,#6303,#6304,#6305));
#2447=AXIS2_PLACEMENT_3D('',#6306,#6307,#6308);
#2448=EDGE_LOOP('',(#6309,#6310,#6311,#6312));
#2449=AXIS2_PLACEMENT_3D('',#6313,#6314,#6315);
#2450=EDGE_LOOP('',(#6316,#6317,#6318,#6319));
#2451=AXIS2_PLACEMENT_3D('',#6320,#6321,#6322);
#2452=EDGE_LOOP('',(#6323,#6324,#6325,#6326));
#2453=AXIS2_PLACEMENT_3D('',#6327,#6328,#6329);
#2454=EDGE_LOOP('',(#6330,#6331,#6332,#6333));
#2455=AXIS2_PLACEMENT_3D('',#6334,#6335,#6336);
#2456=EDGE_LOOP('',(#6337,#6338,#6339,#6340));
#2457=AXIS2_PLACEMENT_3D('',#6341,#6342,#6343);
#2458=EDGE_LOOP('',(#6344,#6345,#6346,#6347));
#2459=AXIS2_PLACEMENT_3D('',#6348,#6349,#6350);
#2460=EDGE_LOOP('',(#6351,#6352,#6353,#6354));
#2461=AXIS2_PLACEMENT_3D('',#6355,#6356,#6357);
#2462=EDGE_LOOP('',(#6358,#6359,#6360,#6361));
#2463=AXIS2_PLACEMENT_3D('',#6362,#6363,#6364);
#2464=EDGE_LOOP('',(#6365,#6366,#6367,#6368,#6369,#6370));
#2465=AXIS2_PLACEMENT_3D('',#6371,#6372,#6373);
#2466=EDGE_LOOP('',(#6374,#6375,#6376,#6377));
#2467=AXIS2_PLACEMENT_3D('',#6378,#6379,#6380);
#2468=EDGE_LOOP('',(#6381,#6382,#6383,#6384));
#2469=AXIS2_PLACEMENT_3D('',#6385,#6386,#6387);
#2470=EDGE_LOOP('',(#6388,#6389,#6390,#6391));
#2471=AXIS2_PLACEMENT_3D('',#6392,#6393,#6394);
#2472=EDGE_LOOP('',(#6395,#6396,#6397,#6398));
#2473=AXIS2_PLACEMENT_3D('',#6399,#6400,#6401);
#2474=EDGE_LOOP('',(#6402,#6403,#6404,#6405));
#2475=AXIS2_PLACEMENT_3D('',#6406,#6407,#6408);
#2476=EDGE_LOOP('',(#6409,#6410,#6411,#6412,#6413,#6414));
#2477=AXIS2_PLACEMENT_3D('',#6415,#6416,#6417);
#2478=EDGE_LOOP('',(#6418,#6419,#6420,#6421,#6422,#6423));
#2479=AXIS2_PLACEMENT_3D('',#6424,#6425,#6426);
#2480=EDGE_LOOP('',(#6427,#6428,#6429,#6430));
#2481=AXIS2_PLACEMENT_3D('',#6431,#6432,#6433);
#2482=EDGE_LOOP('',(#6434,#6435,#6436,#6437));
#2483=AXIS2_PLACEMENT_3D('',#6438,#6439,#6440);
#2484=EDGE_LOOP('',(#6441,#6442,#6443,#6444));
#2485=AXIS2_PLACEMENT_3D('',#6445,#6446,#6447);
#2486=EDGE_LOOP('',(#6448,#6449,#6450,#6451));
#2487=AXIS2_PLACEMENT_3D('',#6452,#6453,#6454);
#2488=EDGE_LOOP('',(#6455,#6456,#6457,#6458));
#2489=AXIS2_PLACEMENT_3D('',#6459,#6460,#6461);
#2490=EDGE_LOOP('',(#6462,#6463,#6464,#6465));
#2491=AXIS2_PLACEMENT_3D('',#6466,#6467,#6468);
#2492=EDGE_LOOP('',(#6469,#6470,#6471,#6472));
#2493=AXIS2_PLACEMENT_3D('',#6473,#6474,#6475);
#2494=EDGE_LOOP('',(#6476,#6477,#6478,#6479));
#2495=AXIS2_PLACEMENT_3D('',#6480,#6481,#6482);
#2496=EDGE_LOOP('',(#6483,#6484,#6485,#6486));
#2497=AXIS2_PLACEMENT_3D('',#6487,#6488,#6489);
#2498=EDGE_LOOP('',(#6490,#6491,#6492,#6493));
#2499=AXIS2_PLACEMENT_3D('',#6494,#6495,#6496);
#2500=EDGE_LOOP('',(#6497,#6498,#6499,#6500));
#2501=AXIS2_PLACEMENT_3D('',#6501,#6502,#6503);
#2502=EDGE_LOOP('',(#6504,#6505,#6506,#6507));
#2503=AXIS2_PLACEMENT_3D('',#6508,#6509,#6510);
#2504=EDGE_LOOP('',(#6511,#6512,#6513,#6514));
#2505=AXIS2_PLACEMENT_3D('',#6515,#6516,#6517);
#2506=EDGE_LOOP('',(#6518,#6519,#6520,#6521));
#2507=AXIS2_PLACEMENT_3D('',#6522,#6523,#6524);
#2508=EDGE_LOOP('',(#6525,#6526,#6527,#6528));
#2509=AXIS2_PLACEMENT_3D('',#6529,#6530,#6531);
#2510=EDGE_LOOP('',(#6532,#6533,#6534,#6535));
#2511=AXIS2_PLACEMENT_3D('',#6536,#6537,#6538);
#2512=EDGE_LOOP('',(#6539,#6540,#6541,#6542));
#2513=AXIS2_PLACEMENT_3D('',#6543,#6544,#6545);
#2514=EDGE_LOOP('',(#6546,#6547,#6548,#6549));
#2515=AXIS2_PLACEMENT_3D('',#6550,#6551,#6552);
#2516=EDGE_LOOP('',(#6553,#6554,#6555,#6556));
#2517=AXIS2_PLACEMENT_3D('',#6557,#6558,#6559);
#2518=EDGE_LOOP('',(#6560,#6561,#6562,#6563));
#2519=AXIS2_PLACEMENT_3D('',#6564,#6565,#6566);
#2520=EDGE_LOOP('',(#6567,#6568,#6569,#6570));
#2521=AXIS2_PLACEMENT_3D('',#6571,#6572,#6573);
#2522=EDGE_LOOP('',(#6574,#6575,#6576,#6577,#6578));
#2523=AXIS2_PLACEMENT_3D('',#6579,#6580,#6581);
#2524=EDGE_LOOP('',(#6582,#6583,#6584,#6585,#6586));
#2525=AXIS2_PLACEMENT_3D('',#6587,#6588,#6589);
#2526=EDGE_LOOP('',(#6590,#6591,#6592,#6593,#6594,#6595,#6596,#6597,#6598,#6599,#6600,#6601,#6602,#6603));
#2527=AXIS2_PLACEMENT_3D('',#6604,#6605,#6606);
#2528=EDGE_LOOP('',(#6607,#6608,#6609,#6610));
#2529=AXIS2_PLACEMENT_3D('',#6611,#6612,#6613);
#2530=EDGE_LOOP('',(#6614,#6615,#6616,#6617,#6618,#6619,#6620,#6621,#6622,#6623,#6624,#6625,#6626,#6627));
#2531=AXIS2_PLACEMENT_3D('',#6628,#6629,#6630);
#2532=EDGE_LOOP('',(#6631,#6632,#6633,#6634));
#2533=AXIS2_PLACEMENT_3D('',#6635,#6636,#6637);
#2534=EDGE_LOOP('',(#6638,#6639,#6640,#6641));
#2535=AXIS2_PLACEMENT_3D('',#6642,#6643,#6644);
#2536=EDGE_LOOP('',(#6645,#6646,#6647,#6648));
#2537=AXIS2_PLACEMENT_3D('',#6649,#6650,#6651);
#2538=EDGE_LOOP('',(#6652,#6653,#6654,#6655));
#2539=AXIS2_PLACEMENT_3D('',#6656,#6657,#6658);
#2540=EDGE_LOOP('',(#6659,#6660,#6661,#6662));
#2541=AXIS2_PLACEMENT_3D('',#6663,#6664,#6665);
#2542=EDGE_LOOP('',(#6666,#6667,#6668,#6669));
#2543=AXIS2_PLACEMENT_3D('',#6670,#6671,#6672);
#2544=EDGE_LOOP('',(#6673,#6674,#6675,#6676));
#2545=AXIS2_PLACEMENT_3D('',#6677,#6678,#6679);
#2546=EDGE_LOOP('',(#6680,#6681,#6682,#6683));
#2547=AXIS2_PLACEMENT_3D('',#6684,#6685,#6686);
#2548=EDGE_LOOP('',(#6687,#6688,#6689));
#2549=AXIS2_PLACEMENT_3D('',#6690,#6691,#6692);
#2550=EDGE_LOOP('',(#6693,#6694,#6695,#6696));
#2551=AXIS2_PLACEMENT_3D('',#6697,#6698,#6699);
#2552=EDGE_LOOP('',(#6700,#6701,#6702,#6703));
#2553=AXIS2_PLACEMENT_3D('',#6704,#6705,#6706);
#2554=EDGE_LOOP('',(#6707,#6708,#6709,#6710));
#2555=AXIS2_PLACEMENT_3D('',#6711,#6712,#6713);
#2556=EDGE_LOOP('',(#6714,#6715,#6716,#6717,#6718,#6719));
#2557=AXIS2_PLACEMENT_3D('',#6720,#6721,#6722);
#2558=EDGE_LOOP('',(#6723,#6724,#6725,#6726));
#2559=AXIS2_PLACEMENT_3D('',#6727,#6728,#6729);
#2560=EDGE_LOOP('',(#6730,#6731,#6732,#6733));
#2561=AXIS2_PLACEMENT_3D('',#6734,#6735,#6736);
#2562=EDGE_LOOP('',(#6737,#6738,#6739,#6740));
#2563=AXIS2_PLACEMENT_3D('',#6741,#6742,#6743);
#2564=EDGE_LOOP('',(#6744,#6745,#6746,#6747));
#2565=AXIS2_PLACEMENT_3D('',#6748,#6749,#6750);
#2566=EDGE_LOOP('',(#6751,#6752,#6753,#6754,#6755,#6756));
#2567=AXIS2_PLACEMENT_3D('',#6757,#6758,#6759);
#2568=EDGE_LOOP('',(#6760,#6761,#6762,#6763));
#2569=AXIS2_PLACEMENT_3D('',#6764,#6765,#6766);
#2570=EDGE_LOOP('',(#6767,#6768,#6769,#6770,#6771,#6772));
#2571=AXIS2_PLACEMENT_3D('',#6773,#6774,#6775);
#2572=EDGE_LOOP('',(#6776,#6777,#6778,#6779));
#2573=AXIS2_PLACEMENT_3D('',#6780,#6781,#6782);
#2574=EDGE_LOOP('',(#6783,#6784,#6785,#6786));
#2575=AXIS2_PLACEMENT_3D('',#6787,#6788,#6789);
#2576=EDGE_LOOP('',(#6790,#6791,#6792,#6793));
#2577=AXIS2_PLACEMENT_3D('',#6794,#6795,#6796);
#2578=EDGE_LOOP('',(#6797,#6798,#6799,#6800,#6801,#6802,#6803,#6804,#6805,#6806,#6807,#6808,#6809,#6810));
#2579=AXIS2_PLACEMENT_3D('',#6811,#6812,#6813);
#2580=EDGE_LOOP('',(#6814,#6815,#6816));
#2581=AXIS2_PLACEMENT_3D('',#6817,#6818,#6819);
#2582=EDGE_LOOP('',(#6820,#6821,#6822,#6823));
#2583=AXIS2_PLACEMENT_3D('',#6824,#6825,#6826);
#2584=EDGE_LOOP('',(#6827,#6828,#6829,#6830));
#2585=AXIS2_PLACEMENT_3D('',#6831,#6832,#6833);
#2586=EDGE_LOOP('',(#6834,#6835,#6836,#6837));
#2587=AXIS2_PLACEMENT_3D('',#6838,#6839,#6840);
#2588=EDGE_LOOP('',(#6841,#6842,#6843,#6844));
#2589=AXIS2_PLACEMENT_3D('',#6845,#6846,#6847);
#2590=EDGE_LOOP('',(#6848,#6849,#6850,#6851));
#2591=AXIS2_PLACEMENT_3D('',#6852,#6853,#6854);
#2592=EDGE_LOOP('',(#6855,#6856,#6857,#6858));
#2593=AXIS2_PLACEMENT_3D('',#6859,#6860,#6861);
#2594=EDGE_LOOP('',(#6862,#6863,#6864,#6865));
#2595=AXIS2_PLACEMENT_3D('',#6866,#6867,#6868);
#2596=EDGE_LOOP('',(#6869,#6870,#6871,#6872));
#2597=AXIS2_PLACEMENT_3D('',#6873,#6874,#6875);
#2598=ORIENTED_EDGE('',*,*,#6876,.F.);
#2599=ORIENTED_EDGE('',*,*,#6877,.F.);
#2600=ORIENTED_EDGE('',*,*,#6878,.T.);
#2601=ORIENTED_EDGE('',*,*,#6879,.T.);
#2602=CARTESIAN_POINT('',(6.765,-7.73,-11.3));
#2603=DIRECTION('',(-0.0,0.0,-1.0));
#2604=DIRECTION('',(-1.0,0.0,0.0));
#2605=ORIENTED_EDGE('',*,*,#6880,.F.);
#2606=ORIENTED_EDGE('',*,*,#6881,.F.);
#2607=ORIENTED_EDGE('',*,*,#6882,.F.);
#2608=ORIENTED_EDGE('',*,*,#6883,.T.);
#2609=CARTESIAN_POINT('',(6.765,-7.73,-11.3));
#2610=DIRECTION('',(-0.0,0.0,-1.0));
#2611=DIRECTION('',(-1.0,0.0,0.0));
#2612=ORIENTED_EDGE('',*,*,#6884,.F.);
#2613=ORIENTED_EDGE('',*,*,#6885,.T.);
#2614=ORIENTED_EDGE('',*,*,#6886,.F.);
#2615=ORIENTED_EDGE('',*,*,#6887,.F.);
#2616=CARTESIAN_POINT('',(-6.765,-7.73,-11.3));
#2617=DIRECTION('',(-0.0,0.0,-1.0));
#2618=DIRECTION('',(-1.0,0.0,0.0));
#2619=ORIENTED_EDGE('',*,*,#6888,.F.);
#2620=ORIENTED_EDGE('',*,*,#6889,.T.);
#2621=ORIENTED_EDGE('',*,*,#6890,.T.);
#2622=ORIENTED_EDGE('',*,*,#6891,.F.);
#2623=CARTESIAN_POINT('',(-6.765,-7.73,-11.3));
#2624=DIRECTION('',(-0.0,0.0,-1.0));
#2625=DIRECTION('',(-1.0,0.0,0.0));
#2626=ORIENTED_EDGE('',*,*,#6892,.F.);
#2627=ORIENTED_EDGE('',*,*,#6893,.F.);
#2628=ORIENTED_EDGE('',*,*,#6894,.F.);
#2629=ORIENTED_EDGE('',*,*,#6895,.T.);
#2630=CARTESIAN_POINT('',(5.195,-2.55,-1.32));
#2631=DIRECTION('',(0.0,-1.0,-0.0));
#2632=DIRECTION('',(0.0,0.0,-1.0));
#2633=ORIENTED_EDGE('',*,*,#6896,.F.);
#2634=ORIENTED_EDGE('',*,*,#6897,.T.);
#2635=ORIENTED_EDGE('',*,*,#6898,.T.);
#2636=ORIENTED_EDGE('',*,*,#6899,.F.);
#2637=CARTESIAN_POINT('',(5.195,-2.55,-1.32));
#2638=DIRECTION('',(0.0,-1.0,-0.0));
#2639=DIRECTION('',(0.0,0.0,-1.0));
#2640=ORIENTED_EDGE('',*,*,#6900,.F.);
#2641=ORIENTED_EDGE('',*,*,#6901,.F.);
#2642=ORIENTED_EDGE('',*,*,#6902,.F.);
#2643=ORIENTED_EDGE('',*,*,#6903,.T.);
#2644=CARTESIAN_POINT('',(1.0,5.8,-1.15));
#2645=DIRECTION('',(0.0,-1.0,0.0));
#2646=DIRECTION('',(0.0,0.0,1.0));
#2647=ORIENTED_EDGE('',*,*,#6904,.F.);
#2648=ORIENTED_EDGE('',*,*,#6905,.T.);
#2649=ORIENTED_EDGE('',*,*,#6906,.T.);
#2650=ORIENTED_EDGE('',*,*,#6907,.F.);
#2651=CARTESIAN_POINT('',(7.218,1.2,-2.25));
#2652=DIRECTION('',(-1.0,0.0,-0.0));
#2653=DIRECTION('',(0.0,0.0,-1.0));
#2654=ORIENTED_EDGE('',*,*,#6908,.F.);
#2655=ORIENTED_EDGE('',*,*,#6909,.T.);
#2656=ORIENTED_EDGE('',*,*,#6910,.T.);
#2657=ORIENTED_EDGE('',*,*,#6911,.F.);
#2658=CARTESIAN_POINT('',(7.218,1.2,-2.25));
#2659=DIRECTION('',(-1.0,0.0,-0.0));
#2660=DIRECTION('',(0.0,0.0,-1.0));
#2661=ORIENTED_EDGE('',*,*,#6912,.F.);
#2662=ORIENTED_EDGE('',*,*,#6913,.F.);
#2663=ORIENTED_EDGE('',*,*,#6914,.F.);
#2664=ORIENTED_EDGE('',*,*,#6915,.T.);
#2665=CARTESIAN_POINT('',(-1.0,5.8,-1.15));
#2666=DIRECTION('',(0.0,-1.0,0.0));
#2667=DIRECTION('',(0.0,0.0,1.0));
#2668=ORIENTED_EDGE('',*,*,#6916,.F.);
#2669=ORIENTED_EDGE('',*,*,#6917,.T.);
#2670=ORIENTED_EDGE('',*,*,#6918,.T.);
#2671=ORIENTED_EDGE('',*,*,#6919,.F.);
#2672=CARTESIAN_POINT('',(7.218,-2.8,-2.25));
#2673=DIRECTION('',(-1.0,0.0,-0.0));
#2674=DIRECTION('',(0.0,0.0,-1.0));
#2675=ORIENTED_EDGE('',*,*,#6920,.F.);
#2676=ORIENTED_EDGE('',*,*,#6921,.T.);
#2677=ORIENTED_EDGE('',*,*,#6922,.T.);
#2678=ORIENTED_EDGE('',*,*,#6923,.F.);
#2679=CARTESIAN_POINT('',(7.218,-2.8,-2.25));
#2680=DIRECTION('',(-1.0,0.0,-0.0));
#2681=DIRECTION('',(0.0,0.0,-1.0));
#2682=ORIENTED_EDGE('',*,*,#6924,.F.);
#2683=ORIENTED_EDGE('',*,*,#6925,.F.);
#2684=ORIENTED_EDGE('',*,*,#6926,.F.);
#2685=ORIENTED_EDGE('',*,*,#6927,.T.);
#2686=CARTESIAN_POINT('',(-5.195,-2.55,-1.32));
#2687=DIRECTION('',(0.0,-1.0,-0.0));
#2688=DIRECTION('',(0.0,0.0,-1.0));
#2689=ORIENTED_EDGE('',*,*,#6928,.F.);
#2690=ORIENTED_EDGE('',*,*,#6929,.T.);
#2691=ORIENTED_EDGE('',*,*,#6930,.T.);
#2692=ORIENTED_EDGE('',*,*,#6931,.F.);
#2693=CARTESIAN_POINT('',(-5.195,-2.55,-1.32));
#2694=DIRECTION('',(0.0,-1.0,-0.0));
#2695=DIRECTION('',(0.0,0.0,-1.0));
#2696=ORIENTED_EDGE('',*,*,#6932,.F.);
#2697=ORIENTED_EDGE('',*,*,#6933,.F.);
#2698=ORIENTED_EDGE('',*,*,#6934,.F.);
#2699=ORIENTED_EDGE('',*,*,#6935,.F.);
#2700=CARTESIAN_POINT('',(-2.8,0.0,-8.87));
#2701=DIRECTION('',(-0.0,0.0,1.0));
#2702=DIRECTION('',(1.0,0.0,0.0));
#2703=ORIENTED_EDGE('',*,*,#6936,.F.);
#2704=ORIENTED_EDGE('',*,*,#6937,.F.);
#2705=ORIENTED_EDGE('',*,*,#6938,.T.);
#2706=ORIENTED_EDGE('',*,*,#6939,.F.);
#2707=CARTESIAN_POINT('',(2.8,0.0,-8.87));
#2708=DIRECTION('',(-0.0,0.0,1.0));
#2709=DIRECTION('',(1.0,0.0,0.0));
#2710=ORIENTED_EDGE('',*,*,#6940,.F.);
#2711=ORIENTED_EDGE('',*,*,#6941,.F.);
#2712=ORIENTED_EDGE('',*,*,#6942,.F.);
#2713=ORIENTED_EDGE('',*,*,#6943,.F.);
#2714=ORIENTED_EDGE('',*,*,#6944,.F.);
#2715=ORIENTED_EDGE('',*,*,#6945,.F.);
#2716=ORIENTED_EDGE('',*,*,#6946,.F.);
#2717=ORIENTED_EDGE('',*,*,#6947,.T.);
#2718=ORIENTED_EDGE('',*,*,#6948,.F.);
#2719=ORIENTED_EDGE('',*,*,#6949,.T.);
#2720=CARTESIAN_POINT('',(0.0,0.0,0.0));
#2721=DIRECTION('',(0.0,0.0,-1.0));
#2722=DIRECTION('',(0.0,-1.0,0.0));
#2723=ORIENTED_EDGE('',*,*,#6950,.F.);
#2724=ORIENTED_EDGE('',*,*,#6951,.F.);
#2725=ORIENTED_EDGE('',*,*,#6952,.F.);
#2726=ORIENTED_EDGE('',*,*,#6953,.F.);
#2727=ORIENTED_EDGE('',*,*,#6954,.F.);
#2728=ORIENTED_EDGE('',*,*,#6955,.F.);
#2729=ORIENTED_EDGE('',*,*,#6956,.F.);
#2730=ORIENTED_EDGE('',*,*,#6957,.T.);
#2731=ORIENTED_EDGE('',*,*,#6958,.F.);
#2732=ORIENTED_EDGE('',*,*,#6959,.T.);
#2733=CARTESIAN_POINT('',(0.0,0.0,0.0));
#2734=DIRECTION('',(0.0,0.0,-1.0));
#2735=DIRECTION('',(0.0,-1.0,0.0));
#2736=ORIENTED_EDGE('',*,*,#6960,.F.);
#2737=ORIENTED_EDGE('',*,*,#6961,.T.);
#2738=ORIENTED_EDGE('',*,*,#6962,.F.);
#2739=ORIENTED_EDGE('',*,*,#6963,.F.);
#2740=ORIENTED_EDGE('',*,*,#6964,.F.);
#2741=ORIENTED_EDGE('',*,*,#6965,.F.);
#2742=ORIENTED_EDGE('',*,*,#6966,.F.);
#2743=ORIENTED_EDGE('',*,*,#6967,.F.);
#2744=ORIENTED_EDGE('',*,*,#6968,.F.);
#2745=ORIENTED_EDGE('',*,*,#6969,.T.);
#2746=ORIENTED_EDGE('',*,*,#6970,.F.);
#2747=ORIENTED_EDGE('',*,*,#6971,.T.);
#2748=CARTESIAN_POINT('',(0.0,0.0,0.0));
#2749=DIRECTION('',(0.0,0.0,-1.0));
#2750=DIRECTION('',(0.0,-1.0,0.0));
#2751=ORIENTED_EDGE('',*,*,#6972,.F.);
#2752=ORIENTED_EDGE('',*,*,#6973,.F.);
#2753=ORIENTED_EDGE('',*,*,#6974,.T.);
#2754=ORIENTED_EDGE('',*,*,#6949,.F.);
#2755=CARTESIAN_POINT('',(-5.765,5.55,-36.16652));
#2756=DIRECTION('',(0.0,0.0,-1.0));
#2757=DIRECTION('',(0.0,1.0,0.0));
#2758=ORIENTED_EDGE('',*,*,#6975,.F.);
#2759=ORIENTED_EDGE('',*,*,#6976,.T.);
#2760=ORIENTED_EDGE('',*,*,#6970,.T.);
#2761=ORIENTED_EDGE('',*,*,#6977,.T.);
#2762=ORIENTED_EDGE('',*,*,#6978,.T.);
#2763=ORIENTED_EDGE('',*,*,#6923,.T.);
#2764=ORIENTED_EDGE('',*,*,#6979,.T.);
#2765=ORIENTED_EDGE('',*,*,#6926,.T.);
#2766=ORIENTED_EDGE('',*,*,#6980,.T.);
#2767=ORIENTED_EDGE('',*,*,#6981,.T.);
#2768=ORIENTED_EDGE('',*,*,#6911,.T.);
#2769=ORIENTED_EDGE('',*,*,#6982,.T.);
#2770=ORIENTED_EDGE('',*,*,#6940,.T.);
#2771=ORIENTED_EDGE('',*,*,#6974,.F.);
#2772=ORIENTED_EDGE('',*,*,#6983,.T.);
#2773=ORIENTED_EDGE('',*,*,#6984,.T.);
#2774=ORIENTED_EDGE('',*,*,#6985,.T.);
#2775=ORIENTED_EDGE('',*,*,#6986,.T.);
#2776=ORIENTED_EDGE('',*,*,#6987,.T.);
#2777=ORIENTED_EDGE('',*,*,#6988,.T.);
#2778=ORIENTED_EDGE('',*,*,#6989,.T.);
#2779=ORIENTED_EDGE('',*,*,#6990,.T.);
#2780=ORIENTED_EDGE('',*,*,#6991,.T.);
#2781=ORIENTED_EDGE('',*,*,#6992,.T.);
#2782=ORIENTED_EDGE('',*,*,#6993,.T.);
#2783=ORIENTED_EDGE('',*,*,#6994,.T.);
#2784=ORIENTED_EDGE('',*,*,#6995,.T.);
#2785=ORIENTED_EDGE('',*,*,#6996,.T.);
#2786=ORIENTED_EDGE('',*,*,#6997,.T.);
#2787=ORIENTED_EDGE('',*,*,#6998,.T.);
#2788=CARTESIAN_POINT('',(-6.015,-5.25,0.0));
#2789=DIRECTION('',(-1.0,0.0,0.0));
#2790=DIRECTION('',(0.0,0.0,1.0));
#2791=ORIENTED_EDGE('',*,*,#6999,.F.);
#2792=ORIENTED_EDGE('',*,*,#7000,.T.);
#2793=ORIENTED_EDGE('',*,*,#7001,.T.);
#2794=ORIENTED_EDGE('',*,*,#6998,.F.);
#2795=CARTESIAN_POINT('',(7.218,-1.63,-7.658));
#2796=DIRECTION('',(0.0,0.0,1.0));
#2797=DIRECTION('',(1.0,0.0,0.0));
#2798=ORIENTED_EDGE('',*,*,#7002,.T.);
#2799=ORIENTED_EDGE('',*,*,#7003,.F.);
#2800=ORIENTED_EDGE('',*,*,#7004,.F.);
#2801=ORIENTED_EDGE('',*,*,#7005,.T.);
#2802=CARTESIAN_POINT('',(7.218,-1.63,-7.658));
#2803=DIRECTION('',(0.0,0.0,1.0));
#2804=DIRECTION('',(1.0,0.0,0.0));
#2805=ORIENTED_EDGE('',*,*,#7001,.F.);
#2806=ORIENTED_EDGE('',*,*,#7006,.T.);
#2807=ORIENTED_EDGE('',*,*,#7007,.T.);
#2808=ORIENTED_EDGE('',*,*,#6991,.F.);
#2809=CARTESIAN_POINT('',(7.218,-3.37,-7.788));
#2810=DIRECTION('',(-1.0,0.0,-0.0));
#2811=DIRECTION('',(0.0,0.0,-1.0));
#2812=ORIENTED_EDGE('',*,*,#7008,.T.);
#2813=ORIENTED_EDGE('',*,*,#7009,.F.);
#2814=ORIENTED_EDGE('',*,*,#7002,.F.);
#2815=ORIENTED_EDGE('',*,*,#7010,.T.);
#2816=CARTESIAN_POINT('',(7.218,-3.37,-7.788));
#2817=DIRECTION('',(-1.0,0.0,-0.0));
#2818=DIRECTION('',(0.0,0.0,-1.0));
#2819=ORIENTED_EDGE('',*,*,#7007,.F.);
#2820=ORIENTED_EDGE('',*,*,#7011,.T.);
#2821=ORIENTED_EDGE('',*,*,#7012,.T.);
#2822=ORIENTED_EDGE('',*,*,#6992,.F.);
#2823=CARTESIAN_POINT('',(7.218,-3.5,-7.788));
#2824=DIRECTION('',(0.0,-1.0,0.0));
#2825=DIRECTION('',(0.0,0.0,-1.0));
#2826=ORIENTED_EDGE('',*,*,#7013,.T.);
#2827=ORIENTED_EDGE('',*,*,#7014,.F.);
#2828=ORIENTED_EDGE('',*,*,#7008,.F.);
#2829=ORIENTED_EDGE('',*,*,#7015,.T.);
#2830=CARTESIAN_POINT('',(7.218,-3.5,-7.788));
#2831=DIRECTION('',(0.0,-1.0,0.0));
#2832=DIRECTION('',(0.0,0.0,-1.0));
#2833=ORIENTED_EDGE('',*,*,#7012,.F.);
#2834=ORIENTED_EDGE('',*,*,#7016,.T.);
#2835=ORIENTED_EDGE('',*,*,#7017,.T.);
#2836=ORIENTED_EDGE('',*,*,#6993,.F.);
#2837=CARTESIAN_POINT('',(7.218,-3.37,-9.638));
#2838=DIRECTION('',(-1.0,0.0,-0.0));
#2839=DIRECTION('',(0.0,0.0,-1.0));
#2840=ORIENTED_EDGE('',*,*,#7018,.T.);
#2841=ORIENTED_EDGE('',*,*,#7019,.F.);
#2842=ORIENTED_EDGE('',*,*,#7013,.F.);
#2843=ORIENTED_EDGE('',*,*,#7020,.T.);
#2844=CARTESIAN_POINT('',(7.218,-3.37,-9.638));
#2845=DIRECTION('',(-1.0,0.0,-0.0));
#2846=DIRECTION('',(0.0,0.0,-1.0));
#2847=ORIENTED_EDGE('',*,*,#7017,.F.);
#2848=ORIENTED_EDGE('',*,*,#7021,.T.);
#2849=ORIENTED_EDGE('',*,*,#7022,.T.);
#2850=ORIENTED_EDGE('',*,*,#6994,.F.);
#2851=CARTESIAN_POINT('',(7.218,-3.37,-9.768));
#2852=DIRECTION('',(0.0,0.0,-1.0));
#2853=DIRECTION('',(0.0,-1.0,0.0));
#2854=ORIENTED_EDGE('',*,*,#7023,.T.);
#2855=ORIENTED_EDGE('',*,*,#7024,.F.);
#2856=ORIENTED_EDGE('',*,*,#7018,.F.);
#2857=ORIENTED_EDGE('',*,*,#7025,.T.);
#2858=CARTESIAN_POINT('',(7.218,-3.37,-9.768));
#2859=DIRECTION('',(0.0,0.0,-1.0));
#2860=DIRECTION('',(0.0,-1.0,0.0));
#2861=ORIENTED_EDGE('',*,*,#7022,.F.);
#2862=ORIENTED_EDGE('',*,*,#7026,.T.);
#2863=ORIENTED_EDGE('',*,*,#7027,.T.);
#2864=ORIENTED_EDGE('',*,*,#6995,.F.);
#2865=CARTESIAN_POINT('',(7.218,-1.63,-9.638));
#2866=DIRECTION('',(-1.0,0.0,-0.0));
#2867=DIRECTION('',(0.0,0.0,-1.0));
#2868=ORIENTED_EDGE('',*,*,#7028,.T.);
#2869=ORIENTED_EDGE('',*,*,#7029,.F.);
#2870=ORIENTED_EDGE('',*,*,#7023,.F.);
#2871=ORIENTED_EDGE('',*,*,#7030,.T.);
#2872=CARTESIAN_POINT('',(7.218,-1.63,-9.638));
#2873=DIRECTION('',(-1.0,0.0,-0.0));
#2874=DIRECTION('',(0.0,0.0,-1.0));
#2875=ORIENTED_EDGE('',*,*,#7027,.F.);
#2876=ORIENTED_EDGE('',*,*,#7031,.T.);
#2877=ORIENTED_EDGE('',*,*,#7032,.T.);
#2878=ORIENTED_EDGE('',*,*,#6996,.F.);
#2879=CARTESIAN_POINT('',(7.218,-1.5,-9.638));
#2880=DIRECTION('',(-0.0,1.0,0.0));
#2881=DIRECTION('',(1.0,0.0,0.0));
#2882=ORIENTED_EDGE('',*,*,#7033,.T.);
#2883=ORIENTED_EDGE('',*,*,#7034,.F.);
#2884=ORIENTED_EDGE('',*,*,#7028,.F.);
#2885=ORIENTED_EDGE('',*,*,#7035,.T.);
#2886=CARTESIAN_POINT('',(7.218,-1.5,-9.638));
#2887=DIRECTION('',(-0.0,1.0,0.0));
#2888=DIRECTION('',(1.0,0.0,0.0));
#2889=ORIENTED_EDGE('',*,*,#7032,.F.);
#2890=ORIENTED_EDGE('',*,*,#7036,.T.);
#2891=ORIENTED_EDGE('',*,*,#6999,.T.);
#2892=ORIENTED_EDGE('',*,*,#6997,.F.);
#2893=CARTESIAN_POINT('',(7.218,-1.63,-7.788));
#2894=DIRECTION('',(-1.0,0.0,-0.0));
#2895=DIRECTION('',(0.0,0.0,-1.0));
#2896=ORIENTED_EDGE('',*,*,#7004,.T.);
#2897=ORIENTED_EDGE('',*,*,#7037,.F.);
#2898=ORIENTED_EDGE('',*,*,#7033,.F.);
#2899=ORIENTED_EDGE('',*,*,#7038,.T.);
#2900=CARTESIAN_POINT('',(7.218,-1.63,-7.788));
#2901=DIRECTION('',(-1.0,0.0,-0.0));
#2902=DIRECTION('',(0.0,0.0,-1.0));
#2903=ORIENTED_EDGE('',*,*,#6930,.F.);
#2904=ORIENTED_EDGE('',*,*,#7039,.T.);
#2905=ORIENTED_EDGE('',*,*,#6921,.F.);
#2906=ORIENTED_EDGE('',*,*,#7040,.F.);
#2907=ORIENTED_EDGE('',*,*,#7041,.F.);
#2908=ORIENTED_EDGE('',*,*,#7042,.F.);
#2909=ORIENTED_EDGE('',*,*,#7043,.T.);
#2910=ORIENTED_EDGE('',*,*,#7044,.T.);
#2911=ORIENTED_EDGE('',*,*,#7045,.F.);
#2912=ORIENTED_EDGE('',*,*,#7046,.F.);
#2913=ORIENTED_EDGE('',*,*,#7047,.T.);
#2914=ORIENTED_EDGE('',*,*,#6909,.F.);
#2915=ORIENTED_EDGE('',*,*,#7048,.F.);
#2916=ORIENTED_EDGE('',*,*,#7049,.F.);
#2917=ORIENTED_EDGE('',*,*,#7050,.F.);
#2918=ORIENTED_EDGE('',*,*,#7051,.F.);
#2919=ORIENTED_EDGE('',*,*,#7052,.F.);
#2920=ORIENTED_EDGE('',*,*,#7053,.F.);
#2921=ORIENTED_EDGE('',*,*,#7054,.F.);
#2922=ORIENTED_EDGE('',*,*,#7055,.F.);
#2923=ORIENTED_EDGE('',*,*,#7056,.F.);
#2924=ORIENTED_EDGE('',*,*,#7057,.F.);
#2925=ORIENTED_EDGE('',*,*,#7036,.F.);
#2926=ORIENTED_EDGE('',*,*,#7031,.F.);
#2927=ORIENTED_EDGE('',*,*,#7026,.F.);
#2928=ORIENTED_EDGE('',*,*,#7021,.F.);
#2929=ORIENTED_EDGE('',*,*,#7016,.F.);
#2930=ORIENTED_EDGE('',*,*,#7011,.F.);
#2931=ORIENTED_EDGE('',*,*,#7006,.F.);
#2932=ORIENTED_EDGE('',*,*,#7000,.F.);
#2933=CARTESIAN_POINT('',(-5.697,-5.25,0.0));
#2934=DIRECTION('',(-1.0,0.0,0.0));
#2935=DIRECTION('',(0.0,0.0,1.0));
#2936=ORIENTED_EDGE('',*,*,#7058,.F.);
#2937=ORIENTED_EDGE('',*,*,#7057,.T.);
#2938=ORIENTED_EDGE('',*,*,#7059,.T.);
#2939=ORIENTED_EDGE('',*,*,#6990,.F.);
#2940=CARTESIAN_POINT('',(7.218,1.63,-7.788));
#2941=DIRECTION('',(-1.0,0.0,-0.0));
#2942=DIRECTION('',(0.0,0.0,-1.0));
#2943=ORIENTED_EDGE('',*,*,#7060,.T.);
#2944=ORIENTED_EDGE('',*,*,#7061,.F.);
#2945=ORIENTED_EDGE('',*,*,#7062,.F.);
#2946=ORIENTED_EDGE('',*,*,#7063,.T.);
#2947=CARTESIAN_POINT('',(7.218,1.63,-7.788));
#2948=DIRECTION('',(-1.0,0.0,-0.0));
#2949=DIRECTION('',(0.0,0.0,-1.0));
#2950=ORIENTED_EDGE('',*,*,#7059,.F.);
#2951=ORIENTED_EDGE('',*,*,#7056,.T.);
#2952=ORIENTED_EDGE('',*,*,#7064,.T.);
#2953=ORIENTED_EDGE('',*,*,#6983,.F.);
#2954=CARTESIAN_POINT('',(7.218,1.5,-7.788));
#2955=DIRECTION('',(0.0,-1.0,0.0));
#2956=DIRECTION('',(0.0,0.0,-1.0));
#2957=ORIENTED_EDGE('',*,*,#7065,.T.);
#2958=ORIENTED_EDGE('',*,*,#7066,.F.);
#2959=ORIENTED_EDGE('',*,*,#7060,.F.);
#2960=ORIENTED_EDGE('',*,*,#7067,.T.);
#2961=CARTESIAN_POINT('',(7.218,1.5,-7.788));
#2962=DIRECTION('',(0.0,-1.0,0.0));
#2963=DIRECTION('',(0.0,0.0,-1.0));
#2964=ORIENTED_EDGE('',*,*,#7064,.F.);
#2965=ORIENTED_EDGE('',*,*,#7055,.T.);
#2966=ORIENTED_EDGE('',*,*,#7068,.T.);
#2967=ORIENTED_EDGE('',*,*,#6984,.F.);
#2968=CARTESIAN_POINT('',(7.218,1.63,-9.638));
#2969=DIRECTION('',(-1.0,0.0,-0.0));
#2970=DIRECTION('',(0.0,0.0,-1.0));
#2971=ORIENTED_EDGE('',*,*,#7069,.T.);
#2972=ORIENTED_EDGE('',*,*,#7070,.F.);
#2973=ORIENTED_EDGE('',*,*,#7065,.F.);
#2974=ORIENTED_EDGE('',*,*,#7071,.T.);
#2975=CARTESIAN_POINT('',(7.218,1.63,-9.638));
#2976=DIRECTION('',(-1.0,0.0,-0.0));
#2977=DIRECTION('',(0.0,0.0,-1.0));
#2978=ORIENTED_EDGE('',*,*,#7068,.F.);
#2979=ORIENTED_EDGE('',*,*,#7054,.T.);
#2980=ORIENTED_EDGE('',*,*,#7072,.T.);
#2981=ORIENTED_EDGE('',*,*,#6985,.F.);
#2982=CARTESIAN_POINT('',(7.218,1.63,-9.768));
#2983=DIRECTION('',(0.0,0.0,-1.0));
#2984=DIRECTION('',(0.0,-1.0,0.0));
#2985=ORIENTED_EDGE('',*,*,#7073,.T.);
#2986=ORIENTED_EDGE('',*,*,#7074,.F.);
#2987=ORIENTED_EDGE('',*,*,#7069,.F.);
#2988=ORIENTED_EDGE('',*,*,#7075,.T.);
#2989=CARTESIAN_POINT('',(7.218,1.63,-9.768));
#2990=DIRECTION('',(0.0,0.0,-1.0));
#2991=DIRECTION('',(0.0,-1.0,0.0));
#2992=ORIENTED_EDGE('',*,*,#7072,.F.);
#2993=ORIENTED_EDGE('',*,*,#7053,.T.);
#2994=ORIENTED_EDGE('',*,*,#7076,.T.);
#2995=ORIENTED_EDGE('',*,*,#6986,.F.);
#2996=CARTESIAN_POINT('',(7.218,3.37,-9.638));
#2997=DIRECTION('',(-1.0,0.0,-0.0));
#2998=DIRECTION('',(0.0,0.0,-1.0));
#2999=ORIENTED_EDGE('',*,*,#7077,.T.);
#3000=ORIENTED_EDGE('',*,*,#7078,.F.);
#3001=ORIENTED_EDGE('',*,*,#7073,.F.);
#3002=ORIENTED_EDGE('',*,*,#7079,.T.);
#3003=CARTESIAN_POINT('',(7.218,3.37,-9.638));
#3004=DIRECTION('',(-1.0,0.0,-0.0));
#3005=DIRECTION('',(0.0,0.0,-1.0));
#3006=ORIENTED_EDGE('',*,*,#7076,.F.);
#3007=ORIENTED_EDGE('',*,*,#7052,.T.);
#3008=ORIENTED_EDGE('',*,*,#7080,.T.);
#3009=ORIENTED_EDGE('',*,*,#6987,.F.);
#3010=CARTESIAN_POINT('',(7.218,3.5,-9.638));
#3011=DIRECTION('',(-0.0,1.0,0.0));
#3012=DIRECTION('',(1.0,0.0,0.0));
#3013=ORIENTED_EDGE('',*,*,#7081,.T.);
#3014=ORIENTED_EDGE('',*,*,#7082,.F.);
#3015=ORIENTED_EDGE('',*,*,#7077,.F.);
#3016=ORIENTED_EDGE('',*,*,#7083,.T.);
#3017=CARTESIAN_POINT('',(7.218,3.5,-9.638));
#3018=DIRECTION('',(-0.0,1.0,0.0));
#3019=DIRECTION('',(1.0,0.0,0.0));
#3020=ORIENTED_EDGE('',*,*,#7080,.F.);
#3021=ORIENTED_EDGE('',*,*,#7051,.T.);
#3022=ORIENTED_EDGE('',*,*,#7084,.T.);
#3023=ORIENTED_EDGE('',*,*,#6988,.F.);
#3024=CARTESIAN_POINT('',(7.218,3.37,-7.788));
#3025=DIRECTION('',(-1.0,0.0,-0.0));
#3026=DIRECTION('',(0.0,0.0,-1.0));
#3027=ORIENTED_EDGE('',*,*,#7085,.T.);
#3028=ORIENTED_EDGE('',*,*,#7086,.F.);
#3029=ORIENTED_EDGE('',*,*,#7081,.F.);
#3030=ORIENTED_EDGE('',*,*,#7087,.T.);
#3031=CARTESIAN_POINT('',(7.218,3.37,-7.788));
#3032=DIRECTION('',(-1.0,0.0,-0.0));
#3033=DIRECTION('',(0.0,0.0,-1.0));
#3034=ORIENTED_EDGE('',*,*,#7084,.F.);
#3035=ORIENTED_EDGE('',*,*,#7050,.T.);
#3036=ORIENTED_EDGE('',*,*,#7058,.T.);
#3037=ORIENTED_EDGE('',*,*,#6989,.F.);
#3038=CARTESIAN_POINT('',(7.218,3.37,-7.658));
#3039=DIRECTION('',(0.0,0.0,1.0));
#3040=DIRECTION('',(1.0,0.0,0.0));
#3041=ORIENTED_EDGE('',*,*,#7062,.T.);
#3042=ORIENTED_EDGE('',*,*,#7088,.F.);
#3043=ORIENTED_EDGE('',*,*,#7085,.F.);
#3044=ORIENTED_EDGE('',*,*,#7089,.T.);
#3045=CARTESIAN_POINT('',(7.218,3.37,-7.658));
#3046=DIRECTION('',(0.0,0.0,1.0));
#3047=DIRECTION('',(1.0,0.0,0.0));
#3048=ORIENTED_EDGE('',*,*,#6958,.T.);
#3049=ORIENTED_EDGE('',*,*,#7090,.T.);
#3050=ORIENTED_EDGE('',*,*,#6905,.F.);
#3051=ORIENTED_EDGE('',*,*,#7091,.F.);
#3052=ORIENTED_EDGE('',*,*,#7092,.F.);
#3053=ORIENTED_EDGE('',*,*,#7093,.F.);
#3054=ORIENTED_EDGE('',*,*,#7094,.F.);
#3055=ORIENTED_EDGE('',*,*,#6917,.F.);
#3056=ORIENTED_EDGE('',*,*,#7095,.F.);
#3057=ORIENTED_EDGE('',*,*,#7096,.T.);
#3058=ORIENTED_EDGE('',*,*,#6962,.T.);
#3059=ORIENTED_EDGE('',*,*,#7097,.F.);
#3060=ORIENTED_EDGE('',*,*,#7098,.F.);
#3061=ORIENTED_EDGE('',*,*,#7099,.T.);
#3062=ORIENTED_EDGE('',*,*,#7089,.F.);
#3063=ORIENTED_EDGE('',*,*,#7087,.F.);
#3064=ORIENTED_EDGE('',*,*,#7083,.F.);
#3065=ORIENTED_EDGE('',*,*,#7079,.F.);
#3066=ORIENTED_EDGE('',*,*,#7075,.F.);
#3067=ORIENTED_EDGE('',*,*,#7071,.F.);
#3068=ORIENTED_EDGE('',*,*,#7067,.F.);
#3069=ORIENTED_EDGE('',*,*,#7063,.F.);
#3070=ORIENTED_EDGE('',*,*,#7038,.F.);
#3071=ORIENTED_EDGE('',*,*,#7035,.F.);
#3072=ORIENTED_EDGE('',*,*,#7030,.F.);
#3073=ORIENTED_EDGE('',*,*,#7025,.F.);
#3074=ORIENTED_EDGE('',*,*,#7020,.F.);
#3075=ORIENTED_EDGE('',*,*,#7015,.F.);
#3076=ORIENTED_EDGE('',*,*,#7010,.F.);
#3077=ORIENTED_EDGE('',*,*,#7005,.F.);
#3078=CARTESIAN_POINT('',(6.015,5.8,0.0));
#3079=DIRECTION('',(1.0,0.0,0.0));
#3080=DIRECTION('',(0.0,1.0,0.0));
#3081=ORIENTED_EDGE('',*,*,#7099,.F.);
#3082=ORIENTED_EDGE('',*,*,#7100,.F.);
#3083=ORIENTED_EDGE('',*,*,#7101,.T.);
#3084=ORIENTED_EDGE('',*,*,#6959,.F.);
#3085=CARTESIAN_POINT('',(5.765,5.55,-36.16652));
#3086=DIRECTION('',(0.0,0.0,-1.0));
#3087=DIRECTION('',(1.0,0.0,0.0));
#3088=ORIENTED_EDGE('',*,*,#6948,.T.);
#3089=ORIENTED_EDGE('',*,*,#7102,.T.);
#3090=ORIENTED_EDGE('',*,*,#7103,.F.);
#3091=ORIENTED_EDGE('',*,*,#6915,.F.);
#3092=ORIENTED_EDGE('',*,*,#7104,.F.);
#3093=ORIENTED_EDGE('',*,*,#7105,.T.);
#3094=ORIENTED_EDGE('',*,*,#7106,.F.);
#3095=ORIENTED_EDGE('',*,*,#7107,.F.);
#3096=ORIENTED_EDGE('',*,*,#6903,.F.);
#3097=ORIENTED_EDGE('',*,*,#7108,.T.);
#3098=ORIENTED_EDGE('',*,*,#6950,.T.);
#3099=ORIENTED_EDGE('',*,*,#7101,.F.);
#3100=ORIENTED_EDGE('',*,*,#7109,.F.);
#3101=ORIENTED_EDGE('',*,*,#6972,.T.);
#3102=CARTESIAN_POINT('',(-6.015,5.8,0.0));
#3103=DIRECTION('',(-0.0,1.0,0.0));
#3104=DIRECTION('',(1.0,0.0,0.0));
#3105=ORIENTED_EDGE('',*,*,#7109,.T.);
#3106=ORIENTED_EDGE('',*,*,#7100,.T.);
#3107=ORIENTED_EDGE('',*,*,#7098,.T.);
#3108=ORIENTED_EDGE('',*,*,#7110,.T.);
#3109=ORIENTED_EDGE('',*,*,#7111,.T.);
#3110=ORIENTED_EDGE('',*,*,#7112,.T.);
#3111=ORIENTED_EDGE('',*,*,#7113,.F.);
#3112=ORIENTED_EDGE('',*,*,#7114,.F.);
#3113=ORIENTED_EDGE('',*,*,#7115,.F.);
#3114=ORIENTED_EDGE('',*,*,#7116,.F.);
#3115=ORIENTED_EDGE('',*,*,#7117,.F.);
#3116=ORIENTED_EDGE('',*,*,#7044,.F.);
#3117=ORIENTED_EDGE('',*,*,#7118,.F.);
#3118=ORIENTED_EDGE('',*,*,#7119,.F.);
#3119=ORIENTED_EDGE('',*,*,#7120,.F.);
#3120=ORIENTED_EDGE('',*,*,#7121,.F.);
#3121=ORIENTED_EDGE('',*,*,#7122,.T.);
#3122=ORIENTED_EDGE('',*,*,#7123,.T.);
#3123=ORIENTED_EDGE('',*,*,#6975,.T.);
#3124=ORIENTED_EDGE('',*,*,#6973,.T.);
#3125=CARTESIAN_POINT('',(0.0,0.0,-11.3));
#3126=DIRECTION('',(0.0,0.0,-1.0));
#3127=DIRECTION('',(0.0,-1.0,0.0));
#3128=ORIENTED_EDGE('',*,*,#6976,.F.);
#3129=ORIENTED_EDGE('',*,*,#7123,.F.);
#3130=ORIENTED_EDGE('',*,*,#7124,.T.);
#3131=ORIENTED_EDGE('',*,*,#6971,.F.);
#3132=CARTESIAN_POINT('',(-5.765,-5.0,-36.16652));
#3133=DIRECTION('',(-0.0,0.0,-1.0));
#3134=DIRECTION('',(-1.0,0.0,0.0));
#3135=ORIENTED_EDGE('',*,*,#7122,.F.);
#3136=ORIENTED_EDGE('',*,*,#7125,.T.);
#3137=ORIENTED_EDGE('',*,*,#7126,.F.);
#3138=ORIENTED_EDGE('',*,*,#7127,.F.);
#3139=ORIENTED_EDGE('',*,*,#7128,.T.);
#3140=ORIENTED_EDGE('',*,*,#7129,.T.);
#3141=ORIENTED_EDGE('',*,*,#7130,.F.);
#3142=ORIENTED_EDGE('',*,*,#7131,.F.);
#3143=ORIENTED_EDGE('',*,*,#7111,.F.);
#3144=ORIENTED_EDGE('',*,*,#7132,.T.);
#3145=ORIENTED_EDGE('',*,*,#6960,.T.);
#3146=ORIENTED_EDGE('',*,*,#7124,.F.);
#3147=CARTESIAN_POINT('',(6.015,-5.25,0.0));
#3148=DIRECTION('',(0.0,-1.0,0.0));
#3149=DIRECTION('',(0.0,0.0,-1.0));
#3150=ORIENTED_EDGE('',*,*,#7132,.F.);
#3151=ORIENTED_EDGE('',*,*,#7110,.F.);
#3152=ORIENTED_EDGE('',*,*,#7097,.T.);
#3153=ORIENTED_EDGE('',*,*,#6961,.F.);
#3154=CARTESIAN_POINT('',(5.765,-5.0,-36.16652));
#3155=DIRECTION('',(0.0,-0.0,-1.0));
#3156=DIRECTION('',(0.0,-1.0,0.0));
#3157=ORIENTED_EDGE('',*,*,#7131,.T.);
#3158=ORIENTED_EDGE('',*,*,#7133,.T.);
#3159=ORIENTED_EDGE('',*,*,#7134,.F.);
#3160=ORIENTED_EDGE('',*,*,#7135,.F.);
#3161=CARTESIAN_POINT('',(6.913,-5.25,-11.3));
#3162=DIRECTION('',(-0.0,0.0,-1.0));
#3163=DIRECTION('',(-1.0,0.0,0.0));
#3164=ORIENTED_EDGE('',*,*,#7112,.F.);
#3165=ORIENTED_EDGE('',*,*,#7135,.T.);
#3166=ORIENTED_EDGE('',*,*,#7136,.F.);
#3167=ORIENTED_EDGE('',*,*,#7137,.F.);
#3168=ORIENTED_EDGE('',*,*,#6883,.F.);
#3169=ORIENTED_EDGE('',*,*,#7138,.T.);
#3170=ORIENTED_EDGE('',*,*,#7139,.T.);
#3171=ORIENTED_EDGE('',*,*,#7140,.F.);
#3172=ORIENTED_EDGE('',*,*,#6877,.T.);
#3173=ORIENTED_EDGE('',*,*,#7141,.T.);
#3174=ORIENTED_EDGE('',*,*,#7142,.F.);
#3175=ORIENTED_EDGE('',*,*,#7143,.F.);
#3176=ORIENTED_EDGE('',*,*,#7144,.T.);
#3177=ORIENTED_EDGE('',*,*,#7145,.F.);
#3178=CARTESIAN_POINT('',(7.906452529728,-6.31689864979,-11.3));
#3179=DIRECTION('',(0.0641786019173916,0.136156530794103,0.988606345406524));
#3180=DIRECTION('',(0.904549925369809,-0.426367719830516,0.0));
#3181=ORIENTED_EDGE('',*,*,#7146,.T.);
#3182=ORIENTED_EDGE('',*,*,#7147,.F.);
#3183=ORIENTED_EDGE('',*,*,#7148,.T.);
#3184=ORIENTED_EDGE('',*,*,#7129,.F.);
#3185=ORIENTED_EDGE('',*,*,#7149,.T.);
#3186=CARTESIAN_POINT('',(5.35,-5.06,-0.4));
#3187=DIRECTION('',(-0.0,0.0,1.0));
#3188=DIRECTION('',(1.0,0.0,0.0));
#3189=ORIENTED_EDGE('',*,*,#7113,.T.);
#3190=ORIENTED_EDGE('',*,*,#7145,.T.);
#3191=ORIENTED_EDGE('',*,*,#7150,.T.);
#3192=ORIENTED_EDGE('',*,*,#7151,.F.);
#3193=ORIENTED_EDGE('',*,*,#7152,.F.);
#3194=CARTESIAN_POINT('',(5.35,-5.06,-0.4));
#3195=DIRECTION('',(-0.0,0.0,1.0));
#3196=DIRECTION('',(1.0,0.0,0.0));
#3197=ORIENTED_EDGE('',*,*,#7128,.F.);
#3198=ORIENTED_EDGE('',*,*,#7153,.F.);
#3199=ORIENTED_EDGE('',*,*,#7154,.F.);
#3200=ORIENTED_EDGE('',*,*,#7149,.F.);
#3201=CARTESIAN_POINT('',(0.0,0.0,-0.4));
#3202=DIRECTION('',(0.0,0.0,-1.0));
#3203=DIRECTION('',(0.0,-1.0,0.0));
#3204=ORIENTED_EDGE('',*,*,#7155,.T.);
#3205=ORIENTED_EDGE('',*,*,#7156,.F.);
#3206=ORIENTED_EDGE('',*,*,#7157,.T.);
#3207=ORIENTED_EDGE('',*,*,#7158,.T.);
#3208=ORIENTED_EDGE('',*,*,#7159,.F.);
#3209=ORIENTED_EDGE('',*,*,#7160,.F.);
#3210=ORIENTED_EDGE('',*,*,#7161,.T.);
#3211=ORIENTED_EDGE('',*,*,#7162,.F.);
#3212=ORIENTED_EDGE('',*,*,#7163,.T.);
#3213=ORIENTED_EDGE('',*,*,#7164,.F.);
#3214=ORIENTED_EDGE('',*,*,#7165,.T.);
#3215=ORIENTED_EDGE('',*,*,#7166,.F.);
#3216=ORIENTED_EDGE('',*,*,#7167,.F.);
#3217=ORIENTED_EDGE('',*,*,#7168,.F.);
#3218=ORIENTED_EDGE('',*,*,#7169,.F.);
#3219=ORIENTED_EDGE('',*,*,#7170,.F.);
#3220=ORIENTED_EDGE('',*,*,#7171,.T.);
#3221=ORIENTED_EDGE('',*,*,#7172,.F.);
#3222=ORIENTED_EDGE('',*,*,#7173,.T.);
#3223=ORIENTED_EDGE('',*,*,#7174,.F.);
#3224=CARTESIAN_POINT('',(0.0,0.0,-0.4));
#3225=DIRECTION('',(0.0,0.0,-1.0));
#3226=DIRECTION('',(0.0,-1.0,0.0));
#3227=ORIENTED_EDGE('',*,*,#7175,.T.);
#3228=ORIENTED_EDGE('',*,*,#7176,.F.);
#3229=ORIENTED_EDGE('',*,*,#7177,.T.);
#3230=ORIENTED_EDGE('',*,*,#7178,.F.);
#3231=ORIENTED_EDGE('',*,*,#7179,.T.);
#3232=ORIENTED_EDGE('',*,*,#7180,.F.);
#3233=ORIENTED_EDGE('',*,*,#7181,.T.);
#3234=ORIENTED_EDGE('',*,*,#7182,.F.);
#3235=ORIENTED_EDGE('',*,*,#7183,.T.);
#3236=ORIENTED_EDGE('',*,*,#7184,.F.);
#3237=CARTESIAN_POINT('',(0.0,0.0,-0.4));
#3238=DIRECTION('',(0.0,0.0,-1.0));
#3239=DIRECTION('',(0.0,-1.0,0.0));
#3240=ORIENTED_EDGE('',*,*,#7185,.F.);
#3241=ORIENTED_EDGE('',*,*,#7186,.F.);
#3242=ORIENTED_EDGE('',*,*,#7150,.F.);
#3243=ORIENTED_EDGE('',*,*,#7144,.F.);
#3244=ORIENTED_EDGE('',*,*,#7187,.T.);
#3245=ORIENTED_EDGE('',*,*,#7188,.T.);
#3246=ORIENTED_EDGE('',*,*,#7146,.F.);
#3247=ORIENTED_EDGE('',*,*,#7154,.T.);
#3248=ORIENTED_EDGE('',*,*,#7189,.T.);
#3249=ORIENTED_EDGE('',*,*,#7190,.F.);
#3250=ORIENTED_EDGE('',*,*,#7191,.F.);
#3251=ORIENTED_EDGE('',*,*,#7192,.T.);
#3252=ORIENTED_EDGE('',*,*,#7193,.T.);
#3253=ORIENTED_EDGE('',*,*,#7194,.F.);
#3254=ORIENTED_EDGE('',*,*,#7195,.T.);
#3255=ORIENTED_EDGE('',*,*,#7196,.F.);
#3256=ORIENTED_EDGE('',*,*,#7197,.F.);
#3257=ORIENTED_EDGE('',*,*,#7198,.F.);
#3258=ORIENTED_EDGE('',*,*,#7199,.T.);
#3259=ORIENTED_EDGE('',*,*,#7200,.F.);
#3260=ORIENTED_EDGE('',*,*,#7201,.F.);
#3261=ORIENTED_EDGE('',*,*,#7202,.F.);
#3262=ORIENTED_EDGE('',*,*,#7203,.F.);
#3263=ORIENTED_EDGE('',*,*,#7204,.F.);
#3264=ORIENTED_EDGE('',*,*,#7205,.F.);
#3265=ORIENTED_EDGE('',*,*,#7206,.F.);
#3266=ORIENTED_EDGE('',*,*,#7207,.F.);
#3267=ORIENTED_EDGE('',*,*,#7208,.F.);
#3268=ORIENTED_EDGE('',*,*,#7209,.T.);
#3269=ORIENTED_EDGE('',*,*,#7210,.T.);
#3270=ORIENTED_EDGE('',*,*,#7211,.F.);
#3271=ORIENTED_EDGE('',*,*,#7212,.F.);
#3272=ORIENTED_EDGE('',*,*,#7213,.T.);
#3273=ORIENTED_EDGE('',*,*,#7214,.T.);
#3274=ORIENTED_EDGE('',*,*,#7215,.F.);
#3275=ORIENTED_EDGE('',*,*,#7216,.F.);
#3276=ORIENTED_EDGE('',*,*,#7217,.T.);
#3277=ORIENTED_EDGE('',*,*,#7218,.T.);
#3278=ORIENTED_EDGE('',*,*,#7219,.F.);
#3279=ORIENTED_EDGE('',*,*,#7220,.F.);
#3280=ORIENTED_EDGE('',*,*,#7221,.T.);
#3281=ORIENTED_EDGE('',*,*,#7222,.T.);
#3282=ORIENTED_EDGE('',*,*,#7223,.F.);
#3283=ORIENTED_EDGE('',*,*,#7224,.F.);
#3284=CARTESIAN_POINT('',(5.35,-5.31,-0.4));
#3285=DIRECTION('',(0.0,-1.0,0.0));
#3286=DIRECTION('',(0.0,0.0,-1.0));
#3287=ORIENTED_EDGE('',*,*,#7225,.F.);
#3288=ORIENTED_EDGE('',*,*,#7204,.T.);
#3289=ORIENTED_EDGE('',*,*,#7226,.T.);
#3290=ORIENTED_EDGE('',*,*,#7227,.F.);
#3291=CARTESIAN_POINT('',(4.2,-5.31,-4.99));
#3292=DIRECTION('',(-1.0,0.0,0.0));
#3293=DIRECTION('',(0.0,0.0,1.0));
#3294=ORIENTED_EDGE('',*,*,#7228,.F.);
#3295=ORIENTED_EDGE('',*,*,#7229,.F.);
#3296=ORIENTED_EDGE('',*,*,#7227,.T.);
#3297=ORIENTED_EDGE('',*,*,#7230,.F.);
#3298=CARTESIAN_POINT('',(4.33,-5.56,20.46652));
#3299=DIRECTION('',(-0.0,0.0,1.0));
#3300=DIRECTION('',(0.0,-1.0,0.0));
#3301=ORIENTED_EDGE('',*,*,#7231,.F.);
#3302=ORIENTED_EDGE('',*,*,#7230,.T.);
#3303=ORIENTED_EDGE('',*,*,#7226,.F.);
#3304=ORIENTED_EDGE('',*,*,#7203,.T.);
#3305=ORIENTED_EDGE('',*,*,#7232,.T.);
#3306=ORIENTED_EDGE('',*,*,#7233,.T.);
#3307=CARTESIAN_POINT('',(4.2,-5.31,-9.17));
#3308=DIRECTION('',(0.0,0.0,-1.0));
#3309=DIRECTION('',(0.0,-1.0,0.0));
#3310=ORIENTED_EDGE('',*,*,#7234,.F.);
#3311=ORIENTED_EDGE('',*,*,#7233,.F.);
#3312=ORIENTED_EDGE('',*,*,#7235,.T.);
#3313=ORIENTED_EDGE('',*,*,#7236,.F.);
#3314=CARTESIAN_POINT('',(4.72,-5.56,-36.16652));
#3315=DIRECTION('',(0.0,-0.0,-1.0));
#3316=DIRECTION('',(0.0,-1.0,0.0));
#3317=ORIENTED_EDGE('',*,*,#7237,.F.);
#3318=ORIENTED_EDGE('',*,*,#7201,.T.);
#3319=ORIENTED_EDGE('',*,*,#7225,.T.);
#3320=ORIENTED_EDGE('',*,*,#7229,.T.);
#3321=ORIENTED_EDGE('',*,*,#7238,.F.);
#3322=ORIENTED_EDGE('',*,*,#7236,.T.);
#3323=CARTESIAN_POINT('',(4.85,-5.31,-4.99));
#3324=DIRECTION('',(0.0,0.0,1.0));
#3325=DIRECTION('',(1.0,0.0,0.0));
#3326=ORIENTED_EDGE('',*,*,#7238,.T.);
#3327=ORIENTED_EDGE('',*,*,#7228,.T.);
#3328=ORIENTED_EDGE('',*,*,#7231,.T.);
#3329=ORIENTED_EDGE('',*,*,#7234,.T.);
#3330=CARTESIAN_POINT('',(0.0,-5.69,0.0));
#3331=DIRECTION('',(0.0,-1.0,0.0));
#3332=DIRECTION('',(0.0,0.0,-1.0));
#3333=ORIENTED_EDGE('',*,*,#7239,.T.);
#3334=ORIENTED_EDGE('',*,*,#7240,.T.);
#3335=ORIENTED_EDGE('',*,*,#7241,.T.);
#3336=ORIENTED_EDGE('',*,*,#7242,.T.);
#3337=CARTESIAN_POINT('',(0.0,-5.69,0.0));
#3338=DIRECTION('',(0.0,-1.0,0.0));
#3339=DIRECTION('',(0.0,0.0,-1.0));
#3340=ORIENTED_EDGE('',*,*,#7243,.T.);
#3341=ORIENTED_EDGE('',*,*,#7244,.T.);
#3342=ORIENTED_EDGE('',*,*,#7245,.T.);
#3343=ORIENTED_EDGE('',*,*,#7246,.T.);
#3344=CARTESIAN_POINT('',(0.0,-5.69,0.0));
#3345=DIRECTION('',(0.0,-1.0,0.0));
#3346=DIRECTION('',(0.0,0.0,-1.0));
#3347=ORIENTED_EDGE('',*,*,#7247,.T.);
#3348=ORIENTED_EDGE('',*,*,#7248,.T.);
#3349=ORIENTED_EDGE('',*,*,#7249,.T.);
#3350=ORIENTED_EDGE('',*,*,#7250,.T.);
#3351=CARTESIAN_POINT('',(0.0,-5.69,0.0));
#3352=DIRECTION('',(0.0,-1.0,0.0));
#3353=DIRECTION('',(0.0,0.0,-1.0));
#3354=ORIENTED_EDGE('',*,*,#7242,.F.);
#3355=ORIENTED_EDGE('',*,*,#7251,.F.);
#3356=ORIENTED_EDGE('',*,*,#7252,.T.);
#3357=ORIENTED_EDGE('',*,*,#7253,.F.);
#3358=CARTESIAN_POINT('',(2.52,-5.56,-36.16652));
#3359=DIRECTION('',(0.0,-0.0,-1.0));
#3360=DIRECTION('',(0.0,-1.0,0.0));
#3361=ORIENTED_EDGE('',*,*,#7254,.F.);
#3362=ORIENTED_EDGE('',*,*,#7200,.T.);
#3363=ORIENTED_EDGE('',*,*,#7255,.T.);
#3364=ORIENTED_EDGE('',*,*,#7256,.T.);
#3365=ORIENTED_EDGE('',*,*,#7239,.F.);
#3366=ORIENTED_EDGE('',*,*,#7253,.T.);
#3367=CARTESIAN_POINT('',(2.65,-5.31,-9.17));
#3368=DIRECTION('',(0.0,0.0,1.0));
#3369=DIRECTION('',(1.0,0.0,0.0));
#3370=ORIENTED_EDGE('',*,*,#7240,.F.);
#3371=ORIENTED_EDGE('',*,*,#7256,.F.);
#3372=ORIENTED_EDGE('',*,*,#7257,.T.);
#3373=ORIENTED_EDGE('',*,*,#7258,.F.);
#3374=CARTESIAN_POINT('',(2.13,-5.56,20.46652));
#3375=DIRECTION('',(-0.0,0.0,1.0));
#3376=DIRECTION('',(0.0,-1.0,0.0));
#3377=ORIENTED_EDGE('',*,*,#7259,.F.);
#3378=ORIENTED_EDGE('',*,*,#7260,.F.);
#3379=ORIENTED_EDGE('',*,*,#7261,.F.);
#3380=ORIENTED_EDGE('',*,*,#7262,.F.);
#3381=ORIENTED_EDGE('',*,*,#7263,.F.);
#3382=ORIENTED_EDGE('',*,*,#7264,.F.);
#3383=ORIENTED_EDGE('',*,*,#7265,.F.);
#3384=ORIENTED_EDGE('',*,*,#7266,.T.);
#3385=ORIENTED_EDGE('',*,*,#7267,.F.);
#3386=ORIENTED_EDGE('',*,*,#7268,.F.);
#3387=ORIENTED_EDGE('',*,*,#7269,.F.);
#3388=ORIENTED_EDGE('',*,*,#7270,.T.);
#3389=ORIENTED_EDGE('',*,*,#7271,.T.);
#3390=ORIENTED_EDGE('',*,*,#7272,.T.);
#3391=ORIENTED_EDGE('',*,*,#7273,.T.);
#3392=ORIENTED_EDGE('',*,*,#7274,.T.);
#3393=ORIENTED_EDGE('',*,*,#7275,.F.);
#3394=ORIENTED_EDGE('',*,*,#7276,.F.);
#3395=ORIENTED_EDGE('',*,*,#7277,.F.);
#3396=ORIENTED_EDGE('',*,*,#7278,.T.);
#3397=CARTESIAN_POINT('',(0.0,0.0,-15.7));
#3398=DIRECTION('',(0.0,0.0,-1.0));
#3399=DIRECTION('',(0.0,-1.0,0.0));
#3400=ORIENTED_EDGE('',*,*,#7241,.F.);
#3401=ORIENTED_EDGE('',*,*,#7258,.T.);
#3402=ORIENTED_EDGE('',*,*,#7279,.F.);
#3403=ORIENTED_EDGE('',*,*,#7198,.T.);
#3404=ORIENTED_EDGE('',*,*,#7280,.T.);
#3405=ORIENTED_EDGE('',*,*,#7281,.T.);
#3406=ORIENTED_EDGE('',*,*,#7245,.F.);
#3407=ORIENTED_EDGE('',*,*,#7282,.T.);
#3408=ORIENTED_EDGE('',*,*,#7283,.F.);
#3409=ORIENTED_EDGE('',*,*,#7194,.T.);
#3410=ORIENTED_EDGE('',*,*,#7284,.T.);
#3411=ORIENTED_EDGE('',*,*,#7285,.T.);
#3412=ORIENTED_EDGE('',*,*,#7286,.F.);
#3413=ORIENTED_EDGE('',*,*,#7287,.F.);
#3414=ORIENTED_EDGE('',*,*,#7288,.F.);
#3415=ORIENTED_EDGE('',*,*,#7289,.T.);
#3416=ORIENTED_EDGE('',*,*,#7290,.T.);
#3417=ORIENTED_EDGE('',*,*,#7291,.F.);
#3418=ORIENTED_EDGE('',*,*,#7292,.F.);
#3419=ORIENTED_EDGE('',*,*,#7293,.F.);
#3420=ORIENTED_EDGE('',*,*,#7294,.T.);
#3421=ORIENTED_EDGE('',*,*,#7295,.T.);
#3422=ORIENTED_EDGE('',*,*,#7296,.F.);
#3423=ORIENTED_EDGE('',*,*,#7297,.F.);
#3424=ORIENTED_EDGE('',*,*,#7298,.F.);
#3425=ORIENTED_EDGE('',*,*,#7299,.F.);
#3426=ORIENTED_EDGE('',*,*,#7300,.T.);
#3427=ORIENTED_EDGE('',*,*,#7301,.T.);
#3428=ORIENTED_EDGE('',*,*,#7302,.F.);
#3429=ORIENTED_EDGE('',*,*,#7303,.F.);
#3430=ORIENTED_EDGE('',*,*,#7304,.F.);
#3431=ORIENTED_EDGE('',*,*,#7305,.T.);
#3432=ORIENTED_EDGE('',*,*,#7151,.T.);
#3433=ORIENTED_EDGE('',*,*,#7186,.T.);
#3434=ORIENTED_EDGE('',*,*,#7306,.T.);
#3435=ORIENTED_EDGE('',*,*,#7251,.T.);
#3436=CARTESIAN_POINT('',(0.0,0.0,-15.7));
#3437=DIRECTION('',(0.0,0.0,-1.0));
#3438=DIRECTION('',(0.0,-1.0,0.0));
#3439=ORIENTED_EDGE('',*,*,#7307,.T.);
#3440=ORIENTED_EDGE('',*,*,#7308,.F.);
#3441=ORIENTED_EDGE('',*,*,#7278,.F.);
#3442=ORIENTED_EDGE('',*,*,#7309,.T.);
#3443=ORIENTED_EDGE('',*,*,#7310,.T.);
#3444=ORIENTED_EDGE('',*,*,#7311,.F.);
#3445=ORIENTED_EDGE('',*,*,#7274,.F.);
#3446=ORIENTED_EDGE('',*,*,#7312,.F.);
#3447=ORIENTED_EDGE('',*,*,#7166,.T.);
#3448=ORIENTED_EDGE('',*,*,#7313,.T.);
#3449=ORIENTED_EDGE('',*,*,#7314,.F.);
#3450=ORIENTED_EDGE('',*,*,#7315,.F.);
#3451=ORIENTED_EDGE('',*,*,#7178,.T.);
#3452=ORIENTED_EDGE('',*,*,#7316,.F.);
#3453=ORIENTED_EDGE('',*,*,#7114,.T.);
#3454=ORIENTED_EDGE('',*,*,#7152,.T.);
#3455=ORIENTED_EDGE('',*,*,#7305,.F.);
#3456=ORIENTED_EDGE('',*,*,#7317,.T.);
#3457=ORIENTED_EDGE('',*,*,#7318,.T.);
#3458=ORIENTED_EDGE('',*,*,#7319,.F.);
#3459=ORIENTED_EDGE('',*,*,#7301,.F.);
#3460=ORIENTED_EDGE('',*,*,#7320,.F.);
#3461=ORIENTED_EDGE('',*,*,#7321,.T.);
#3462=ORIENTED_EDGE('',*,*,#7322,.F.);
#3463=ORIENTED_EDGE('',*,*,#7323,.T.);
#3464=ORIENTED_EDGE('',*,*,#7324,.T.);
#3465=ORIENTED_EDGE('',*,*,#7325,.F.);
#3466=ORIENTED_EDGE('',*,*,#7326,.F.);
#3467=ORIENTED_EDGE('',*,*,#7327,.T.);
#3468=ORIENTED_EDGE('',*,*,#7328,.T.);
#3469=ORIENTED_EDGE('',*,*,#7329,.F.);
#3470=ORIENTED_EDGE('',*,*,#7330,.F.);
#3471=CARTESIAN_POINT('',(5.6,5.06,-0.4));
#3472=DIRECTION('',(1.0,0.0,0.0));
#3473=DIRECTION('',(0.0,1.0,0.0));
#3474=ORIENTED_EDGE('',*,*,#7331,.F.);
#3475=ORIENTED_EDGE('',*,*,#7332,.F.);
#3476=ORIENTED_EDGE('',*,*,#7333,.F.);
#3477=ORIENTED_EDGE('',*,*,#7334,.F.);
#3478=CARTESIAN_POINT('',(0.0,1.875,0.0));
#3479=DIRECTION('',(-0.0,1.0,0.0));
#3480=DIRECTION('',(1.0,0.0,0.0));
#3481=ORIENTED_EDGE('',*,*,#7335,.F.);
#3482=ORIENTED_EDGE('',*,*,#7336,.F.);
#3483=ORIENTED_EDGE('',*,*,#7337,.F.);
#3484=ORIENTED_EDGE('',*,*,#7330,.T.);
#3485=CARTESIAN_POINT('',(0.0,1.875,0.0));
#3486=DIRECTION('',(-0.0,1.0,0.0));
#3487=DIRECTION('',(1.0,0.0,0.0));
#3488=ORIENTED_EDGE('',*,*,#7338,.T.);
#3489=ORIENTED_EDGE('',*,*,#7339,.T.);
#3490=ORIENTED_EDGE('',*,*,#7289,.F.);
#3491=ORIENTED_EDGE('',*,*,#7340,.T.);
#3492=ORIENTED_EDGE('',*,*,#7341,.F.);
#3493=ORIENTED_EDGE('',*,*,#7342,.F.);
#3494=ORIENTED_EDGE('',*,*,#7285,.F.);
#3495=ORIENTED_EDGE('',*,*,#7343,.F.);
#3496=ORIENTED_EDGE('',*,*,#7119,.T.);
#3497=ORIENTED_EDGE('',*,*,#7344,.T.);
#3498=ORIENTED_EDGE('',*,*,#7176,.T.);
#3499=ORIENTED_EDGE('',*,*,#7345,.T.);
#3500=ORIENTED_EDGE('',*,*,#7346,.T.);
#3501=ORIENTED_EDGE('',*,*,#7347,.F.);
#3502=ORIENTED_EDGE('',*,*,#7170,.T.);
#3503=ORIENTED_EDGE('',*,*,#7348,.T.);
#3504=ORIENTED_EDGE('',*,*,#7270,.F.);
#3505=ORIENTED_EDGE('',*,*,#7349,.T.);
#3506=ORIENTED_EDGE('',*,*,#7350,.F.);
#3507=ORIENTED_EDGE('',*,*,#7351,.F.);
#3508=ORIENTED_EDGE('',*,*,#7266,.F.);
#3509=ORIENTED_EDGE('',*,*,#7352,.T.);
#3510=ORIENTED_EDGE('',*,*,#7353,.T.);
#3511=ORIENTED_EDGE('',*,*,#7354,.T.);
#3512=ORIENTED_EDGE('',*,*,#7355,.T.);
#3513=ORIENTED_EDGE('',*,*,#7356,.F.);
#3514=ORIENTED_EDGE('',*,*,#7357,.F.);
#3515=ORIENTED_EDGE('',*,*,#7358,.T.);
#3516=ORIENTED_EDGE('',*,*,#7359,.T.);
#3517=ORIENTED_EDGE('',*,*,#7360,.F.);
#3518=ORIENTED_EDGE('',*,*,#7361,.F.);
#3519=ORIENTED_EDGE('',*,*,#7334,.T.);
#3520=CARTESIAN_POINT('',(-5.6,-5.06,-0.4));
#3521=DIRECTION('',(-1.0,0.0,0.0));
#3522=DIRECTION('',(0.0,0.0,1.0));
#3523=ORIENTED_EDGE('',*,*,#7362,.F.);
#3524=ORIENTED_EDGE('',*,*,#7363,.F.);
#3525=ORIENTED_EDGE('',*,*,#7331,.T.);
#3526=ORIENTED_EDGE('',*,*,#7361,.T.);
#3527=CARTESIAN_POINT('',(-6.13,1.875,-9.17));
#3528=DIRECTION('',(-0.910898972340299,0.0,0.412629449008899));
#3529=DIRECTION('',(0.0,1.0,0.0));
#3530=ORIENTED_EDGE('',*,*,#7363,.T.);
#3531=ORIENTED_EDGE('',*,*,#7364,.F.);
#3532=ORIENTED_EDGE('',*,*,#7365,.F.);
#3533=ORIENTED_EDGE('',*,*,#7332,.T.);
#3534=CARTESIAN_POINT('',(-6.13,1.875,-9.67));
#3535=DIRECTION('',(-1.0,0.0,0.0));
#3536=DIRECTION('',(0.0,0.0,1.0));
#3537=ORIENTED_EDGE('',*,*,#7333,.T.);
#3538=ORIENTED_EDGE('',*,*,#7365,.T.);
#3539=ORIENTED_EDGE('',*,*,#7366,.F.);
#3540=ORIENTED_EDGE('',*,*,#7359,.F.);
#3541=CARTESIAN_POINT('',(-5.6,1.875,-9.67));
#3542=DIRECTION('',(0.0,0.0,-1.0));
#3543=DIRECTION('',(0.0,-1.0,0.0));
#3544=ORIENTED_EDGE('',*,*,#7366,.T.);
#3545=ORIENTED_EDGE('',*,*,#7364,.T.);
#3546=ORIENTED_EDGE('',*,*,#7362,.T.);
#3547=ORIENTED_EDGE('',*,*,#7360,.T.);
#3548=CARTESIAN_POINT('',(0.0,3.125,0.0));
#3549=DIRECTION('',(-0.0,1.0,0.0));
#3550=DIRECTION('',(1.0,0.0,0.0));
#3551=ORIENTED_EDGE('',*,*,#7367,.T.);
#3552=ORIENTED_EDGE('',*,*,#7368,.T.);
#3553=ORIENTED_EDGE('',*,*,#7369,.T.);
#3554=ORIENTED_EDGE('',*,*,#7328,.F.);
#3555=CARTESIAN_POINT('',(0.0,3.125,0.0));
#3556=DIRECTION('',(-0.0,1.0,0.0));
#3557=DIRECTION('',(1.0,0.0,0.0));
#3558=ORIENTED_EDGE('',*,*,#7369,.F.);
#3559=ORIENTED_EDGE('',*,*,#7370,.F.);
#3560=ORIENTED_EDGE('',*,*,#7335,.T.);
#3561=ORIENTED_EDGE('',*,*,#7329,.T.);
#3562=CARTESIAN_POINT('',(6.13,1.875,-9.67));
#3563=DIRECTION('',(0.0,0.0,-1.0));
#3564=DIRECTION('',(0.0,-1.0,0.0));
#3565=ORIENTED_EDGE('',*,*,#7370,.T.);
#3566=ORIENTED_EDGE('',*,*,#7368,.F.);
#3567=ORIENTED_EDGE('',*,*,#7371,.F.);
#3568=ORIENTED_EDGE('',*,*,#7336,.T.);
#3569=CARTESIAN_POINT('',(6.13,1.875,-9.17));
#3570=DIRECTION('',(1.0,0.0,0.0));
#3571=DIRECTION('',(0.0,1.0,0.0));
#3572=ORIENTED_EDGE('',*,*,#7337,.T.);
#3573=ORIENTED_EDGE('',*,*,#7371,.T.);
#3574=ORIENTED_EDGE('',*,*,#7367,.F.);
#3575=ORIENTED_EDGE('',*,*,#7327,.F.);
#3576=CARTESIAN_POINT('',(5.6,1.875,-8.0));
#3577=DIRECTION('',(0.910898972340299,0.0,0.412629449008899));
#3578=DIRECTION('',(0.0,-1.0,0.0));
#3579=ORIENTED_EDGE('',*,*,#7372,.F.);
#3580=ORIENTED_EDGE('',*,*,#7373,.F.);
#3581=ORIENTED_EDGE('',*,*,#7374,.F.);
#3582=ORIENTED_EDGE('',*,*,#7358,.F.);
#3583=CARTESIAN_POINT('',(0.0,-3.125,0.0));
#3584=DIRECTION('',(-0.0,1.0,0.0));
#3585=DIRECTION('',(1.0,0.0,0.0));
#3586=ORIENTED_EDGE('',*,*,#7375,.F.);
#3587=ORIENTED_EDGE('',*,*,#7376,.F.);
#3588=ORIENTED_EDGE('',*,*,#7377,.F.);
#3589=ORIENTED_EDGE('',*,*,#7326,.T.);
#3590=CARTESIAN_POINT('',(0.0,-3.125,0.0));
#3591=DIRECTION('',(-0.0,1.0,0.0));
#3592=DIRECTION('',(1.0,0.0,0.0));
#3593=ORIENTED_EDGE('',*,*,#7374,.T.);
#3594=ORIENTED_EDGE('',*,*,#7378,.T.);
#3595=ORIENTED_EDGE('',*,*,#7379,.F.);
#3596=ORIENTED_EDGE('',*,*,#7355,.F.);
#3597=CARTESIAN_POINT('',(-5.6,-3.125,-9.67));
#3598=DIRECTION('',(0.0,0.0,-1.0));
#3599=DIRECTION('',(0.0,-1.0,0.0));
#3600=ORIENTED_EDGE('',*,*,#7379,.T.);
#3601=ORIENTED_EDGE('',*,*,#7380,.T.);
#3602=ORIENTED_EDGE('',*,*,#7381,.T.);
#3603=ORIENTED_EDGE('',*,*,#7356,.T.);
#3604=CARTESIAN_POINT('',(0.0,-1.875,0.0));
#3605=DIRECTION('',(-0.0,1.0,0.0));
#3606=DIRECTION('',(1.0,0.0,0.0));
#3607=ORIENTED_EDGE('',*,*,#7382,.T.);
#3608=ORIENTED_EDGE('',*,*,#7383,.T.);
#3609=ORIENTED_EDGE('',*,*,#7384,.T.);
#3610=ORIENTED_EDGE('',*,*,#7324,.F.);
#3611=CARTESIAN_POINT('',(0.0,-1.875,0.0));
#3612=DIRECTION('',(-0.0,1.0,0.0));
#3613=DIRECTION('',(1.0,0.0,0.0));
#3614=ORIENTED_EDGE('',*,*,#7381,.F.);
#3615=ORIENTED_EDGE('',*,*,#7385,.F.);
#3616=ORIENTED_EDGE('',*,*,#7372,.T.);
#3617=ORIENTED_EDGE('',*,*,#7357,.T.);
#3618=CARTESIAN_POINT('',(-6.13,-3.125,-9.17));
#3619=DIRECTION('',(-0.910898972340299,0.0,0.412629449008899));
#3620=DIRECTION('',(0.0,1.0,0.0));
#3621=ORIENTED_EDGE('',*,*,#7385,.T.);
#3622=ORIENTED_EDGE('',*,*,#7380,.F.);
#3623=ORIENTED_EDGE('',*,*,#7378,.F.);
#3624=ORIENTED_EDGE('',*,*,#7373,.T.);
#3625=CARTESIAN_POINT('',(-6.13,-3.125,-9.67));
#3626=DIRECTION('',(-1.0,0.0,0.0));
#3627=DIRECTION('',(0.0,0.0,1.0));
#3628=ORIENTED_EDGE('',*,*,#7384,.F.);
#3629=ORIENTED_EDGE('',*,*,#7386,.F.);
#3630=ORIENTED_EDGE('',*,*,#7375,.T.);
#3631=ORIENTED_EDGE('',*,*,#7325,.T.);
#3632=CARTESIAN_POINT('',(6.13,-3.125,-9.67));
#3633=DIRECTION('',(0.0,0.0,-1.0));
#3634=DIRECTION('',(0.0,-1.0,0.0));
#3635=ORIENTED_EDGE('',*,*,#7386,.T.);
#3636=ORIENTED_EDGE('',*,*,#7383,.F.);
#3637=ORIENTED_EDGE('',*,*,#7387,.F.);
#3638=ORIENTED_EDGE('',*,*,#7376,.T.);
#3639=CARTESIAN_POINT('',(6.13,-3.125,-9.17));
#3640=DIRECTION('',(1.0,0.0,0.0));
#3641=DIRECTION('',(0.0,1.0,0.0));
#3642=ORIENTED_EDGE('',*,*,#7377,.T.);
#3643=ORIENTED_EDGE('',*,*,#7387,.T.);
#3644=ORIENTED_EDGE('',*,*,#7382,.F.);
#3645=ORIENTED_EDGE('',*,*,#7323,.F.);
#3646=CARTESIAN_POINT('',(5.6,-3.125,-8.0));
#3647=DIRECTION('',(0.910898972340299,0.0,0.412629449008899));
#3648=DIRECTION('',(0.0,-1.0,0.0));
#3649=ORIENTED_EDGE('',*,*,#7354,.F.);
#3650=ORIENTED_EDGE('',*,*,#7388,.F.);
#3651=ORIENTED_EDGE('',*,*,#7389,.T.);
#3652=ORIENTED_EDGE('',*,*,#7390,.T.);
#3653=CARTESIAN_POINT('',(9.487743035673,2.28,-12.20035716108));
#3654=DIRECTION('',(0.0,0.0,1.0));
#3655=DIRECTION('',(1.0,0.0,0.0));
#3656=ORIENTED_EDGE('',*,*,#7322,.T.);
#3657=ORIENTED_EDGE('',*,*,#7391,.T.);
#3658=ORIENTED_EDGE('',*,*,#7392,.F.);
#3659=ORIENTED_EDGE('',*,*,#7393,.F.);
#3660=CARTESIAN_POINT('',(9.487743035673,2.28,-12.20035716108));
#3661=DIRECTION('',(0.0,0.0,1.0));
#3662=DIRECTION('',(1.0,0.0,0.0));
#3663=ORIENTED_EDGE('',*,*,#7338,.F.);
#3664=ORIENTED_EDGE('',*,*,#7390,.F.);
#3665=ORIENTED_EDGE('',*,*,#7394,.F.);
#3666=ORIENTED_EDGE('',*,*,#7395,.T.);
#3667=CARTESIAN_POINT('',(28.52015556523,-0.9235462789493,-12.45035716108));
#3668=DIRECTION('',(1.0,0.0,0.0));
#3669=DIRECTION('',(0.0,-0.999897953976978,0.0142857142857097));
#3670=ORIENTED_EDGE('',*,*,#7396,.T.);
#3671=ORIENTED_EDGE('',*,*,#7290,.F.);
#3672=ORIENTED_EDGE('',*,*,#7339,.F.);
#3673=ORIENTED_EDGE('',*,*,#7395,.F.);
#3674=CARTESIAN_POINT('',(9.487743035673,-1.17,-12.20035716108));
#3675=DIRECTION('',(0.0,-0.999897953976978,0.0142857142857097));
#3676=DIRECTION('',(-1.0,0.0,0.0));
#3677=ORIENTED_EDGE('',*,*,#7320,.T.);
#3678=ORIENTED_EDGE('',*,*,#7300,.F.);
#3679=ORIENTED_EDGE('',*,*,#7397,.F.);
#3680=ORIENTED_EDGE('',*,*,#7398,.F.);
#3681=CARTESIAN_POINT('',(9.487743035673,-1.17,-12.20035716108));
#3682=DIRECTION('',(0.0,-0.999897953976978,0.0142857142857097));
#3683=DIRECTION('',(-1.0,0.0,0.0));
#3684=ORIENTED_EDGE('',*,*,#7264,.T.);
#3685=ORIENTED_EDGE('',*,*,#7399,.T.);
#3686=ORIENTED_EDGE('',*,*,#7400,.F.);
#3687=ORIENTED_EDGE('',*,*,#7401,.F.);
#3688=ORIENTED_EDGE('',*,*,#7291,.T.);
#3689=ORIENTED_EDGE('',*,*,#7396,.F.);
#3690=ORIENTED_EDGE('',*,*,#7394,.T.);
#3691=ORIENTED_EDGE('',*,*,#7389,.F.);
#3692=ORIENTED_EDGE('',*,*,#7402,.T.);
#3693=ORIENTED_EDGE('',*,*,#7403,.F.);
#3694=CARTESIAN_POINT('',(-4.85,-4.31,-15.7));
#3695=DIRECTION('',(-1.0,0.0,0.0));
#3696=DIRECTION('',(0.0,0.0,1.0));
#3697=ORIENTED_EDGE('',*,*,#7352,.F.);
#3698=ORIENTED_EDGE('',*,*,#7265,.T.);
#3699=ORIENTED_EDGE('',*,*,#7403,.T.);
#3700=ORIENTED_EDGE('',*,*,#7404,.T.);
#3701=CARTESIAN_POINT('',(9.487743035673,2.33,-15.7));
#3702=DIRECTION('',(0.0,0.999897953976978,0.0142857142857097));
#3703=DIRECTION('',(1.0,0.0,-0.0));
#3704=ORIENTED_EDGE('',*,*,#7405,.F.);
#3705=ORIENTED_EDGE('',*,*,#7259,.T.);
#3706=ORIENTED_EDGE('',*,*,#7308,.T.);
#3707=ORIENTED_EDGE('',*,*,#7406,.T.);
#3708=CARTESIAN_POINT('',(9.487743035673,2.33,-15.7));
#3709=DIRECTION('',(0.0,0.999897953976978,0.0142857142857097));
#3710=DIRECTION('',(1.0,0.0,-0.0));
#3711=ORIENTED_EDGE('',*,*,#7353,.F.);
#3712=ORIENTED_EDGE('',*,*,#7404,.F.);
#3713=ORIENTED_EDGE('',*,*,#7402,.F.);
#3714=ORIENTED_EDGE('',*,*,#7388,.T.);
#3715=CARTESIAN_POINT('',(28.52015556523,2.033546278949,-12.45035716108));
#3716=DIRECTION('',(1.0,-0.0,0.0));
#3717=DIRECTION('',(0.0,0.0,1.0));
#3718=ORIENTED_EDGE('',*,*,#7407,.F.);
#3719=ORIENTED_EDGE('',*,*,#7406,.F.);
#3720=ORIENTED_EDGE('',*,*,#7307,.F.);
#3721=ORIENTED_EDGE('',*,*,#7393,.T.);
#3722=CARTESIAN_POINT('',(28.52015556523,2.033546278949,-12.45035716108));
#3723=DIRECTION('',(1.0,-0.0,0.0));
#3724=DIRECTION('',(0.0,0.0,1.0));
#3725=ORIENTED_EDGE('',*,*,#7299,.T.);
#3726=ORIENTED_EDGE('',*,*,#7408,.T.);
#3727=ORIENTED_EDGE('',*,*,#7409,.F.);
#3728=ORIENTED_EDGE('',*,*,#7410,.F.);
#3729=ORIENTED_EDGE('',*,*,#7260,.T.);
#3730=ORIENTED_EDGE('',*,*,#7405,.T.);
#3731=ORIENTED_EDGE('',*,*,#7407,.T.);
#3732=ORIENTED_EDGE('',*,*,#7392,.T.);
#3733=ORIENTED_EDGE('',*,*,#7411,.T.);
#3734=ORIENTED_EDGE('',*,*,#7397,.T.);
#3735=CARTESIAN_POINT('',(4.85,4.31,-15.7));
#3736=DIRECTION('',(1.0,0.0,0.0));
#3737=DIRECTION('',(0.0,1.0,0.0));
#3738=ORIENTED_EDGE('',*,*,#7411,.F.);
#3739=ORIENTED_EDGE('',*,*,#7391,.F.);
#3740=ORIENTED_EDGE('',*,*,#7321,.F.);
#3741=ORIENTED_EDGE('',*,*,#7398,.T.);
#3742=CARTESIAN_POINT('',(28.52015556523,-0.9235462789493,-12.45035716108));
#3743=DIRECTION('',(1.0,0.0,0.0));
#3744=DIRECTION('',(0.0,-0.999897953976978,0.0142857142857097));
#3745=ORIENTED_EDGE('',*,*,#7410,.T.);
#3746=ORIENTED_EDGE('',*,*,#7412,.F.);
#3747=ORIENTED_EDGE('',*,*,#7413,.F.);
#3748=ORIENTED_EDGE('',*,*,#7261,.T.);
#3749=CARTESIAN_POINT('',(4.6,4.31,-15.7));
#3750=DIRECTION('',(0.0,0.0,1.0));
#3751=DIRECTION('',(-1.0,0.0,0.0));
#3752=ORIENTED_EDGE('',*,*,#7413,.T.);
#3753=ORIENTED_EDGE('',*,*,#7414,.F.);
#3754=ORIENTED_EDGE('',*,*,#7415,.F.);
#3755=ORIENTED_EDGE('',*,*,#7262,.T.);
#3756=CARTESIAN_POINT('',(-4.6,4.56,-15.7));
#3757=DIRECTION('',(-0.0,1.0,0.0));
#3758=DIRECTION('',(1.0,0.0,0.0));
#3759=ORIENTED_EDGE('',*,*,#7415,.T.);
#3760=ORIENTED_EDGE('',*,*,#7416,.F.);
#3761=ORIENTED_EDGE('',*,*,#7399,.F.);
#3762=ORIENTED_EDGE('',*,*,#7263,.T.);
#3763=CARTESIAN_POINT('',(-4.6,4.31,-15.7));
#3764=DIRECTION('',(0.0,0.0,1.0));
#3765=DIRECTION('',(-1.0,0.0,0.0));
#3766=ORIENTED_EDGE('',*,*,#7417,.T.);
#3767=ORIENTED_EDGE('',*,*,#7418,.T.);
#3768=ORIENTED_EDGE('',*,*,#7400,.T.);
#3769=ORIENTED_EDGE('',*,*,#7416,.T.);
#3770=ORIENTED_EDGE('',*,*,#7414,.T.);
#3771=ORIENTED_EDGE('',*,*,#7412,.T.);
#3772=ORIENTED_EDGE('',*,*,#7409,.T.);
#3773=ORIENTED_EDGE('',*,*,#7419,.T.);
#3774=ORIENTED_EDGE('',*,*,#7420,.T.);
#3775=ORIENTED_EDGE('',*,*,#7421,.T.);
#3776=ORIENTED_EDGE('',*,*,#7422,.F.);
#3777=ORIENTED_EDGE('',*,*,#7423,.F.);
#3778=ORIENTED_EDGE('',*,*,#7424,.F.);
#3779=ORIENTED_EDGE('',*,*,#7425,.F.);
#3780=ORIENTED_EDGE('',*,*,#7426,.F.);
#3781=ORIENTED_EDGE('',*,*,#7427,.F.);
#3782=CARTESIAN_POINT('',(-5.6,-5.06,-9.87));
#3783=DIRECTION('',(0.0,0.0,-1.0));
#3784=DIRECTION('',(0.0,-1.0,0.0));
#3785=ORIENTED_EDGE('',*,*,#7428,.T.);
#3786=ORIENTED_EDGE('',*,*,#7429,.F.);
#3787=ORIENTED_EDGE('',*,*,#7294,.F.);
#3788=ORIENTED_EDGE('',*,*,#7430,.F.);
#3789=ORIENTED_EDGE('',*,*,#7427,.T.);
#3790=CARTESIAN_POINT('',(-2.4,0.0,0.0));
#3791=DIRECTION('',(1.0,0.0,0.0));
#3792=DIRECTION('',(0.0,1.0,0.0));
#3793=ORIENTED_EDGE('',*,*,#7293,.T.);
#3794=ORIENTED_EDGE('',*,*,#7431,.T.);
#3795=ORIENTED_EDGE('',*,*,#7417,.F.);
#3796=ORIENTED_EDGE('',*,*,#7430,.T.);
#3797=CARTESIAN_POINT('',(4.6,-4.56,-15.7));
#3798=DIRECTION('',(0.0,-1.0,0.0));
#3799=DIRECTION('',(0.0,0.0,-1.0));
#3800=ORIENTED_EDGE('',*,*,#7420,.F.);
#3801=ORIENTED_EDGE('',*,*,#7432,.F.);
#3802=ORIENTED_EDGE('',*,*,#7297,.T.);
#3803=ORIENTED_EDGE('',*,*,#7433,.F.);
#3804=CARTESIAN_POINT('',(4.6,-4.56,-15.7));
#3805=DIRECTION('',(0.0,-1.0,0.0));
#3806=DIRECTION('',(0.0,0.0,-1.0));
#3807=ORIENTED_EDGE('',*,*,#7401,.T.);
#3808=ORIENTED_EDGE('',*,*,#7418,.F.);
#3809=ORIENTED_EDGE('',*,*,#7431,.F.);
#3810=ORIENTED_EDGE('',*,*,#7292,.T.);
#3811=CARTESIAN_POINT('',(-4.6,-4.31,-15.7));
#3812=DIRECTION('',(0.0,0.0,1.0));
#3813=DIRECTION('',(-1.0,0.0,0.0));
#3814=ORIENTED_EDGE('',*,*,#7433,.T.);
#3815=ORIENTED_EDGE('',*,*,#7296,.T.);
#3816=ORIENTED_EDGE('',*,*,#7434,.T.);
#3817=ORIENTED_EDGE('',*,*,#7435,.F.);
#3818=ORIENTED_EDGE('',*,*,#7421,.F.);
#3819=CARTESIAN_POINT('',(2.4,0.0,0.0));
#3820=DIRECTION('',(1.0,0.0,0.0));
#3821=DIRECTION('',(0.0,1.0,0.0));
#3822=ORIENTED_EDGE('',*,*,#7426,.T.);
#3823=ORIENTED_EDGE('',*,*,#7436,.T.);
#3824=ORIENTED_EDGE('',*,*,#7437,.T.);
#3825=ORIENTED_EDGE('',*,*,#7428,.F.);
#3826=CARTESIAN_POINT('',(3.25,-2.52,-12.34));
#3827=DIRECTION('',(0.0,-1.0,0.0));
#3828=DIRECTION('',(0.0,0.0,-1.0));
#3829=ORIENTED_EDGE('',*,*,#7438,.T.);
#3830=ORIENTED_EDGE('',*,*,#7439,.F.);
#3831=ORIENTED_EDGE('',*,*,#7422,.T.);
#3832=ORIENTED_EDGE('',*,*,#7435,.T.);
#3833=CARTESIAN_POINT('',(3.25,-2.52,-12.34));
#3834=DIRECTION('',(0.0,-1.0,0.0));
#3835=DIRECTION('',(0.0,0.0,-1.0));
#3836=ORIENTED_EDGE('',*,*,#7440,.F.);
#3837=ORIENTED_EDGE('',*,*,#7441,.F.);
#3838=ORIENTED_EDGE('',*,*,#7442,.F.);
#3839=ORIENTED_EDGE('',*,*,#7438,.F.);
#3840=ORIENTED_EDGE('',*,*,#7443,.F.);
#3841=ORIENTED_EDGE('',*,*,#7437,.F.);
#3842=ORIENTED_EDGE('',*,*,#7444,.T.);
#3843=ORIENTED_EDGE('',*,*,#7445,.T.);
#3844=ORIENTED_EDGE('',*,*,#7446,.F.);
#3845=ORIENTED_EDGE('',*,*,#7447,.F.);
#3846=ORIENTED_EDGE('',*,*,#7448,.T.);
#3847=ORIENTED_EDGE('',*,*,#7449,.T.);
#3848=ORIENTED_EDGE('',*,*,#7450,.F.);
#3849=ORIENTED_EDGE('',*,*,#7451,.F.);
#3850=ORIENTED_EDGE('',*,*,#7452,.T.);
#3851=ORIENTED_EDGE('',*,*,#7453,.T.);
#3852=ORIENTED_EDGE('',*,*,#7454,.F.);
#3853=ORIENTED_EDGE('',*,*,#7455,.F.);
#3854=ORIENTED_EDGE('',*,*,#7456,.T.);
#3855=ORIENTED_EDGE('',*,*,#7457,.T.);
#3856=ORIENTED_EDGE('',*,*,#7458,.F.);
#3857=ORIENTED_EDGE('',*,*,#7459,.F.);
#3858=CARTESIAN_POINT('',(0.0,0.0,-12.34));
#3859=DIRECTION('',(0.0,0.0,-1.0));
#3860=DIRECTION('',(0.0,-1.0,0.0));
#3861=ORIENTED_EDGE('',*,*,#7443,.T.);
#3862=ORIENTED_EDGE('',*,*,#7434,.F.);
#3863=ORIENTED_EDGE('',*,*,#7295,.F.);
#3864=ORIENTED_EDGE('',*,*,#7429,.T.);
#3865=ORIENTED_EDGE('',*,*,#7460,.T.);
#3866=ORIENTED_EDGE('',*,*,#7461,.F.);
#3867=ORIENTED_EDGE('',*,*,#7462,.F.);
#3868=ORIENTED_EDGE('',*,*,#7463,.T.);
#3869=ORIENTED_EDGE('',*,*,#7464,.T.);
#3870=ORIENTED_EDGE('',*,*,#7465,.F.);
#3871=ORIENTED_EDGE('',*,*,#7466,.F.);
#3872=ORIENTED_EDGE('',*,*,#7467,.T.);
#3873=ORIENTED_EDGE('',*,*,#7468,.T.);
#3874=ORIENTED_EDGE('',*,*,#7469,.F.);
#3875=ORIENTED_EDGE('',*,*,#7470,.F.);
#3876=ORIENTED_EDGE('',*,*,#7471,.T.);
#3877=ORIENTED_EDGE('',*,*,#7472,.T.);
#3878=ORIENTED_EDGE('',*,*,#7473,.F.);
#3879=ORIENTED_EDGE('',*,*,#7474,.F.);
#3880=ORIENTED_EDGE('',*,*,#7475,.T.);
#3881=CARTESIAN_POINT('',(-2.4,-2.52,-15.7));
#3882=DIRECTION('',(-0.0,1.0,0.0));
#3883=DIRECTION('',(1.0,0.0,0.0));
#3884=ORIENTED_EDGE('',*,*,#7476,.F.);
#3885=ORIENTED_EDGE('',*,*,#7477,.F.);
#3886=ORIENTED_EDGE('',*,*,#7478,.F.);
#3887=ORIENTED_EDGE('',*,*,#7212,.T.);
#3888=CARTESIAN_POINT('',(0.95,0.0,0.0));
#3889=DIRECTION('',(1.0,0.0,0.0));
#3890=DIRECTION('',(0.0,1.0,0.0));
#3891=ORIENTED_EDGE('',*,*,#7479,.F.);
#3892=ORIENTED_EDGE('',*,*,#7480,.F.);
#3893=ORIENTED_EDGE('',*,*,#7481,.F.);
#3894=ORIENTED_EDGE('',*,*,#7216,.T.);
#3895=CARTESIAN_POINT('',(0.95,0.0,0.0));
#3896=DIRECTION('',(1.0,0.0,0.0));
#3897=DIRECTION('',(0.0,1.0,0.0));
#3898=ORIENTED_EDGE('',*,*,#7482,.F.);
#3899=ORIENTED_EDGE('',*,*,#7483,.F.);
#3900=ORIENTED_EDGE('',*,*,#7484,.F.);
#3901=ORIENTED_EDGE('',*,*,#7463,.F.);
#3902=ORIENTED_EDGE('',*,*,#7485,.F.);
#3903=ORIENTED_EDGE('',*,*,#7486,.F.);
#3904=ORIENTED_EDGE('',*,*,#7487,.F.);
#3905=ORIENTED_EDGE('',*,*,#7447,.T.);
#3906=CARTESIAN_POINT('',(0.95,0.0,0.0));
#3907=DIRECTION('',(1.0,0.0,0.0));
#3908=DIRECTION('',(0.0,1.0,0.0));
#3909=ORIENTED_EDGE('',*,*,#7488,.F.);
#3910=ORIENTED_EDGE('',*,*,#7489,.F.);
#3911=ORIENTED_EDGE('',*,*,#7490,.F.);
#3912=ORIENTED_EDGE('',*,*,#7467,.F.);
#3913=ORIENTED_EDGE('',*,*,#7491,.F.);
#3914=ORIENTED_EDGE('',*,*,#7492,.F.);
#3915=ORIENTED_EDGE('',*,*,#7493,.F.);
#3916=ORIENTED_EDGE('',*,*,#7451,.T.);
#3917=CARTESIAN_POINT('',(0.95,0.0,0.0));
#3918=DIRECTION('',(1.0,0.0,0.0));
#3919=DIRECTION('',(0.0,1.0,0.0));
#3920=ORIENTED_EDGE('',*,*,#7478,.T.);
#3921=ORIENTED_EDGE('',*,*,#7494,.T.);
#3922=ORIENTED_EDGE('',*,*,#7495,.F.);
#3923=ORIENTED_EDGE('',*,*,#7209,.F.);
#3924=CARTESIAN_POINT('',(0.95,-0.88,-12.855));
#3925=DIRECTION('',(0.0,0.0,1.0));
#3926=DIRECTION('',(1.0,0.0,0.0));
#3927=ORIENTED_EDGE('',*,*,#7496,.F.);
#3928=ORIENTED_EDGE('',*,*,#7497,.F.);
#3929=ORIENTED_EDGE('',*,*,#7485,.T.);
#3930=ORIENTED_EDGE('',*,*,#7462,.T.);
#3931=CARTESIAN_POINT('',(0.95,-0.88,-12.855));
#3932=DIRECTION('',(0.0,0.0,1.0));
#3933=DIRECTION('',(1.0,0.0,0.0));
#3934=ORIENTED_EDGE('',*,*,#7495,.T.);
#3935=ORIENTED_EDGE('',*,*,#7498,.T.);
#3936=ORIENTED_EDGE('',*,*,#7499,.T.);
#3937=ORIENTED_EDGE('',*,*,#7210,.F.);
#3938=CARTESIAN_POINT('',(1.55,0.0,0.0));
#3939=DIRECTION('',(1.0,0.0,0.0));
#3940=DIRECTION('',(0.0,1.0,0.0));
#3941=ORIENTED_EDGE('',*,*,#7500,.T.);
#3942=ORIENTED_EDGE('',*,*,#7501,.T.);
#3943=ORIENTED_EDGE('',*,*,#7502,.T.);
#3944=ORIENTED_EDGE('',*,*,#7214,.F.);
#3945=CARTESIAN_POINT('',(1.55,0.0,0.0));
#3946=DIRECTION('',(1.0,0.0,0.0));
#3947=DIRECTION('',(0.0,1.0,0.0));
#3948=ORIENTED_EDGE('',*,*,#7503,.T.);
#3949=ORIENTED_EDGE('',*,*,#7504,.T.);
#3950=ORIENTED_EDGE('',*,*,#7496,.T.);
#3951=ORIENTED_EDGE('',*,*,#7461,.T.);
#3952=ORIENTED_EDGE('',*,*,#7505,.T.);
#3953=ORIENTED_EDGE('',*,*,#7506,.T.);
#3954=ORIENTED_EDGE('',*,*,#7507,.T.);
#3955=ORIENTED_EDGE('',*,*,#7445,.F.);
#3956=CARTESIAN_POINT('',(1.55,0.0,0.0));
#3957=DIRECTION('',(1.0,0.0,0.0));
#3958=DIRECTION('',(0.0,1.0,0.0));
#3959=ORIENTED_EDGE('',*,*,#7508,.T.);
#3960=ORIENTED_EDGE('',*,*,#7509,.T.);
#3961=ORIENTED_EDGE('',*,*,#7510,.T.);
#3962=ORIENTED_EDGE('',*,*,#7465,.T.);
#3963=ORIENTED_EDGE('',*,*,#7511,.T.);
#3964=ORIENTED_EDGE('',*,*,#7512,.T.);
#3965=ORIENTED_EDGE('',*,*,#7513,.T.);
#3966=ORIENTED_EDGE('',*,*,#7449,.F.);
#3967=CARTESIAN_POINT('',(1.55,0.0,0.0));
#3968=DIRECTION('',(1.0,0.0,0.0));
#3969=DIRECTION('',(0.0,1.0,0.0));
#3970=ORIENTED_EDGE('',*,*,#7499,.F.);
#3971=ORIENTED_EDGE('',*,*,#7514,.F.);
#3972=ORIENTED_EDGE('',*,*,#7476,.T.);
#3973=ORIENTED_EDGE('',*,*,#7211,.T.);
#3974=CARTESIAN_POINT('',(0.95,-8.69,-13.105));
#3975=DIRECTION('',(0.0,0.0,-1.0));
#3976=DIRECTION('',(0.0,-1.0,0.0));
#3977=ORIENTED_EDGE('',*,*,#7484,.T.);
#3978=ORIENTED_EDGE('',*,*,#7515,.T.);
#3979=ORIENTED_EDGE('',*,*,#7505,.F.);
#3980=ORIENTED_EDGE('',*,*,#7460,.F.);
#3981=CARTESIAN_POINT('',(0.95,-8.69,-13.105));
#3982=DIRECTION('',(0.0,0.0,-1.0));
#3983=DIRECTION('',(0.0,-1.0,0.0));
#3984=ORIENTED_EDGE('',*,*,#7514,.T.);
#3985=ORIENTED_EDGE('',*,*,#7498,.F.);
#3986=ORIENTED_EDGE('',*,*,#7494,.F.);
#3987=ORIENTED_EDGE('',*,*,#7477,.T.);
#3988=CARTESIAN_POINT('',(0.95,-8.69,-12.855));
#3989=DIRECTION('',(0.0,-1.0,0.0));
#3990=DIRECTION('',(0.0,0.0,-1.0));
#3991=ORIENTED_EDGE('',*,*,#7516,.T.);
#3992=ORIENTED_EDGE('',*,*,#7506,.F.);
#3993=ORIENTED_EDGE('',*,*,#7515,.F.);
#3994=ORIENTED_EDGE('',*,*,#7483,.T.);
#3995=CARTESIAN_POINT('',(0.95,-0.88,-12.605));
#3996=DIRECTION('',(-1.0,0.0,-0.0));
#3997=DIRECTION('',(0.0,0.0,-1.0));
#3998=ORIENTED_EDGE('',*,*,#7507,.F.);
#3999=ORIENTED_EDGE('',*,*,#7516,.F.);
#4000=ORIENTED_EDGE('',*,*,#7482,.T.);
#4001=ORIENTED_EDGE('',*,*,#7446,.T.);
#4002=CARTESIAN_POINT('',(0.95,-0.38,-12.605));
#4003=DIRECTION('',(-0.0,1.0,0.0));
#4004=DIRECTION('',(1.0,0.0,0.0));
#4005=ORIENTED_EDGE('',*,*,#7502,.F.);
#4006=ORIENTED_EDGE('',*,*,#7517,.F.);
#4007=ORIENTED_EDGE('',*,*,#7479,.T.);
#4008=ORIENTED_EDGE('',*,*,#7215,.T.);
#4009=CARTESIAN_POINT('',(0.95,-8.69,-15.105));
#4010=DIRECTION('',(0.0,0.0,-1.0));
#4011=DIRECTION('',(0.0,-1.0,0.0));
#4012=ORIENTED_EDGE('',*,*,#7490,.T.);
#4013=ORIENTED_EDGE('',*,*,#7518,.T.);
#4014=ORIENTED_EDGE('',*,*,#7511,.F.);
#4015=ORIENTED_EDGE('',*,*,#7464,.F.);
#4016=CARTESIAN_POINT('',(0.95,-8.69,-15.105));
#4017=DIRECTION('',(0.0,0.0,-1.0));
#4018=DIRECTION('',(0.0,-1.0,0.0));
#4019=ORIENTED_EDGE('',*,*,#7517,.T.);
#4020=ORIENTED_EDGE('',*,*,#7501,.F.);
#4021=ORIENTED_EDGE('',*,*,#7519,.F.);
#4022=ORIENTED_EDGE('',*,*,#7480,.T.);
#4023=CARTESIAN_POINT('',(0.95,-8.69,-14.855));
#4024=DIRECTION('',(0.0,-1.0,0.0));
#4025=DIRECTION('',(0.0,0.0,-1.0));
#4026=ORIENTED_EDGE('',*,*,#7481,.T.);
#4027=ORIENTED_EDGE('',*,*,#7519,.T.);
#4028=ORIENTED_EDGE('',*,*,#7500,.F.);
#4029=ORIENTED_EDGE('',*,*,#7213,.F.);
#4030=CARTESIAN_POINT('',(0.95,0.13,-14.855));
#4031=DIRECTION('',(0.0,0.0,1.0));
#4032=DIRECTION('',(1.0,0.0,0.0));
#4033=ORIENTED_EDGE('',*,*,#7510,.F.);
#4034=ORIENTED_EDGE('',*,*,#7520,.F.);
#4035=ORIENTED_EDGE('',*,*,#7491,.T.);
#4036=ORIENTED_EDGE('',*,*,#7466,.T.);
#4037=CARTESIAN_POINT('',(0.95,0.13,-14.855));
#4038=DIRECTION('',(0.0,0.0,1.0));
#4039=DIRECTION('',(1.0,0.0,0.0));
#4040=ORIENTED_EDGE('',*,*,#7520,.T.);
#4041=ORIENTED_EDGE('',*,*,#7509,.F.);
#4042=ORIENTED_EDGE('',*,*,#7521,.F.);
#4043=ORIENTED_EDGE('',*,*,#7492,.T.);
#4044=CARTESIAN_POINT('',(0.95,0.13,-14.605));
#4045=DIRECTION('',(-1.0,0.0,-0.0));
#4046=DIRECTION('',(0.0,0.0,-1.0));
#4047=ORIENTED_EDGE('',*,*,#7493,.T.);
#4048=ORIENTED_EDGE('',*,*,#7521,.T.);
#4049=ORIENTED_EDGE('',*,*,#7508,.F.);
#4050=ORIENTED_EDGE('',*,*,#7448,.F.);
#4051=CARTESIAN_POINT('',(0.95,0.38,-12.34));
#4052=DIRECTION('',(0.0,-1.0,0.0));
#4053=DIRECTION('',(0.0,0.0,-1.0));
#4054=ORIENTED_EDGE('',*,*,#7522,.T.);
#4055=ORIENTED_EDGE('',*,*,#7512,.F.);
#4056=ORIENTED_EDGE('',*,*,#7518,.F.);
#4057=ORIENTED_EDGE('',*,*,#7489,.T.);
#4058=CARTESIAN_POINT('',(0.95,0.13,-14.605));
#4059=DIRECTION('',(-1.0,0.0,-0.0));
#4060=DIRECTION('',(0.0,0.0,-1.0));
#4061=ORIENTED_EDGE('',*,*,#7513,.F.);
#4062=ORIENTED_EDGE('',*,*,#7522,.F.);
#4063=ORIENTED_EDGE('',*,*,#7488,.T.);
#4064=ORIENTED_EDGE('',*,*,#7450,.T.);
#4065=CARTESIAN_POINT('',(0.95,0.63,-14.605));
#4066=DIRECTION('',(-0.0,1.0,0.0));
#4067=DIRECTION('',(1.0,0.0,0.0));
#4068=ORIENTED_EDGE('',*,*,#7497,.T.);
#4069=ORIENTED_EDGE('',*,*,#7504,.F.);
#4070=ORIENTED_EDGE('',*,*,#7523,.F.);
#4071=ORIENTED_EDGE('',*,*,#7486,.T.);
#4072=CARTESIAN_POINT('',(0.95,-0.88,-12.605));
#4073=DIRECTION('',(-1.0,0.0,-0.0));
#4074=DIRECTION('',(0.0,0.0,-1.0));
#4075=ORIENTED_EDGE('',*,*,#7487,.T.);
#4076=ORIENTED_EDGE('',*,*,#7523,.T.);
#4077=ORIENTED_EDGE('',*,*,#7503,.F.);
#4078=ORIENTED_EDGE('',*,*,#7444,.F.);
#4079=CARTESIAN_POINT('',(0.95,-0.63,-12.34));
#4080=DIRECTION('',(0.0,-1.0,0.0));
#4081=DIRECTION('',(0.0,0.0,-1.0));
#4082=ORIENTED_EDGE('',*,*,#7524,.F.);
#4083=ORIENTED_EDGE('',*,*,#7525,.F.);
#4084=ORIENTED_EDGE('',*,*,#7526,.F.);
#4085=ORIENTED_EDGE('',*,*,#7220,.T.);
#4086=CARTESIAN_POINT('',(-1.55,0.0,0.0));
#4087=DIRECTION('',(1.0,0.0,0.0));
#4088=DIRECTION('',(0.0,1.0,0.0));
#4089=ORIENTED_EDGE('',*,*,#7527,.F.);
#4090=ORIENTED_EDGE('',*,*,#7528,.F.);
#4091=ORIENTED_EDGE('',*,*,#7529,.F.);
#4092=ORIENTED_EDGE('',*,*,#7224,.T.);
#4093=CARTESIAN_POINT('',(-1.55,0.0,0.0));
#4094=DIRECTION('',(1.0,0.0,0.0));
#4095=DIRECTION('',(0.0,1.0,0.0));
#4096=ORIENTED_EDGE('',*,*,#7530,.F.);
#4097=ORIENTED_EDGE('',*,*,#7531,.F.);
#4098=ORIENTED_EDGE('',*,*,#7459,.T.);
#4099=ORIENTED_EDGE('',*,*,#7532,.F.);
#4100=ORIENTED_EDGE('',*,*,#7533,.F.);
#4101=ORIENTED_EDGE('',*,*,#7534,.F.);
#4102=ORIENTED_EDGE('',*,*,#7475,.F.);
#4103=ORIENTED_EDGE('',*,*,#7535,.F.);
#4104=CARTESIAN_POINT('',(-1.55,0.0,0.0));
#4105=DIRECTION('',(1.0,0.0,0.0));
#4106=DIRECTION('',(0.0,1.0,0.0));
#4107=ORIENTED_EDGE('',*,*,#7536,.F.);
#4108=ORIENTED_EDGE('',*,*,#7537,.F.);
#4109=ORIENTED_EDGE('',*,*,#7455,.T.);
#4110=ORIENTED_EDGE('',*,*,#7538,.F.);
#4111=ORIENTED_EDGE('',*,*,#7539,.F.);
#4112=ORIENTED_EDGE('',*,*,#7540,.F.);
#4113=ORIENTED_EDGE('',*,*,#7471,.F.);
#4114=ORIENTED_EDGE('',*,*,#7541,.F.);
#4115=CARTESIAN_POINT('',(-1.55,0.0,0.0));
#4116=DIRECTION('',(1.0,0.0,0.0));
#4117=DIRECTION('',(0.0,1.0,0.0));
#4118=ORIENTED_EDGE('',*,*,#7526,.T.);
#4119=ORIENTED_EDGE('',*,*,#7542,.T.);
#4120=ORIENTED_EDGE('',*,*,#7543,.F.);
#4121=ORIENTED_EDGE('',*,*,#7217,.F.);
#4122=CARTESIAN_POINT('',(-1.55,-0.88,-12.855));
#4123=DIRECTION('',(0.0,0.0,1.0));
#4124=DIRECTION('',(1.0,0.0,0.0));
#4125=ORIENTED_EDGE('',*,*,#7470,.T.);
#4126=ORIENTED_EDGE('',*,*,#7544,.F.);
#4127=ORIENTED_EDGE('',*,*,#7545,.F.);
#4128=ORIENTED_EDGE('',*,*,#7541,.T.);
#4129=CARTESIAN_POINT('',(-1.55,-0.88,-12.855));
#4130=DIRECTION('',(0.0,0.0,1.0));
#4131=DIRECTION('',(1.0,0.0,0.0));
#4132=ORIENTED_EDGE('',*,*,#7543,.T.);
#4133=ORIENTED_EDGE('',*,*,#7546,.T.);
#4134=ORIENTED_EDGE('',*,*,#7547,.T.);
#4135=ORIENTED_EDGE('',*,*,#7218,.F.);
#4136=CARTESIAN_POINT('',(-0.95,0.0,0.0));
#4137=DIRECTION('',(1.0,0.0,0.0));
#4138=DIRECTION('',(0.0,1.0,0.0));
#4139=ORIENTED_EDGE('',*,*,#7548,.T.);
#4140=ORIENTED_EDGE('',*,*,#7549,.T.);
#4141=ORIENTED_EDGE('',*,*,#7550,.T.);
#4142=ORIENTED_EDGE('',*,*,#7222,.F.);
#4143=CARTESIAN_POINT('',(-0.95,0.0,0.0));
#4144=DIRECTION('',(1.0,0.0,0.0));
#4145=DIRECTION('',(0.0,1.0,0.0));
#4146=ORIENTED_EDGE('',*,*,#7473,.T.);
#4147=ORIENTED_EDGE('',*,*,#7551,.T.);
#4148=ORIENTED_EDGE('',*,*,#7552,.T.);
#4149=ORIENTED_EDGE('',*,*,#7553,.T.);
#4150=ORIENTED_EDGE('',*,*,#7457,.F.);
#4151=ORIENTED_EDGE('',*,*,#7554,.T.);
#4152=ORIENTED_EDGE('',*,*,#7555,.T.);
#4153=ORIENTED_EDGE('',*,*,#7556,.T.);
#4154=CARTESIAN_POINT('',(-0.95,0.0,0.0));
#4155=DIRECTION('',(1.0,0.0,0.0));
#4156=DIRECTION('',(0.0,1.0,0.0));
#4157=ORIENTED_EDGE('',*,*,#7469,.T.);
#4158=ORIENTED_EDGE('',*,*,#7557,.T.);
#4159=ORIENTED_EDGE('',*,*,#7558,.T.);
#4160=ORIENTED_EDGE('',*,*,#7559,.T.);
#4161=ORIENTED_EDGE('',*,*,#7453,.F.);
#4162=ORIENTED_EDGE('',*,*,#7560,.T.);
#4163=ORIENTED_EDGE('',*,*,#7561,.T.);
#4164=ORIENTED_EDGE('',*,*,#7544,.T.);
#4165=CARTESIAN_POINT('',(-0.95,0.0,0.0));
#4166=DIRECTION('',(1.0,0.0,0.0));
#4167=DIRECTION('',(0.0,1.0,0.0));
#4168=ORIENTED_EDGE('',*,*,#7547,.F.);
#4169=ORIENTED_EDGE('',*,*,#7562,.F.);
#4170=ORIENTED_EDGE('',*,*,#7524,.T.);
#4171=ORIENTED_EDGE('',*,*,#7219,.T.);
#4172=CARTESIAN_POINT('',(-1.55,-8.69,-13.105));
#4173=DIRECTION('',(0.0,0.0,-1.0));
#4174=DIRECTION('',(0.0,-1.0,0.0));
#4175=ORIENTED_EDGE('',*,*,#7563,.T.);
#4176=ORIENTED_EDGE('',*,*,#7557,.F.);
#4177=ORIENTED_EDGE('',*,*,#7468,.F.);
#4178=ORIENTED_EDGE('',*,*,#7540,.T.);
#4179=CARTESIAN_POINT('',(-1.55,-8.69,-13.105));
#4180=DIRECTION('',(0.0,0.0,-1.0));
#4181=DIRECTION('',(0.0,-1.0,0.0));
#4182=ORIENTED_EDGE('',*,*,#7562,.T.);
#4183=ORIENTED_EDGE('',*,*,#7546,.F.);
#4184=ORIENTED_EDGE('',*,*,#7542,.F.);
#4185=ORIENTED_EDGE('',*,*,#7525,.T.);
#4186=CARTESIAN_POINT('',(-1.55,-8.69,-12.855));
#4187=DIRECTION('',(0.0,-1.0,0.0));
#4188=DIRECTION('',(0.0,0.0,-1.0));
#4189=ORIENTED_EDGE('',*,*,#7564,.T.);
#4190=ORIENTED_EDGE('',*,*,#7558,.F.);
#4191=ORIENTED_EDGE('',*,*,#7563,.F.);
#4192=ORIENTED_EDGE('',*,*,#7539,.T.);
#4193=CARTESIAN_POINT('',(-1.55,-0.88,-12.605));
#4194=DIRECTION('',(-1.0,0.0,-0.0));
#4195=DIRECTION('',(0.0,0.0,-1.0));
#4196=ORIENTED_EDGE('',*,*,#7559,.F.);
#4197=ORIENTED_EDGE('',*,*,#7564,.F.);
#4198=ORIENTED_EDGE('',*,*,#7538,.T.);
#4199=ORIENTED_EDGE('',*,*,#7454,.T.);
#4200=CARTESIAN_POINT('',(-1.55,-0.38,-12.605));
#4201=DIRECTION('',(-0.0,1.0,0.0));
#4202=DIRECTION('',(1.0,0.0,0.0));
#4203=ORIENTED_EDGE('',*,*,#7550,.F.);
#4204=ORIENTED_EDGE('',*,*,#7565,.F.);
#4205=ORIENTED_EDGE('',*,*,#7527,.T.);
#4206=ORIENTED_EDGE('',*,*,#7223,.T.);
#4207=CARTESIAN_POINT('',(-1.55,-8.69,-15.105));
#4208=DIRECTION('',(0.0,0.0,-1.0));
#4209=DIRECTION('',(0.0,-1.0,0.0));
#4210=ORIENTED_EDGE('',*,*,#7566,.T.);
#4211=ORIENTED_EDGE('',*,*,#7551,.F.);
#4212=ORIENTED_EDGE('',*,*,#7472,.F.);
#4213=ORIENTED_EDGE('',*,*,#7534,.T.);
#4214=CARTESIAN_POINT('',(-1.55,-8.69,-15.105));
#4215=DIRECTION('',(0.0,0.0,-1.0));
#4216=DIRECTION('',(0.0,-1.0,0.0));
#4217=ORIENTED_EDGE('',*,*,#7565,.T.);
#4218=ORIENTED_EDGE('',*,*,#7549,.F.);
#4219=ORIENTED_EDGE('',*,*,#7567,.F.);
#4220=ORIENTED_EDGE('',*,*,#7528,.T.);
#4221=CARTESIAN_POINT('',(-1.55,-8.69,-14.855));
#4222=DIRECTION('',(0.0,-1.0,0.0));
#4223=DIRECTION('',(0.0,0.0,-1.0));
#4224=ORIENTED_EDGE('',*,*,#7529,.T.);
#4225=ORIENTED_EDGE('',*,*,#7567,.T.);
#4226=ORIENTED_EDGE('',*,*,#7548,.F.);
#4227=ORIENTED_EDGE('',*,*,#7221,.F.);
#4228=CARTESIAN_POINT('',(-1.55,0.13,-14.855));
#4229=DIRECTION('',(0.0,0.0,1.0));
#4230=DIRECTION('',(1.0,0.0,0.0));
#4231=ORIENTED_EDGE('',*,*,#7474,.T.);
#4232=ORIENTED_EDGE('',*,*,#7556,.F.);
#4233=ORIENTED_EDGE('',*,*,#7568,.F.);
#4234=ORIENTED_EDGE('',*,*,#7535,.T.);
#4235=CARTESIAN_POINT('',(-1.55,0.13,-14.855));
#4236=DIRECTION('',(0.0,0.0,1.0));
#4237=DIRECTION('',(1.0,0.0,0.0));
#4238=ORIENTED_EDGE('',*,*,#7568,.T.);
#4239=ORIENTED_EDGE('',*,*,#7555,.F.);
#4240=ORIENTED_EDGE('',*,*,#7569,.F.);
#4241=ORIENTED_EDGE('',*,*,#7530,.T.);
#4242=CARTESIAN_POINT('',(-1.55,0.13,-14.605));
#4243=DIRECTION('',(-1.0,0.0,-0.0));
#4244=DIRECTION('',(0.0,0.0,-1.0));
#4245=ORIENTED_EDGE('',*,*,#7531,.T.);
#4246=ORIENTED_EDGE('',*,*,#7569,.T.);
#4247=ORIENTED_EDGE('',*,*,#7554,.F.);
#4248=ORIENTED_EDGE('',*,*,#7456,.F.);
#4249=CARTESIAN_POINT('',(-1.55,0.38,-12.34));
#4250=DIRECTION('',(0.0,-1.0,0.0));
#4251=DIRECTION('',(0.0,0.0,-1.0));
#4252=ORIENTED_EDGE('',*,*,#7570,.T.);
#4253=ORIENTED_EDGE('',*,*,#7552,.F.);
#4254=ORIENTED_EDGE('',*,*,#7566,.F.);
#4255=ORIENTED_EDGE('',*,*,#7533,.T.);
#4256=CARTESIAN_POINT('',(-1.55,0.13,-14.605));
#4257=DIRECTION('',(-1.0,0.0,-0.0));
#4258=DIRECTION('',(0.0,0.0,-1.0));
#4259=ORIENTED_EDGE('',*,*,#7553,.F.);
#4260=ORIENTED_EDGE('',*,*,#7570,.F.);
#4261=ORIENTED_EDGE('',*,*,#7532,.T.);
#4262=ORIENTED_EDGE('',*,*,#7458,.T.);
#4263=CARTESIAN_POINT('',(-1.55,0.63,-14.605));
#4264=DIRECTION('',(-0.0,1.0,0.0));
#4265=DIRECTION('',(1.0,0.0,0.0));
#4266=ORIENTED_EDGE('',*,*,#7545,.T.);
#4267=ORIENTED_EDGE('',*,*,#7561,.F.);
#4268=ORIENTED_EDGE('',*,*,#7571,.F.);
#4269=ORIENTED_EDGE('',*,*,#7536,.T.);
#4270=CARTESIAN_POINT('',(-1.55,-0.88,-12.605));
#4271=DIRECTION('',(-1.0,0.0,-0.0));
#4272=DIRECTION('',(0.0,0.0,-1.0));
#4273=ORIENTED_EDGE('',*,*,#7537,.T.);
#4274=ORIENTED_EDGE('',*,*,#7571,.T.);
#4275=ORIENTED_EDGE('',*,*,#7560,.F.);
#4276=ORIENTED_EDGE('',*,*,#7452,.F.);
#4277=CARTESIAN_POINT('',(-1.55,-0.63,-12.34));
#4278=DIRECTION('',(0.0,-1.0,0.0));
#4279=DIRECTION('',(0.0,0.0,-1.0));
#4280=ORIENTED_EDGE('',*,*,#7439,.T.);
#4281=ORIENTED_EDGE('',*,*,#7442,.T.);
#4282=ORIENTED_EDGE('',*,*,#7572,.F.);
#4283=ORIENTED_EDGE('',*,*,#7423,.T.);
#4284=CARTESIAN_POINT('',(3.25,3.54,-12.34));
#4285=DIRECTION('',(1.0,0.0,0.0));
#4286=DIRECTION('',(0.0,1.0,0.0));
#4287=ORIENTED_EDGE('',*,*,#7572,.T.);
#4288=ORIENTED_EDGE('',*,*,#7441,.T.);
#4289=ORIENTED_EDGE('',*,*,#7573,.F.);
#4290=ORIENTED_EDGE('',*,*,#7424,.T.);
#4291=CARTESIAN_POINT('',(-3.25,3.54,-12.34));
#4292=DIRECTION('',(-0.0,1.0,0.0));
#4293=DIRECTION('',(1.0,0.0,0.0));
#4294=ORIENTED_EDGE('',*,*,#7573,.T.);
#4295=ORIENTED_EDGE('',*,*,#7440,.T.);
#4296=ORIENTED_EDGE('',*,*,#7436,.F.);
#4297=ORIENTED_EDGE('',*,*,#7425,.T.);
#4298=CARTESIAN_POINT('',(-3.25,-2.52,-12.34));
#4299=DIRECTION('',(-1.0,0.0,0.0));
#4300=DIRECTION('',(0.0,0.0,1.0));
#4301=ORIENTED_EDGE('',*,*,#7432,.T.);
#4302=ORIENTED_EDGE('',*,*,#7419,.F.);
#4303=ORIENTED_EDGE('',*,*,#7408,.F.);
#4304=ORIENTED_EDGE('',*,*,#7298,.T.);
#4305=CARTESIAN_POINT('',(4.6,-4.31,-15.7));
#4306=DIRECTION('',(0.0,0.0,1.0));
#4307=DIRECTION('',(-1.0,0.0,0.0));
#4308=ORIENTED_EDGE('',*,*,#7574,.F.);
#4309=ORIENTED_EDGE('',*,*,#7575,.T.);
#4310=ORIENTED_EDGE('',*,*,#7267,.T.);
#4311=ORIENTED_EDGE('',*,*,#7351,.T.);
#4312=CARTESIAN_POINT('',(-6.13,3.47,-11.7));
#4313=DIRECTION('',(0.0,-1.0,0.0));
#4314=DIRECTION('',(0.0,0.0,-1.0));
#4315=ORIENTED_EDGE('',*,*,#7576,.T.);
#4316=ORIENTED_EDGE('',*,*,#7268,.T.);
#4317=ORIENTED_EDGE('',*,*,#7575,.F.);
#4318=ORIENTED_EDGE('',*,*,#7577,.F.);
#4319=CARTESIAN_POINT('',(-6.13,4.96,-11.7));
#4320=DIRECTION('',(-1.0,0.0,0.0));
#4321=DIRECTION('',(0.0,0.0,1.0));
#4322=ORIENTED_EDGE('',*,*,#7578,.T.);
#4323=ORIENTED_EDGE('',*,*,#7579,.T.);
#4324=ORIENTED_EDGE('',*,*,#7580,.T.);
#4325=ORIENTED_EDGE('',*,*,#7341,.T.);
#4326=CARTESIAN_POINT('',(0.0,0.0,-11.7));
#4327=DIRECTION('',(0.0,0.0,1.0));
#4328=DIRECTION('',(1.0,0.0,0.0));
#4329=ORIENTED_EDGE('',*,*,#7581,.T.);
#4330=ORIENTED_EDGE('',*,*,#7582,.T.);
#4331=ORIENTED_EDGE('',*,*,#7583,.T.);
#4332=ORIENTED_EDGE('',*,*,#7318,.F.);
#4333=CARTESIAN_POINT('',(0.0,0.0,-11.7));
#4334=DIRECTION('',(0.0,0.0,1.0));
#4335=DIRECTION('',(1.0,0.0,0.0));
#4336=ORIENTED_EDGE('',*,*,#7584,.T.);
#4337=ORIENTED_EDGE('',*,*,#7577,.T.);
#4338=ORIENTED_EDGE('',*,*,#7574,.T.);
#4339=ORIENTED_EDGE('',*,*,#7350,.T.);
#4340=CARTESIAN_POINT('',(0.0,0.0,-11.7));
#4341=DIRECTION('',(0.0,0.0,1.0));
#4342=DIRECTION('',(1.0,0.0,0.0));
#4343=ORIENTED_EDGE('',*,*,#7585,.T.);
#4344=ORIENTED_EDGE('',*,*,#7586,.T.);
#4345=ORIENTED_EDGE('',*,*,#7587,.T.);
#4346=ORIENTED_EDGE('',*,*,#7310,.F.);
#4347=CARTESIAN_POINT('',(0.0,0.0,-11.7));
#4348=DIRECTION('',(0.0,0.0,1.0));
#4349=DIRECTION('',(1.0,0.0,0.0));
#4350=ORIENTED_EDGE('',*,*,#7588,.T.);
#4351=ORIENTED_EDGE('',*,*,#7286,.T.);
#4352=ORIENTED_EDGE('',*,*,#7342,.T.);
#4353=ORIENTED_EDGE('',*,*,#7580,.F.);
#4354=CARTESIAN_POINT('',(-6.13,-4.96,-11.7));
#4355=DIRECTION('',(0.0,-1.0,0.0));
#4356=DIRECTION('',(0.0,0.0,-1.0));
#4357=ORIENTED_EDGE('',*,*,#7589,.T.);
#4358=ORIENTED_EDGE('',*,*,#7287,.T.);
#4359=ORIENTED_EDGE('',*,*,#7588,.F.);
#4360=ORIENTED_EDGE('',*,*,#7579,.F.);
#4361=CARTESIAN_POINT('',(-6.13,-3.47,-11.7));
#4362=DIRECTION('',(-1.0,0.0,0.0));
#4363=DIRECTION('',(0.0,0.0,1.0));
#4364=ORIENTED_EDGE('',*,*,#7288,.T.);
#4365=ORIENTED_EDGE('',*,*,#7589,.F.);
#4366=ORIENTED_EDGE('',*,*,#7578,.F.);
#4367=ORIENTED_EDGE('',*,*,#7340,.F.);
#4368=CARTESIAN_POINT('',(-5.6,-3.47,-11.7));
#4369=DIRECTION('',(-0.0,1.0,0.0));
#4370=DIRECTION('',(1.0,0.0,0.0));
#4371=ORIENTED_EDGE('',*,*,#7583,.F.);
#4372=ORIENTED_EDGE('',*,*,#7590,.T.);
#4373=ORIENTED_EDGE('',*,*,#7302,.T.);
#4374=ORIENTED_EDGE('',*,*,#7319,.T.);
#4375=CARTESIAN_POINT('',(6.13,-3.47,-11.7));
#4376=DIRECTION('',(-0.0,1.0,0.0));
#4377=DIRECTION('',(1.0,0.0,0.0));
#4378=ORIENTED_EDGE('',*,*,#7591,.T.);
#4379=ORIENTED_EDGE('',*,*,#7303,.T.);
#4380=ORIENTED_EDGE('',*,*,#7590,.F.);
#4381=ORIENTED_EDGE('',*,*,#7582,.F.);
#4382=CARTESIAN_POINT('',(6.13,-4.96,-11.7));
#4383=DIRECTION('',(1.0,0.0,0.0));
#4384=DIRECTION('',(0.0,1.0,0.0));
#4385=ORIENTED_EDGE('',*,*,#7304,.T.);
#4386=ORIENTED_EDGE('',*,*,#7591,.F.);
#4387=ORIENTED_EDGE('',*,*,#7581,.F.);
#4388=ORIENTED_EDGE('',*,*,#7317,.F.);
#4389=CARTESIAN_POINT('',(5.6,-4.96,-11.7));
#4390=DIRECTION('',(0.0,-1.0,0.0));
#4391=DIRECTION('',(0.0,0.0,-1.0));
#4392=ORIENTED_EDGE('',*,*,#7269,.T.);
#4393=ORIENTED_EDGE('',*,*,#7576,.F.);
#4394=ORIENTED_EDGE('',*,*,#7584,.F.);
#4395=ORIENTED_EDGE('',*,*,#7349,.F.);
#4396=CARTESIAN_POINT('',(-5.6,4.96,-11.7));
#4397=DIRECTION('',(-0.0,1.0,0.0));
#4398=DIRECTION('',(1.0,0.0,0.0));
#4399=ORIENTED_EDGE('',*,*,#7587,.F.);
#4400=ORIENTED_EDGE('',*,*,#7592,.T.);
#4401=ORIENTED_EDGE('',*,*,#7275,.T.);
#4402=ORIENTED_EDGE('',*,*,#7311,.T.);
#4403=CARTESIAN_POINT('',(6.13,4.96,-11.7));
#4404=DIRECTION('',(-0.0,1.0,0.0));
#4405=DIRECTION('',(1.0,0.0,0.0));
#4406=ORIENTED_EDGE('',*,*,#7593,.T.);
#4407=ORIENTED_EDGE('',*,*,#7276,.T.);
#4408=ORIENTED_EDGE('',*,*,#7592,.F.);
#4409=ORIENTED_EDGE('',*,*,#7586,.F.);
#4410=CARTESIAN_POINT('',(6.13,3.47,-11.7));
#4411=DIRECTION('',(1.0,0.0,0.0));
#4412=DIRECTION('',(0.0,1.0,0.0));
#4413=ORIENTED_EDGE('',*,*,#7277,.T.);
#4414=ORIENTED_EDGE('',*,*,#7593,.F.);
#4415=ORIENTED_EDGE('',*,*,#7585,.F.);
#4416=ORIENTED_EDGE('',*,*,#7309,.F.);
#4417=CARTESIAN_POINT('',(5.6,3.47,-11.7));
#4418=DIRECTION('',(0.0,-1.0,0.0));
#4419=DIRECTION('',(0.0,0.0,-1.0));
#4420=ORIENTED_EDGE('',*,*,#7594,.T.);
#4421=ORIENTED_EDGE('',*,*,#7271,.F.);
#4422=ORIENTED_EDGE('',*,*,#7348,.F.);
#4423=ORIENTED_EDGE('',*,*,#7169,.T.);
#4424=CARTESIAN_POINT('',(-5.35,5.06,-0.4));
#4425=DIRECTION('',(-0.0,0.0,1.0));
#4426=DIRECTION('',(1.0,0.0,0.0));
#4427=ORIENTED_EDGE('',*,*,#7595,.T.);
#4428=ORIENTED_EDGE('',*,*,#7272,.F.);
#4429=ORIENTED_EDGE('',*,*,#7594,.F.);
#4430=ORIENTED_EDGE('',*,*,#7168,.T.);
#4431=CARTESIAN_POINT('',(-5.35,5.31,-0.4));
#4432=DIRECTION('',(-0.0,1.0,0.0));
#4433=DIRECTION('',(1.0,0.0,0.0));
#4434=ORIENTED_EDGE('',*,*,#7312,.T.);
#4435=ORIENTED_EDGE('',*,*,#7273,.F.);
#4436=ORIENTED_EDGE('',*,*,#7595,.F.);
#4437=ORIENTED_EDGE('',*,*,#7167,.T.);
#4438=CARTESIAN_POINT('',(5.35,5.06,-0.4));
#4439=DIRECTION('',(-0.0,0.0,1.0));
#4440=DIRECTION('',(1.0,0.0,0.0));
#4441=ORIENTED_EDGE('',*,*,#7596,.F.);
#4442=ORIENTED_EDGE('',*,*,#7597,.F.);
#4443=ORIENTED_EDGE('',*,*,#7171,.F.);
#4444=ORIENTED_EDGE('',*,*,#7347,.T.);
#4445=ORIENTED_EDGE('',*,*,#7598,.F.);
#4446=ORIENTED_EDGE('',*,*,#7599,.T.);
#4447=CARTESIAN_POINT('',(-4.225,1.45,-0.4));
#4448=DIRECTION('',(-0.0,1.0,0.0));
#4449=DIRECTION('',(1.0,0.0,0.0));
#4450=ORIENTED_EDGE('',*,*,#7600,.T.);
#4451=ORIENTED_EDGE('',*,*,#7601,.F.);
#4452=ORIENTED_EDGE('',*,*,#7599,.F.);
#4453=ORIENTED_EDGE('',*,*,#7602,.T.);
#4454=CARTESIAN_POINT('',(-4.845,1.45,-0.4));
#4455=DIRECTION('',(-1.0,0.0,0.0));
#4456=DIRECTION('',(0.0,0.0,1.0));
#4457=ORIENTED_EDGE('',*,*,#7603,.T.);
#4458=ORIENTED_EDGE('',*,*,#7602,.F.);
#4459=ORIENTED_EDGE('',*,*,#7598,.T.);
#4460=ORIENTED_EDGE('',*,*,#7346,.F.);
#4461=CARTESIAN_POINT('',(0.0,0.0,-5.9));
#4462=DIRECTION('',(0.0,0.0,1.0));
#4463=DIRECTION('',(1.0,0.0,0.0));
#4464=ORIENTED_EDGE('',*,*,#7604,.T.);
#4465=ORIENTED_EDGE('',*,*,#7605,.F.);
#4466=ORIENTED_EDGE('',*,*,#7606,.T.);
#4467=ORIENTED_EDGE('',*,*,#7314,.T.);
#4468=CARTESIAN_POINT('',(0.0,0.0,-5.9));
#4469=DIRECTION('',(0.0,0.0,1.0));
#4470=DIRECTION('',(1.0,0.0,0.0));
#4471=ORIENTED_EDGE('',*,*,#7607,.T.);
#4472=ORIENTED_EDGE('',*,*,#7608,.F.);
#4473=ORIENTED_EDGE('',*,*,#7600,.F.);
#4474=ORIENTED_EDGE('',*,*,#7603,.F.);
#4475=ORIENTED_EDGE('',*,*,#7345,.F.);
#4476=ORIENTED_EDGE('',*,*,#7175,.F.);
#4477=CARTESIAN_POINT('',(-4.845,-3.05,-0.4));
#4478=DIRECTION('',(0.0,-1.0,0.0));
#4479=DIRECTION('',(0.0,0.0,-1.0));
#4480=ORIENTED_EDGE('',*,*,#7609,.T.);
#4481=ORIENTED_EDGE('',*,*,#7610,.T.);
#4482=ORIENTED_EDGE('',*,*,#7611,.T.);
#4483=ORIENTED_EDGE('',*,*,#7612,.T.);
#4484=ORIENTED_EDGE('',*,*,#7613,.T.);
#4485=ORIENTED_EDGE('',*,*,#7614,.T.);
#4486=ORIENTED_EDGE('',*,*,#7615,.T.);
#4487=ORIENTED_EDGE('',*,*,#7596,.T.);
#4488=ORIENTED_EDGE('',*,*,#7601,.T.);
#4489=ORIENTED_EDGE('',*,*,#7608,.T.);
#4490=ORIENTED_EDGE('',*,*,#7616,.T.);
#4491=ORIENTED_EDGE('',*,*,#7617,.T.);
#4492=ORIENTED_EDGE('',*,*,#7618,.T.);
#4493=ORIENTED_EDGE('',*,*,#7619,.T.);
#4494=ORIENTED_EDGE('',*,*,#7620,.T.);
#4495=ORIENTED_EDGE('',*,*,#7621,.T.);
#4496=ORIENTED_EDGE('',*,*,#7622,.T.);
#4497=ORIENTED_EDGE('',*,*,#7623,.T.);
#4498=ORIENTED_EDGE('',*,*,#7624,.T.);
#4499=ORIENTED_EDGE('',*,*,#7625,.T.);
#4500=ORIENTED_EDGE('',*,*,#7626,.T.);
#4501=ORIENTED_EDGE('',*,*,#7627,.F.);
#4502=ORIENTED_EDGE('',*,*,#6933,.T.);
#4503=ORIENTED_EDGE('',*,*,#7628,.T.);
#4504=ORIENTED_EDGE('',*,*,#7629,.F.);
#4505=ORIENTED_EDGE('',*,*,#7630,.T.);
#4506=ORIENTED_EDGE('',*,*,#7631,.F.);
#4507=ORIENTED_EDGE('',*,*,#7632,.T.);
#4508=ORIENTED_EDGE('',*,*,#7633,.F.);
#4509=ORIENTED_EDGE('',*,*,#7634,.T.);
#4510=ORIENTED_EDGE('',*,*,#6939,.T.);
#4511=ORIENTED_EDGE('',*,*,#7635,.F.);
#4512=ORIENTED_EDGE('',*,*,#7636,.T.);
#4513=ORIENTED_EDGE('',*,*,#7637,.F.);
#4514=CARTESIAN_POINT('',(0.0,0.0,-8.87));
#4515=DIRECTION('',(0.0,0.0,1.0));
#4516=DIRECTION('',(1.0,0.0,0.0));
#4517=ORIENTED_EDGE('',*,*,#7638,.F.);
#4518=ORIENTED_EDGE('',*,*,#7639,.T.);
#4519=ORIENTED_EDGE('',*,*,#7637,.T.);
#4520=ORIENTED_EDGE('',*,*,#7640,.F.);
#4521=ORIENTED_EDGE('',*,*,#7641,.T.);
#4522=ORIENTED_EDGE('',*,*,#7642,.F.);
#4523=ORIENTED_EDGE('',*,*,#7643,.F.);
#4524=ORIENTED_EDGE('',*,*,#7644,.T.);
#4525=ORIENTED_EDGE('',*,*,#7645,.T.);
#4526=ORIENTED_EDGE('',*,*,#7646,.F.);
#4527=ORIENTED_EDGE('',*,*,#7647,.F.);
#4528=ORIENTED_EDGE('',*,*,#7648,.T.);
#4529=CARTESIAN_POINT('',(-2.8,-1.59,-8.87));
#4530=DIRECTION('',(0.0,-1.0,0.0));
#4531=DIRECTION('',(0.0,0.0,-1.0));
#4532=ORIENTED_EDGE('',*,*,#7649,.F.);
#4533=ORIENTED_EDGE('',*,*,#7650,.F.);
#4534=ORIENTED_EDGE('',*,*,#7640,.T.);
#4535=ORIENTED_EDGE('',*,*,#7636,.F.);
#4536=ORIENTED_EDGE('',*,*,#7651,.F.);
#4537=CARTESIAN_POINT('',(2.5,-1.29,7.834279841826));
#4538=DIRECTION('',(-0.0,0.0,1.0));
#4539=DIRECTION('',(1.0,0.0,0.0));
#4540=ORIENTED_EDGE('',*,*,#7652,.F.);
#4541=ORIENTED_EDGE('',*,*,#7653,.T.);
#4542=ORIENTED_EDGE('',*,*,#7633,.T.);
#4543=ORIENTED_EDGE('',*,*,#7654,.F.);
#4544=CARTESIAN_POINT('',(2.8,-1.59,-8.87));
#4545=DIRECTION('',(1.0,0.0,0.0));
#4546=DIRECTION('',(0.0,1.0,0.0));
#4547=ORIENTED_EDGE('',*,*,#7635,.T.);
#4548=ORIENTED_EDGE('',*,*,#6938,.F.);
#4549=ORIENTED_EDGE('',*,*,#7655,.F.);
#4550=ORIENTED_EDGE('',*,*,#7651,.T.);
#4551=CARTESIAN_POINT('',(2.8,-1.59,-8.87));
#4552=DIRECTION('',(1.0,0.0,0.0));
#4553=DIRECTION('',(0.0,1.0,0.0));
#4554=ORIENTED_EDGE('',*,*,#7656,.F.);
#4555=ORIENTED_EDGE('',*,*,#7657,.F.);
#4556=ORIENTED_EDGE('',*,*,#7654,.T.);
#4557=ORIENTED_EDGE('',*,*,#7632,.F.);
#4558=ORIENTED_EDGE('',*,*,#7658,.F.);
#4559=CARTESIAN_POINT('',(2.5,1.29,7.834280331085));
#4560=DIRECTION('',(-0.0,0.0,1.0));
#4561=DIRECTION('',(0.0,1.0,0.0));
#4562=ORIENTED_EDGE('',*,*,#7631,.T.);
#4563=ORIENTED_EDGE('',*,*,#7659,.F.);
#4564=ORIENTED_EDGE('',*,*,#7660,.F.);
#4565=ORIENTED_EDGE('',*,*,#7658,.T.);
#4566=ORIENTED_EDGE('',*,*,#7661,.T.);
#4567=ORIENTED_EDGE('',*,*,#7662,.T.);
#4568=ORIENTED_EDGE('',*,*,#7663,.F.);
#4569=ORIENTED_EDGE('',*,*,#7664,.F.);
#4570=ORIENTED_EDGE('',*,*,#7665,.T.);
#4571=ORIENTED_EDGE('',*,*,#7666,.T.);
#4572=ORIENTED_EDGE('',*,*,#7667,.F.);
#4573=ORIENTED_EDGE('',*,*,#7668,.F.);
#4574=CARTESIAN_POINT('',(2.8,1.59,-8.87));
#4575=DIRECTION('',(-0.0,1.0,0.0));
#4576=DIRECTION('',(1.0,0.0,0.0));
#4577=ORIENTED_EDGE('',*,*,#7660,.T.);
#4578=ORIENTED_EDGE('',*,*,#7669,.T.);
#4579=ORIENTED_EDGE('',*,*,#7670,.F.);
#4580=ORIENTED_EDGE('',*,*,#7671,.F.);
#4581=ORIENTED_EDGE('',*,*,#7672,.T.);
#4582=ORIENTED_EDGE('',*,*,#7656,.T.);
#4583=CARTESIAN_POINT('',(2.8,1.21,-0.5));
#4584=DIRECTION('',(0.0,-0.866025403784429,-0.500000000000017));
#4585=DIRECTION('',(0.0,0.500000000000017,-0.866025403784429));
#4586=ORIENTED_EDGE('',*,*,#7672,.F.);
#4587=ORIENTED_EDGE('',*,*,#7673,.F.);
#4588=ORIENTED_EDGE('',*,*,#7674,.T.);
#4589=ORIENTED_EDGE('',*,*,#7649,.T.);
#4590=ORIENTED_EDGE('',*,*,#7655,.T.);
#4591=ORIENTED_EDGE('',*,*,#6937,.T.);
#4592=ORIENTED_EDGE('',*,*,#7675,.T.);
#4593=ORIENTED_EDGE('',*,*,#7652,.T.);
#4594=ORIENTED_EDGE('',*,*,#7657,.T.);
#4595=CARTESIAN_POINT('',(2.915,1.59,-1.565211246655));
#4596=DIRECTION('',(-0.866025403784429,0.0,-0.500000000000017));
#4597=DIRECTION('',(-0.500000000000017,0.0,0.866025403784429));
#4598=ORIENTED_EDGE('',*,*,#6936,.T.);
#4599=ORIENTED_EDGE('',*,*,#7634,.F.);
#4600=ORIENTED_EDGE('',*,*,#7653,.F.);
#4601=ORIENTED_EDGE('',*,*,#7675,.F.);
#4602=CARTESIAN_POINT('',(2.8,0.0,-8.87));
#4603=DIRECTION('',(-0.0,0.0,1.0));
#4604=DIRECTION('',(1.0,0.0,0.0));
#4605=ORIENTED_EDGE('',*,*,#7674,.F.);
#4606=ORIENTED_EDGE('',*,*,#7676,.F.);
#4607=ORIENTED_EDGE('',*,*,#7677,.T.);
#4608=ORIENTED_EDGE('',*,*,#7678,.T.);
#4609=ORIENTED_EDGE('',*,*,#7638,.T.);
#4610=ORIENTED_EDGE('',*,*,#7650,.T.);
#4611=CARTESIAN_POINT('',(-2.8,-1.21,-0.5));
#4612=DIRECTION('',(0.0,0.866025403784429,-0.500000000000017));
#4613=DIRECTION('',(-1.0,0.0,0.0));
#4614=ORIENTED_EDGE('',*,*,#7678,.F.);
#4615=ORIENTED_EDGE('',*,*,#7679,.F.);
#4616=ORIENTED_EDGE('',*,*,#7680,.T.);
#4617=ORIENTED_EDGE('',*,*,#7626,.F.);
#4618=ORIENTED_EDGE('',*,*,#7639,.F.);
#4619=CARTESIAN_POINT('',(-2.5,-1.29,7.834280331085));
#4620=DIRECTION('',(-0.0,0.0,1.0));
#4621=DIRECTION('',(0.0,-1.0,0.0));
#4622=ORIENTED_EDGE('',*,*,#7629,.T.);
#4623=ORIENTED_EDGE('',*,*,#7681,.F.);
#4624=ORIENTED_EDGE('',*,*,#7682,.F.);
#4625=ORIENTED_EDGE('',*,*,#7683,.T.);
#4626=CARTESIAN_POINT('',(-2.8,1.59,-8.87));
#4627=DIRECTION('',(-1.0,0.0,0.0));
#4628=DIRECTION('',(0.0,0.0,1.0));
#4629=ORIENTED_EDGE('',*,*,#7684,.F.);
#4630=ORIENTED_EDGE('',*,*,#6934,.T.);
#4631=ORIENTED_EDGE('',*,*,#7627,.T.);
#4632=ORIENTED_EDGE('',*,*,#7680,.F.);
#4633=CARTESIAN_POINT('',(-2.8,1.59,-8.87));
#4634=DIRECTION('',(-1.0,0.0,0.0));
#4635=DIRECTION('',(0.0,0.0,1.0));
#4636=ORIENTED_EDGE('',*,*,#7685,.F.);
#4637=ORIENTED_EDGE('',*,*,#7669,.F.);
#4638=ORIENTED_EDGE('',*,*,#7659,.T.);
#4639=ORIENTED_EDGE('',*,*,#7630,.F.);
#4640=ORIENTED_EDGE('',*,*,#7683,.F.);
#4641=CARTESIAN_POINT('',(-2.5,1.29,7.834279841826));
#4642=DIRECTION('',(0.0,0.0,1.0));
#4643=DIRECTION('',(-1.0,0.0,0.0));
#4644=ORIENTED_EDGE('',*,*,#7682,.T.);
#4645=ORIENTED_EDGE('',*,*,#7686,.T.);
#4646=ORIENTED_EDGE('',*,*,#6935,.T.);
#4647=ORIENTED_EDGE('',*,*,#7684,.T.);
#4648=ORIENTED_EDGE('',*,*,#7679,.T.);
#4649=ORIENTED_EDGE('',*,*,#7677,.F.);
#4650=ORIENTED_EDGE('',*,*,#7687,.T.);
#4651=ORIENTED_EDGE('',*,*,#7670,.T.);
#4652=ORIENTED_EDGE('',*,*,#7685,.T.);
#4653=CARTESIAN_POINT('',(-2.3,1.59,-0.5));
#4654=DIRECTION('',(0.866025403784429,0.0,-0.500000000000017));
#4655=DIRECTION('',(0.0,-1.0,0.0));
#4656=ORIENTED_EDGE('',*,*,#7671,.T.);
#4657=ORIENTED_EDGE('',*,*,#7687,.F.);
#4658=ORIENTED_EDGE('',*,*,#7676,.T.);
#4659=ORIENTED_EDGE('',*,*,#7673,.T.);
#4660=ORIENTED_EDGE('',*,*,#7688,.F.);
#4661=ORIENTED_EDGE('',*,*,#7689,.F.);
#4662=ORIENTED_EDGE('',*,*,#7690,.F.);
#4663=ORIENTED_EDGE('',*,*,#7691,.F.);
#4664=ORIENTED_EDGE('',*,*,#7692,.F.);
#4665=ORIENTED_EDGE('',*,*,#7693,.F.);
#4666=ORIENTED_EDGE('',*,*,#7694,.F.);
#4667=ORIENTED_EDGE('',*,*,#7695,.F.);
#4668=ORIENTED_EDGE('',*,*,#7696,.F.);
#4669=ORIENTED_EDGE('',*,*,#7697,.F.);
#4670=ORIENTED_EDGE('',*,*,#7698,.F.);
#4671=ORIENTED_EDGE('',*,*,#7699,.F.);
#4672=ORIENTED_EDGE('',*,*,#7700,.F.);
#4673=ORIENTED_EDGE('',*,*,#7701,.F.);
#4674=ORIENTED_EDGE('',*,*,#7702,.F.);
#4675=ORIENTED_EDGE('',*,*,#7703,.F.);
#4676=ORIENTED_EDGE('',*,*,#7704,.F.);
#4677=ORIENTED_EDGE('',*,*,#7705,.F.);
#4678=ORIENTED_EDGE('',*,*,#7706,.F.);
#4679=ORIENTED_EDGE('',*,*,#7707,.F.);
#4680=ORIENTED_EDGE('',*,*,#7708,.F.);
#4681=ORIENTED_EDGE('',*,*,#7709,.F.);
#4682=ORIENTED_EDGE('',*,*,#7710,.F.);
#4683=ORIENTED_EDGE('',*,*,#7711,.F.);
#4684=ORIENTED_EDGE('',*,*,#7712,.F.);
#4685=ORIENTED_EDGE('',*,*,#7713,.F.);
#4686=ORIENTED_EDGE('',*,*,#7714,.F.);
#4687=ORIENTED_EDGE('',*,*,#7715,.F.);
#4688=ORIENTED_EDGE('',*,*,#7716,.F.);
#4689=ORIENTED_EDGE('',*,*,#7717,.F.);
#4690=ORIENTED_EDGE('',*,*,#7718,.F.);
#4691=ORIENTED_EDGE('',*,*,#7719,.F.);
#4692=ORIENTED_EDGE('',*,*,#7720,.F.);
#4693=ORIENTED_EDGE('',*,*,#7721,.F.);
#4694=ORIENTED_EDGE('',*,*,#7722,.F.);
#4695=ORIENTED_EDGE('',*,*,#7723,.F.);
#4696=ORIENTED_EDGE('',*,*,#7724,.F.);
#4697=ORIENTED_EDGE('',*,*,#7725,.F.);
#4698=ORIENTED_EDGE('',*,*,#7726,.F.);
#4699=ORIENTED_EDGE('',*,*,#7727,.F.);
#4700=ORIENTED_EDGE('',*,*,#7728,.F.);
#4701=ORIENTED_EDGE('',*,*,#7729,.F.);
#4702=ORIENTED_EDGE('',*,*,#7730,.F.);
#4703=ORIENTED_EDGE('',*,*,#7731,.F.);
#4704=ORIENTED_EDGE('',*,*,#7732,.F.);
#4705=ORIENTED_EDGE('',*,*,#7733,.F.);
#4706=ORIENTED_EDGE('',*,*,#7734,.F.);
#4707=ORIENTED_EDGE('',*,*,#7735,.F.);
#4708=ORIENTED_EDGE('',*,*,#7736,.F.);
#4709=ORIENTED_EDGE('',*,*,#7737,.F.);
#4710=ORIENTED_EDGE('',*,*,#7738,.F.);
#4711=ORIENTED_EDGE('',*,*,#7739,.F.);
#4712=ORIENTED_EDGE('',*,*,#7740,.F.);
#4713=ORIENTED_EDGE('',*,*,#7741,.F.);
#4714=ORIENTED_EDGE('',*,*,#7742,.F.);
#4715=ORIENTED_EDGE('',*,*,#7743,.F.);
#4716=ORIENTED_EDGE('',*,*,#7744,.F.);
#4717=ORIENTED_EDGE('',*,*,#7745,.F.);
#4718=ORIENTED_EDGE('',*,*,#7746,.F.);
#4719=ORIENTED_EDGE('',*,*,#7747,.F.);
#4720=ORIENTED_EDGE('',*,*,#7748,.F.);
#4721=ORIENTED_EDGE('',*,*,#7749,.F.);
#4722=ORIENTED_EDGE('',*,*,#7750,.F.);
#4723=ORIENTED_EDGE('',*,*,#7751,.F.);
#4724=ORIENTED_EDGE('',*,*,#7752,.F.);
#4725=ORIENTED_EDGE('',*,*,#7753,.F.);
#4726=ORIENTED_EDGE('',*,*,#7754,.F.);
#4727=ORIENTED_EDGE('',*,*,#7755,.F.);
#4728=ORIENTED_EDGE('',*,*,#7756,.F.);
#4729=ORIENTED_EDGE('',*,*,#7757,.F.);
#4730=ORIENTED_EDGE('',*,*,#7758,.F.);
#4731=ORIENTED_EDGE('',*,*,#7759,.F.);
#4732=ORIENTED_EDGE('',*,*,#7760,.F.);
#4733=ORIENTED_EDGE('',*,*,#7761,.F.);
#4734=ORIENTED_EDGE('',*,*,#7762,.F.);
#4735=ORIENTED_EDGE('',*,*,#7763,.F.);
#4736=ORIENTED_EDGE('',*,*,#7764,.F.);
#4737=ORIENTED_EDGE('',*,*,#7765,.F.);
#4738=ORIENTED_EDGE('',*,*,#7766,.F.);
#4739=ORIENTED_EDGE('',*,*,#7767,.F.);
#4740=ORIENTED_EDGE('',*,*,#7768,.F.);
#4741=ORIENTED_EDGE('',*,*,#7769,.F.);
#4742=ORIENTED_EDGE('',*,*,#7770,.F.);
#4743=ORIENTED_EDGE('',*,*,#7771,.F.);
#4744=ORIENTED_EDGE('',*,*,#7772,.F.);
#4745=ORIENTED_EDGE('',*,*,#7773,.F.);
#4746=ORIENTED_EDGE('',*,*,#7774,.F.);
#4747=ORIENTED_EDGE('',*,*,#7775,.F.);
#4748=ORIENTED_EDGE('',*,*,#7776,.F.);
#4749=ORIENTED_EDGE('',*,*,#7777,.F.);
#4750=ORIENTED_EDGE('',*,*,#7778,.F.);
#4751=ORIENTED_EDGE('',*,*,#7779,.F.);
#4752=ORIENTED_EDGE('',*,*,#7780,.F.);
#4753=ORIENTED_EDGE('',*,*,#7781,.F.);
#4754=ORIENTED_EDGE('',*,*,#7782,.F.);
#4755=ORIENTED_EDGE('',*,*,#7783,.F.);
#4756=ORIENTED_EDGE('',*,*,#7784,.F.);
#4757=ORIENTED_EDGE('',*,*,#7785,.F.);
#4758=ORIENTED_EDGE('',*,*,#7786,.F.);
#4759=ORIENTED_EDGE('',*,*,#7787,.F.);
#4760=ORIENTED_EDGE('',*,*,#7788,.F.);
#4761=ORIENTED_EDGE('',*,*,#7789,.F.);
#4762=ORIENTED_EDGE('',*,*,#7790,.F.);
#4763=CARTESIAN_POINT('',(0.0,0.0,-0.5));
#4764=DIRECTION('',(0.0,0.0,1.0));
#4765=DIRECTION('',(1.0,0.0,0.0));
#4766=ORIENTED_EDGE('',*,*,#7791,.F.);
#4767=ORIENTED_EDGE('',*,*,#7792,.F.);
#4768=ORIENTED_EDGE('',*,*,#7793,.F.);
#4769=CARTESIAN_POINT('',(0.0,0.0,-0.5));
#4770=DIRECTION('',(0.0,0.0,1.0));
#4771=DIRECTION('',(1.0,0.0,0.0));
#4772=ORIENTED_EDGE('',*,*,#7794,.T.);
#4773=ORIENTED_EDGE('',*,*,#7795,.F.);
#4774=ORIENTED_EDGE('',*,*,#7796,.F.);
#4775=ORIENTED_EDGE('',*,*,#7694,.T.);
#4776=CARTESIAN_POINT('',(1.3429,0.25,-0.5));
#4777=DIRECTION('',(1.0,0.0,0.0));
#4778=DIRECTION('',(0.0,1.0,0.0));
#4779=ORIENTED_EDGE('',*,*,#7796,.T.);
#4780=ORIENTED_EDGE('',*,*,#7797,.F.);
#4781=ORIENTED_EDGE('',*,*,#7798,.F.);
#4782=ORIENTED_EDGE('',*,*,#7688,.T.);
#4783=CARTESIAN_POINT('',(1.2629,0.25,-0.5));
#4784=DIRECTION('',(0.0,-1.0,0.0));
#4785=DIRECTION('',(0.0,0.0,-1.0));
#4786=ORIENTED_EDGE('',*,*,#7798,.T.);
#4787=ORIENTED_EDGE('',*,*,#7799,.F.);
#4788=ORIENTED_EDGE('',*,*,#7800,.F.);
#4789=ORIENTED_EDGE('',*,*,#7689,.T.);
#4790=CARTESIAN_POINT('',(1.2629,0.7810638427734,-0.5));
#4791=DIRECTION('',(-1.0,0.0,0.0));
#4792=DIRECTION('',(0.0,0.0,1.0));
#4793=ORIENTED_EDGE('',*,*,#7800,.T.);
#4794=ORIENTED_EDGE('',*,*,#7801,.F.);
#4795=ORIENTED_EDGE('',*,*,#7802,.F.);
#4796=ORIENTED_EDGE('',*,*,#7690,.T.);
#4797=CARTESIAN_POINT('',(1.1829,0.6857446670532,-0.5));
#4798=DIRECTION('',(0.765974342782488,-0.64287114276419,0.0));
#4799=DIRECTION('',(0.0,0.0,-1.0));
#4800=ORIENTED_EDGE('',*,*,#7802,.T.);
#4801=ORIENTED_EDGE('',*,*,#7803,.F.);
#4802=ORIENTED_EDGE('',*,*,#7804,.F.);
#4803=ORIENTED_EDGE('',*,*,#7691,.T.);
#4804=CARTESIAN_POINT('',(1.1829,0.7946808624268,-0.5));
#4805=DIRECTION('',(-1.0,0.0,0.0));
#4806=DIRECTION('',(0.0,0.0,1.0));
#4807=ORIENTED_EDGE('',*,*,#7804,.T.);
#4808=ORIENTED_EDGE('',*,*,#7805,.F.);
#4809=ORIENTED_EDGE('',*,*,#7806,.F.);
#4810=ORIENTED_EDGE('',*,*,#7692,.T.);
#4811=CARTESIAN_POINT('',(1.2629,0.89,-0.5));
#4812=DIRECTION('',(-0.765974216092578,0.642871293713882,0.0));
#4813=DIRECTION('',(0.0,0.0,1.0));
#4814=ORIENTED_EDGE('',*,*,#7806,.T.);
#4815=ORIENTED_EDGE('',*,*,#7807,.F.);
#4816=ORIENTED_EDGE('',*,*,#7794,.F.);
#4817=ORIENTED_EDGE('',*,*,#7693,.T.);
#4818=CARTESIAN_POINT('',(1.3429,0.89,-0.5));
#4819=DIRECTION('',(-0.0,1.0,0.0));
#4820=DIRECTION('',(1.0,0.0,0.0));
#4821=ORIENTED_EDGE('',*,*,#7807,.T.);
#4822=ORIENTED_EDGE('',*,*,#7805,.T.);
#4823=ORIENTED_EDGE('',*,*,#7803,.T.);
#4824=ORIENTED_EDGE('',*,*,#7801,.T.);
#4825=ORIENTED_EDGE('',*,*,#7799,.T.);
#4826=ORIENTED_EDGE('',*,*,#7797,.T.);
#4827=ORIENTED_EDGE('',*,*,#7795,.T.);
#4828=CARTESIAN_POINT('',(0.0,0.0,-0.665));
#4829=DIRECTION('',(0.0,0.0,1.0));
#4830=DIRECTION('',(1.0,0.0,0.0));
#4831=ORIENTED_EDGE('',*,*,#7808,.T.);
#4832=ORIENTED_EDGE('',*,*,#7809,.T.);
#4833=ORIENTED_EDGE('',*,*,#7810,.T.);
#4834=ORIENTED_EDGE('',*,*,#7811,.T.);
#4835=ORIENTED_EDGE('',*,*,#7812,.T.);
#4836=ORIENTED_EDGE('',*,*,#7813,.T.);
#4837=ORIENTED_EDGE('',*,*,#7814,.T.);
#4838=ORIENTED_EDGE('',*,*,#7815,.T.);
#4839=ORIENTED_EDGE('',*,*,#7816,.T.);
#4840=ORIENTED_EDGE('',*,*,#7817,.T.);
#4841=ORIENTED_EDGE('',*,*,#7818,.T.);
#4842=ORIENTED_EDGE('',*,*,#7819,.T.);
#4843=ORIENTED_EDGE('',*,*,#7820,.T.);
#4844=ORIENTED_EDGE('',*,*,#7821,.T.);
#4845=CARTESIAN_POINT('',(0.0,0.0,-0.665));
#4846=DIRECTION('',(0.0,0.0,1.0));
#4847=DIRECTION('',(1.0,0.0,0.0));
#4848=ORIENTED_EDGE('',*,*,#7822,.T.);
#4849=ORIENTED_EDGE('',*,*,#7823,.T.);
#4850=ORIENTED_EDGE('',*,*,#7824,.T.);
#4851=ORIENTED_EDGE('',*,*,#7825,.T.);
#4852=ORIENTED_EDGE('',*,*,#7826,.T.);
#4853=ORIENTED_EDGE('',*,*,#7827,.T.);
#4854=ORIENTED_EDGE('',*,*,#7828,.T.);
#4855=ORIENTED_EDGE('',*,*,#7829,.T.);
#4856=ORIENTED_EDGE('',*,*,#7830,.T.);
#4857=ORIENTED_EDGE('',*,*,#7831,.T.);
#4858=ORIENTED_EDGE('',*,*,#7832,.T.);
#4859=ORIENTED_EDGE('',*,*,#7833,.T.);
#4860=ORIENTED_EDGE('',*,*,#7834,.T.);
#4861=ORIENTED_EDGE('',*,*,#7835,.T.);
#4862=ORIENTED_EDGE('',*,*,#7836,.T.);
#4863=ORIENTED_EDGE('',*,*,#7837,.T.);
#4864=ORIENTED_EDGE('',*,*,#7838,.T.);
#4865=ORIENTED_EDGE('',*,*,#7839,.T.);
#4866=ORIENTED_EDGE('',*,*,#7840,.T.);
#4867=ORIENTED_EDGE('',*,*,#7841,.T.);
#4868=ORIENTED_EDGE('',*,*,#7842,.T.);
#4869=ORIENTED_EDGE('',*,*,#7843,.T.);
#4870=ORIENTED_EDGE('',*,*,#7844,.T.);
#4871=ORIENTED_EDGE('',*,*,#7845,.T.);
#4872=ORIENTED_EDGE('',*,*,#7846,.T.);
#4873=ORIENTED_EDGE('',*,*,#7847,.T.);
#4874=ORIENTED_EDGE('',*,*,#7848,.T.);
#4875=ORIENTED_EDGE('',*,*,#7849,.T.);
#4876=CARTESIAN_POINT('',(0.0,0.0,-0.665));
#4877=DIRECTION('',(0.0,0.0,1.0));
#4878=DIRECTION('',(1.0,0.0,0.0));
#4879=ORIENTED_EDGE('',*,*,#7850,.T.);
#4880=ORIENTED_EDGE('',*,*,#7851,.T.);
#4881=ORIENTED_EDGE('',*,*,#7852,.T.);
#4882=ORIENTED_EDGE('',*,*,#7853,.T.);
#4883=ORIENTED_EDGE('',*,*,#7854,.T.);
#4884=ORIENTED_EDGE('',*,*,#7855,.T.);
#4885=ORIENTED_EDGE('',*,*,#7856,.T.);
#4886=ORIENTED_EDGE('',*,*,#7857,.T.);
#4887=ORIENTED_EDGE('',*,*,#7858,.T.);
#4888=ORIENTED_EDGE('',*,*,#7859,.T.);
#4889=ORIENTED_EDGE('',*,*,#7860,.T.);
#4890=ORIENTED_EDGE('',*,*,#7861,.T.);
#4891=ORIENTED_EDGE('',*,*,#7862,.T.);
#4892=ORIENTED_EDGE('',*,*,#7863,.T.);
#4893=ORIENTED_EDGE('',*,*,#7864,.T.);
#4894=ORIENTED_EDGE('',*,*,#7865,.T.);
#4895=ORIENTED_EDGE('',*,*,#7866,.T.);
#4896=ORIENTED_EDGE('',*,*,#7867,.T.);
#4897=ORIENTED_EDGE('',*,*,#7868,.T.);
#4898=ORIENTED_EDGE('',*,*,#7869,.T.);
#4899=ORIENTED_EDGE('',*,*,#7870,.T.);
#4900=ORIENTED_EDGE('',*,*,#7871,.T.);
#4901=ORIENTED_EDGE('',*,*,#7872,.T.);
#4902=ORIENTED_EDGE('',*,*,#7873,.T.);
#4903=ORIENTED_EDGE('',*,*,#7874,.T.);
#4904=ORIENTED_EDGE('',*,*,#7875,.T.);
#4905=ORIENTED_EDGE('',*,*,#7876,.T.);
#4906=ORIENTED_EDGE('',*,*,#7877,.T.);
#4907=ORIENTED_EDGE('',*,*,#7878,.T.);
#4908=ORIENTED_EDGE('',*,*,#7879,.T.);
#4909=ORIENTED_EDGE('',*,*,#7880,.T.);
#4910=ORIENTED_EDGE('',*,*,#7881,.T.);
#4911=ORIENTED_EDGE('',*,*,#7882,.T.);
#4912=ORIENTED_EDGE('',*,*,#7883,.T.);
#4913=ORIENTED_EDGE('',*,*,#7884,.T.);
#4914=ORIENTED_EDGE('',*,*,#7885,.T.);
#4915=ORIENTED_EDGE('',*,*,#7886,.T.);
#4916=ORIENTED_EDGE('',*,*,#7887,.T.);
#4917=ORIENTED_EDGE('',*,*,#7888,.T.);
#4918=ORIENTED_EDGE('',*,*,#7889,.T.);
#4919=ORIENTED_EDGE('',*,*,#7890,.T.);
#4920=ORIENTED_EDGE('',*,*,#7891,.T.);
#4921=ORIENTED_EDGE('',*,*,#7892,.T.);
#4922=ORIENTED_EDGE('',*,*,#7893,.T.);
#4923=ORIENTED_EDGE('',*,*,#7894,.T.);
#4924=ORIENTED_EDGE('',*,*,#7895,.T.);
#4925=ORIENTED_EDGE('',*,*,#7896,.T.);
#4926=ORIENTED_EDGE('',*,*,#7897,.T.);
#4927=ORIENTED_EDGE('',*,*,#7898,.T.);
#4928=ORIENTED_EDGE('',*,*,#7899,.T.);
#4929=ORIENTED_EDGE('',*,*,#7900,.T.);
#4930=ORIENTED_EDGE('',*,*,#7901,.T.);
#4931=ORIENTED_EDGE('',*,*,#7902,.T.);
#4932=ORIENTED_EDGE('',*,*,#7903,.T.);
#4933=ORIENTED_EDGE('',*,*,#7904,.T.);
#4934=ORIENTED_EDGE('',*,*,#7905,.T.);
#4935=ORIENTED_EDGE('',*,*,#7906,.T.);
#4936=CARTESIAN_POINT('',(0.0,0.0,-0.665));
#4937=DIRECTION('',(0.0,0.0,1.0));
#4938=DIRECTION('',(1.0,0.0,0.0));
#4939=ORIENTED_EDGE('',*,*,#7907,.T.);
#4940=ORIENTED_EDGE('',*,*,#7818,.F.);
#4941=ORIENTED_EDGE('',*,*,#7908,.F.);
#4942=ORIENTED_EDGE('',*,*,#7705,.T.);
#4943=CARTESIAN_POINT('',(1.3223,-0.275,-0.5));
#4944=DIRECTION('',(-0.754304714407012,0.656524483795811,0.0));
#4945=DIRECTION('',(0.0,0.0,1.0));
#4946=ORIENTED_EDGE('',*,*,#7908,.T.);
#4947=ORIENTED_EDGE('',*,*,#7817,.F.);
#4948=ORIENTED_EDGE('',*,*,#7909,.F.);
#4949=ORIENTED_EDGE('',*,*,#7695,.T.);
#4950=CARTESIAN_POINT('',(1.4023,-0.275,-0.5));
#4951=DIRECTION('',(-0.0,1.0,0.0));
#4952=DIRECTION('',(1.0,0.0,0.0));
#4953=ORIENTED_EDGE('',*,*,#7909,.T.);
#4954=ORIENTED_EDGE('',*,*,#7816,.F.);
#4955=ORIENTED_EDGE('',*,*,#7910,.F.);
#4956=ORIENTED_EDGE('',*,*,#7696,.T.);
#4957=CARTESIAN_POINT('',(1.4023,-0.6426595687866,-0.5));
#4958=DIRECTION('',(1.0,0.0,0.0));
#4959=DIRECTION('',(0.0,1.0,0.0));
#4960=ORIENTED_EDGE('',*,*,#7910,.T.);
#4961=ORIENTED_EDGE('',*,*,#7815,.F.);
#4962=ORIENTED_EDGE('',*,*,#7911,.F.);
#4963=ORIENTED_EDGE('',*,*,#7697,.T.);
#4964=CARTESIAN_POINT('',(1.535633320618,-0.6426595687866,-0.5));
#4965=DIRECTION('',(-0.0,1.0,0.0));
#4966=DIRECTION('',(1.0,0.0,0.0));
#4967=ORIENTED_EDGE('',*,*,#7911,.T.);
#4968=ORIENTED_EDGE('',*,*,#7814,.F.);
#4969=ORIENTED_EDGE('',*,*,#7912,.F.);
#4970=ORIENTED_EDGE('',*,*,#7698,.T.);
#4971=CARTESIAN_POINT('',(1.535633320618,-0.72436170578,-0.5));
#4972=DIRECTION('',(1.0,0.0,0.0));
#4973=DIRECTION('',(0.0,1.0,0.0));
#4974=ORIENTED_EDGE('',*,*,#7912,.T.);
#4975=ORIENTED_EDGE('',*,*,#7813,.F.);
#4976=ORIENTED_EDGE('',*,*,#7913,.F.);
#4977=ORIENTED_EDGE('',*,*,#7699,.T.);
#4978=CARTESIAN_POINT('',(1.4023,-0.72436170578,-0.5));
#4979=DIRECTION('',(0.0,-1.0,0.0));
#4980=DIRECTION('',(0.0,0.0,-1.0));
#4981=ORIENTED_EDGE('',*,*,#7913,.T.);
#4982=ORIENTED_EDGE('',*,*,#7812,.F.);
#4983=ORIENTED_EDGE('',*,*,#7914,.F.);
#4984=ORIENTED_EDGE('',*,*,#7700,.T.);
#4985=CARTESIAN_POINT('',(1.4023,-0.915,-0.5));
#4986=DIRECTION('',(1.0,0.0,0.0));
#4987=DIRECTION('',(0.0,1.0,0.0));
#4988=ORIENTED_EDGE('',*,*,#7914,.T.);
#4989=ORIENTED_EDGE('',*,*,#7811,.F.);
#4990=ORIENTED_EDGE('',*,*,#7915,.F.);
#4991=ORIENTED_EDGE('',*,*,#7701,.T.);
#4992=CARTESIAN_POINT('',(1.3223,-0.915,-0.5));
#4993=DIRECTION('',(0.0,-1.0,0.0));
#4994=DIRECTION('',(0.0,0.0,-1.0));
#4995=ORIENTED_EDGE('',*,*,#7915,.T.);
#4996=ORIENTED_EDGE('',*,*,#7810,.F.);
#4997=ORIENTED_EDGE('',*,*,#7916,.F.);
#4998=ORIENTED_EDGE('',*,*,#7702,.T.);
#4999=CARTESIAN_POINT('',(1.3223,-0.72436170578,-0.5));
#5000=DIRECTION('',(-1.0,0.0,0.0));
#5001=DIRECTION('',(0.0,0.0,1.0));
#5002=ORIENTED_EDGE('',*,*,#7916,.T.);
#5003=ORIENTED_EDGE('',*,*,#7809,.F.);
#5004=ORIENTED_EDGE('',*,*,#7917,.F.);
#5005=ORIENTED_EDGE('',*,*,#7703,.T.);
#5006=CARTESIAN_POINT('',(1.0023,-0.72436170578,-0.5));
#5007=DIRECTION('',(0.0,-1.0,0.0));
#5008=DIRECTION('',(0.0,0.0,-1.0));
#5009=ORIENTED_EDGE('',*,*,#7917,.T.);
#5010=ORIENTED_EDGE('',*,*,#7808,.F.);
#5011=ORIENTED_EDGE('',*,*,#7907,.F.);
#5012=ORIENTED_EDGE('',*,*,#7704,.T.);
#5013=CARTESIAN_POINT('',(1.0023,-0.6426595687866,-0.5));
#5014=DIRECTION('',(-1.0,0.0,0.0));
#5015=DIRECTION('',(0.0,0.0,1.0));
#5016=ORIENTED_EDGE('',*,*,#7918,.T.);
#5017=ORIENTED_EDGE('',*,*,#7821,.F.);
#5018=ORIENTED_EDGE('',*,*,#7919,.F.);
#5019=ORIENTED_EDGE('',*,*,#7793,.T.);
#5020=CARTESIAN_POINT('',(1.095633330154,-0.6426595687866,-0.5));
#5021=DIRECTION('',(0.752167830987504,-0.658971588179304,0.0));
#5022=DIRECTION('',(0.0,0.0,-1.0));
#5023=ORIENTED_EDGE('',*,*,#7919,.T.);
#5024=ORIENTED_EDGE('',*,*,#7820,.F.);
#5025=ORIENTED_EDGE('',*,*,#7920,.F.);
#5026=ORIENTED_EDGE('',*,*,#7791,.T.);
#5027=CARTESIAN_POINT('',(1.3223,-0.6426595687866,-0.5));
#5028=DIRECTION('',(-0.0,1.0,0.0));
#5029=DIRECTION('',(1.0,0.0,0.0));
#5030=ORIENTED_EDGE('',*,*,#7920,.T.);
#5031=ORIENTED_EDGE('',*,*,#7819,.F.);
#5032=ORIENTED_EDGE('',*,*,#7918,.F.);
#5033=ORIENTED_EDGE('',*,*,#7792,.T.);
#5034=CARTESIAN_POINT('',(1.3223,-0.3839361572266,-0.5));
#5035=DIRECTION('',(-1.0,0.0,0.0));
#5036=DIRECTION('',(0.0,0.0,1.0));
#5037=ORIENTED_EDGE('',*,*,#7921,.T.);
#5038=ORIENTED_EDGE('',*,*,#7849,.F.);
#5039=ORIENTED_EDGE('',*,*,#7922,.F.);
#5040=ORIENTED_EDGE('',*,*,#7733,.T.);
#5041=CARTESIAN_POINT('',(-1.5457,0.3180851078033,-0.5));
#5042=DIRECTION('',(-1.0,0.0,0.0));
#5043=DIRECTION('',(0.0,0.0,1.0));
#5044=ORIENTED_EDGE('',*,*,#7922,.T.);
#5045=ORIENTED_EDGE('',*,*,#7848,.F.);
#5046=ORIENTED_EDGE('',*,*,#7923,.F.);
#5047=ORIENTED_EDGE('',*,*,#7706,.T.);
#5048=CARTESIAN_POINT('',(-1.172366679382,0.6585106277466,-0.5));
#5049=DIRECTION('',(-0.673789927736303,0.738922954902003,0.0));
#5050=DIRECTION('',(0.0,0.0,1.0));
#5051=ORIENTED_EDGE('',*,*,#7923,.T.);
#5052=ORIENTED_EDGE('',*,*,#7847,.F.);
#5053=ORIENTED_EDGE('',*,*,#7924,.F.);
#5054=ORIENTED_EDGE('',*,*,#7707,.T.);
#5055=CARTESIAN_POINT('',(-1.1457,0.7129787063599,-0.5));
#5056=DIRECTION('',(-0.898138014366625,0.439713664956612,0.0));
#5057=DIRECTION('',(0.0,0.0,1.0));
#5058=ORIENTED_EDGE('',*,*,#7924,.T.);
#5059=ORIENTED_EDGE('',*,*,#7846,.F.);
#5060=ORIENTED_EDGE('',*,*,#7925,.F.);
#5061=ORIENTED_EDGE('',*,*,#7708,.T.);
#5062=CARTESIAN_POINT('',(-1.1457,0.7402127838135,-0.5));
#5063=DIRECTION('',(-1.0,0.0,0.0));
#5064=DIRECTION('',(0.0,0.0,1.0));
#5065=ORIENTED_EDGE('',*,*,#7925,.T.);
#5066=ORIENTED_EDGE('',*,*,#7845,.F.);
#5067=ORIENTED_EDGE('',*,*,#7926,.F.);
#5068=ORIENTED_EDGE('',*,*,#7709,.T.);
#5069=CARTESIAN_POINT('',(-1.172366679382,0.7810638427734,-0.5));
#5070=DIRECTION('',(-0.837379001234158,-0.546622729395773,0.0));
#5071=DIRECTION('',(-0.546622729395773,0.837379001234158,0.0));
#5072=ORIENTED_EDGE('',*,*,#7926,.T.);
#5073=ORIENTED_EDGE('',*,*,#7844,.F.);
#5074=ORIENTED_EDGE('',*,*,#7927,.F.);
#5075=ORIENTED_EDGE('',*,*,#7710,.T.);
#5076=CARTESIAN_POINT('',(-1.212366679382,0.8082978820801,-0.5));
#5077=DIRECTION('',(-0.562790931241723,-0.826599278799634,0.0));
#5078=DIRECTION('',(-0.826599278799634,0.562790931241723,0.0));
#5079=ORIENTED_EDGE('',*,*,#7927,.T.);
#5080=ORIENTED_EDGE('',*,*,#7843,.F.);
#5081=ORIENTED_EDGE('',*,*,#7928,.F.);
#5082=ORIENTED_EDGE('',*,*,#7711,.T.);
#5083=CARTESIAN_POINT('',(-1.279033339691,0.8219149017334,-0.5));
#5084=DIRECTION('',(-0.200123373380702,-0.979770705536111,0.0));
#5085=DIRECTION('',(-0.979770705536111,0.200123373380702,0.0));
#5086=ORIENTED_EDGE('',*,*,#7928,.T.);
#5087=ORIENTED_EDGE('',*,*,#7842,.F.);
#5088=ORIENTED_EDGE('',*,*,#7929,.F.);
#5089=ORIENTED_EDGE('',*,*,#7712,.T.);
#5090=CARTESIAN_POINT('',(-1.332366660309,0.8219149017334,-0.5));
#5091=DIRECTION('',(0.0,-1.0,0.0));
#5092=DIRECTION('',(0.0,0.0,-1.0));
#5093=ORIENTED_EDGE('',*,*,#7929,.T.);
#5094=ORIENTED_EDGE('',*,*,#7841,.F.);
#5095=ORIENTED_EDGE('',*,*,#7930,.F.);
#5096=ORIENTED_EDGE('',*,*,#7713,.T.);
#5097=CARTESIAN_POINT('',(-1.399033330154,0.8082978820801,-0.5));
#5098=DIRECTION('',(0.200123345899402,-0.979770711149312,0.0));
#5099=DIRECTION('',(0.0,0.0,-1.0));
#5100=ORIENTED_EDGE('',*,*,#7930,.T.);
#5101=ORIENTED_EDGE('',*,*,#7840,.F.);
#5102=ORIENTED_EDGE('',*,*,#7931,.F.);
#5103=ORIENTED_EDGE('',*,*,#7714,.T.);
#5104=CARTESIAN_POINT('',(-1.439033330154,0.7810638427734,-0.5));
#5105=DIRECTION('',(0.562790931241723,-0.826599278799634,0.0));
#5106=DIRECTION('',(0.0,0.0,-1.0));
#5107=ORIENTED_EDGE('',*,*,#7931,.T.);
#5108=ORIENTED_EDGE('',*,*,#7839,.F.);
#5109=ORIENTED_EDGE('',*,*,#7932,.F.);
#5110=ORIENTED_EDGE('',*,*,#7715,.T.);
#5111=CARTESIAN_POINT('',(-1.4657,0.7402127838135,-0.5));
#5112=DIRECTION('',(0.837379090714679,-0.546622592319287,0.0));
#5113=DIRECTION('',(0.0,0.0,-1.0));
#5114=ORIENTED_EDGE('',*,*,#7932,.T.);
#5115=ORIENTED_EDGE('',*,*,#7838,.F.);
#5116=ORIENTED_EDGE('',*,*,#7933,.F.);
#5117=ORIENTED_EDGE('',*,*,#7716,.T.);
#5118=CARTESIAN_POINT('',(-1.532366666269,0.7402127838135,-0.5));
#5119=DIRECTION('',(0.0,-1.0,0.0));
#5120=DIRECTION('',(0.0,0.0,-1.0));
#5121=ORIENTED_EDGE('',*,*,#7933,.T.);
#5122=ORIENTED_EDGE('',*,*,#7837,.F.);
#5123=ORIENTED_EDGE('',*,*,#7934,.F.);
#5124=ORIENTED_EDGE('',*,*,#7717,.T.);
#5125=CARTESIAN_POINT('',(-1.519033332539,0.7946808624268,-0.5));
#5126=DIRECTION('',(-0.971321152228442,0.23777135915331,0.0));
#5127=DIRECTION('',(0.0,0.0,1.0));
#5128=ORIENTED_EDGE('',*,*,#7934,.T.);
#5129=ORIENTED_EDGE('',*,*,#7836,.F.);
#5130=ORIENTED_EDGE('',*,*,#7935,.F.);
#5131=ORIENTED_EDGE('',*,*,#7718,.T.);
#5132=CARTESIAN_POINT('',(-1.4657,0.84914894104,-0.5));
#5133=DIRECTION('',(-0.71451039001329,0.69962482986459,0.0));
#5134=DIRECTION('',(0.0,0.0,1.0));
#5135=ORIENTED_EDGE('',*,*,#7935,.T.);
#5136=ORIENTED_EDGE('',*,*,#7835,.F.);
#5137=ORIENTED_EDGE('',*,*,#7936,.F.);
#5138=ORIENTED_EDGE('',*,*,#7719,.T.);
#5139=CARTESIAN_POINT('',(-1.412366669846,0.8763829803467,-0.5));
#5140=DIRECTION('',(-0.454777135048109,0.890605275886817,0.0));
#5141=DIRECTION('',(0.0,0.0,1.0));
#5142=ORIENTED_EDGE('',*,*,#7936,.T.);
#5143=ORIENTED_EDGE('',*,*,#7834,.F.);
#5144=ORIENTED_EDGE('',*,*,#7937,.F.);
#5145=ORIENTED_EDGE('',*,*,#7720,.T.);
#5146=CARTESIAN_POINT('',(-1.319033339691,0.89,-0.5));
#5147=DIRECTION('',(-0.144368235729095,0.989524033317265,0.0));
#5148=DIRECTION('',(0.0,0.0,1.0));
#5149=ORIENTED_EDGE('',*,*,#7937,.T.);
#5150=ORIENTED_EDGE('',*,*,#7833,.F.);
#5151=ORIENTED_EDGE('',*,*,#7938,.F.);
#5152=ORIENTED_EDGE('',*,*,#7721,.T.);
#5153=CARTESIAN_POINT('',(-1.2657,0.89,-0.5));
#5154=DIRECTION('',(-0.0,1.0,0.0));
#5155=DIRECTION('',(1.0,0.0,0.0));
#5156=ORIENTED_EDGE('',*,*,#7938,.T.);
#5157=ORIENTED_EDGE('',*,*,#7832,.F.);
#5158=ORIENTED_EDGE('',*,*,#7939,.F.);
#5159=ORIENTED_EDGE('',*,*,#7722,.T.);
#5160=CARTESIAN_POINT('',(-1.1857,0.8763829803467,-0.5));
#5161=DIRECTION('',(0.167799328608296,0.985821173093074,0.0));
#5162=DIRECTION('',(0.0,0.0,-1.0));
#5163=ORIENTED_EDGE('',*,*,#7939,.T.);
#5164=ORIENTED_EDGE('',*,*,#7831,.F.);
#5165=ORIENTED_EDGE('',*,*,#7940,.F.);
#5166=ORIENTED_EDGE('',*,*,#7723,.T.);
#5167=CARTESIAN_POINT('',(-1.132366679382,0.84914894104,-0.5));
#5168=DIRECTION('',(0.454777199549714,0.890605242949827,0.0));
#5169=DIRECTION('',(0.0,0.0,-1.0));
#5170=ORIENTED_EDGE('',*,*,#7940,.T.);
#5171=ORIENTED_EDGE('',*,*,#7830,.F.);
#5172=ORIENTED_EDGE('',*,*,#7941,.F.);
#5173=ORIENTED_EDGE('',*,*,#7724,.T.);
#5174=CARTESIAN_POINT('',(-1.079033320618,0.7946808624268,-0.5));
#5175=DIRECTION('',(0.714510218035262,0.699625005501663,0.0));
#5176=DIRECTION('',(0.0,0.0,-1.0));
#5177=ORIENTED_EDGE('',*,*,#7941,.T.);
#5178=ORIENTED_EDGE('',*,*,#7829,.F.);
#5179=ORIENTED_EDGE('',*,*,#7942,.F.);
#5180=ORIENTED_EDGE('',*,*,#7725,.T.);
#5181=CARTESIAN_POINT('',(-1.0657,0.7402127838135,-0.5));
#5182=DIRECTION('',(0.971321206234925,0.237771138531006,0.0));
#5183=DIRECTION('',(0.0,0.0,-1.0));
#5184=ORIENTED_EDGE('',*,*,#7942,.T.);
#5185=ORIENTED_EDGE('',*,*,#7828,.F.);
#5186=ORIENTED_EDGE('',*,*,#7943,.F.);
#5187=ORIENTED_EDGE('',*,*,#7726,.T.);
#5188=CARTESIAN_POINT('',(-1.0657,0.7129787063599,-0.5));
#5189=DIRECTION('',(1.0,0.0,0.0));
#5190=DIRECTION('',(0.0,1.0,0.0));
#5191=ORIENTED_EDGE('',*,*,#7943,.T.);
#5192=ORIENTED_EDGE('',*,*,#7827,.F.);
#5193=ORIENTED_EDGE('',*,*,#7944,.F.);
#5194=ORIENTED_EDGE('',*,*,#7727,.T.);
#5195=CARTESIAN_POINT('',(-1.079033320618,0.6585106277466,-0.5));
#5196=DIRECTION('',(0.971321206234925,-0.237771138531006,0.0));
#5197=DIRECTION('',(0.0,0.0,-1.0));
#5198=ORIENTED_EDGE('',*,*,#7944,.T.);
#5199=ORIENTED_EDGE('',*,*,#7826,.F.);
#5200=ORIENTED_EDGE('',*,*,#7945,.F.);
#5201=ORIENTED_EDGE('',*,*,#7728,.T.);
#5202=CARTESIAN_POINT('',(-1.1057,0.6176595687866,-0.5));
#5203=DIRECTION('',(0.837379001234128,-0.546622729395818,0.0));
#5204=DIRECTION('',(0.0,0.0,-1.0));
#5205=ORIENTED_EDGE('',*,*,#7945,.T.);
#5206=ORIENTED_EDGE('',*,*,#7825,.F.);
#5207=ORIENTED_EDGE('',*,*,#7946,.F.);
#5208=ORIENTED_EDGE('',*,*,#7729,.T.);
#5209=CARTESIAN_POINT('',(-1.439033330154,0.3180851078033,-0.5));
#5210=DIRECTION('',(0.668439980437297,-0.743766087256596,0.0));
#5211=DIRECTION('',(0.0,0.0,-1.0));
#5212=ORIENTED_EDGE('',*,*,#7946,.T.);
#5213=ORIENTED_EDGE('',*,*,#7824,.F.);
#5214=ORIENTED_EDGE('',*,*,#7947,.F.);
#5215=ORIENTED_EDGE('',*,*,#7730,.T.);
#5216=CARTESIAN_POINT('',(-1.0657,0.3180851078033,-0.5));
#5217=DIRECTION('',(-0.0,1.0,0.0));
#5218=DIRECTION('',(1.0,0.0,0.0));
#5219=ORIENTED_EDGE('',*,*,#7947,.T.);
#5220=ORIENTED_EDGE('',*,*,#7823,.F.);
#5221=ORIENTED_EDGE('',*,*,#7948,.F.);
#5222=ORIENTED_EDGE('',*,*,#7731,.T.);
#5223=CARTESIAN_POINT('',(-1.0657,0.25,-0.5));
#5224=DIRECTION('',(1.0,0.0,0.0));
#5225=DIRECTION('',(0.0,1.0,0.0));
#5226=ORIENTED_EDGE('',*,*,#7948,.T.);
#5227=ORIENTED_EDGE('',*,*,#7822,.F.);
#5228=ORIENTED_EDGE('',*,*,#7921,.F.);
#5229=ORIENTED_EDGE('',*,*,#7732,.T.);
#5230=CARTESIAN_POINT('',(-1.5457,0.25,-0.5));
#5231=DIRECTION('',(0.0,-1.0,0.0));
#5232=DIRECTION('',(0.0,0.0,-1.0));
#5233=ORIENTED_EDGE('',*,*,#7949,.T.);
#5234=ORIENTED_EDGE('',*,*,#7906,.F.);
#5235=ORIENTED_EDGE('',*,*,#7950,.F.);
#5236=ORIENTED_EDGE('',*,*,#7790,.T.);
#5237=CARTESIAN_POINT('',(-1.1057,-0.8469148921967,-0.5));
#5238=DIRECTION('',(0.837379001234128,-0.546622729395818,0.0));
#5239=DIRECTION('',(0.0,0.0,-1.0));
#5240=ORIENTED_EDGE('',*,*,#7950,.T.);
#5241=ORIENTED_EDGE('',*,*,#7905,.F.);
#5242=ORIENTED_EDGE('',*,*,#7951,.F.);
#5243=ORIENTED_EDGE('',*,*,#7734,.T.);
#5244=CARTESIAN_POINT('',(-1.1457,-0.8741489362717,-0.5));
#5245=DIRECTION('',(0.562790998569705,-0.826599232959307,0.0));
#5246=DIRECTION('',(0.0,0.0,-1.0));
#5247=ORIENTED_EDGE('',*,*,#7951,.T.);
#5248=ORIENTED_EDGE('',*,*,#7904,.F.);
#5249=ORIENTED_EDGE('',*,*,#7952,.F.);
#5250=ORIENTED_EDGE('',*,*,#7735,.T.);
#5251=CARTESIAN_POINT('',(-1.199033320618,-0.9013829791546,-0.5));
#5252=DIRECTION('',(0.454777246918104,-0.890605218761708,0.0));
#5253=DIRECTION('',(0.0,0.0,-1.0));
#5254=ORIENTED_EDGE('',*,*,#7952,.T.);
#5255=ORIENTED_EDGE('',*,*,#7903,.F.);
#5256=ORIENTED_EDGE('',*,*,#7953,.F.);
#5257=ORIENTED_EDGE('',*,*,#7736,.T.);
#5258=CARTESIAN_POINT('',(-1.252366660309,-0.915,-0.5));
#5259=DIRECTION('',(0.247383210226212,-0.968917719570746,0.0));
#5260=DIRECTION('',(0.0,0.0,-1.0));
#5261=ORIENTED_EDGE('',*,*,#7953,.T.);
#5262=ORIENTED_EDGE('',*,*,#7902,.F.);
#5263=ORIENTED_EDGE('',*,*,#7954,.F.);
#5264=ORIENTED_EDGE('',*,*,#7737,.T.);
#5265=CARTESIAN_POINT('',(-1.359033339691,-0.915,-0.5));
#5266=DIRECTION('',(0.0,-1.0,0.0));
#5267=DIRECTION('',(0.0,0.0,-1.0));
#5268=ORIENTED_EDGE('',*,*,#7954,.T.);
#5269=ORIENTED_EDGE('',*,*,#7901,.F.);
#5270=ORIENTED_EDGE('',*,*,#7955,.F.);
#5271=ORIENTED_EDGE('',*,*,#7738,.T.);
#5272=CARTESIAN_POINT('',(-1.412366669846,-0.9013829791546,-0.5));
#5273=DIRECTION('',(-0.247383251754613,-0.96891770896775,0.0));
#5274=DIRECTION('',(-0.96891770896775,0.247383251754613,0.0));
#5275=ORIENTED_EDGE('',*,*,#7955,.T.);
#5276=ORIENTED_EDGE('',*,*,#7900,.F.);
#5277=ORIENTED_EDGE('',*,*,#7956,.F.);
#5278=ORIENTED_EDGE('',*,*,#7739,.T.);
#5279=CARTESIAN_POINT('',(-1.4657,-0.8741489362717,-0.5));
#5280=DIRECTION('',(-0.454777182416501,-0.890605251698702,0.0));
#5281=DIRECTION('',(-0.890605251698702,0.454777182416501,0.0));
#5282=ORIENTED_EDGE('',*,*,#7956,.T.);
#5283=ORIENTED_EDGE('',*,*,#7899,.F.);
#5284=ORIENTED_EDGE('',*,*,#7957,.F.);
#5285=ORIENTED_EDGE('',*,*,#7740,.T.);
#5286=CARTESIAN_POINT('',(-1.5057,-0.8469148921967,-0.5));
#5287=DIRECTION('',(-0.562790998569705,-0.826599232959307,0.0));
#5288=DIRECTION('',(-0.826599232959307,0.562790998569705,0.0));
#5289=ORIENTED_EDGE('',*,*,#7957,.T.);
#5290=ORIENTED_EDGE('',*,*,#7898,.F.);
#5291=ORIENTED_EDGE('',*,*,#7958,.F.);
#5292=ORIENTED_EDGE('',*,*,#7741,.T.);
#5293=CARTESIAN_POINT('',(-1.532366666269,-0.8060638332367,-0.5));
#5294=DIRECTION('',(-0.837379124269878,-0.546622540915586,0.0));
#5295=DIRECTION('',(-0.546622540915586,0.837379124269878,0.0));
#5296=ORIENTED_EDGE('',*,*,#7958,.T.);
#5297=ORIENTED_EDGE('',*,*,#7897,.F.);
#5298=ORIENTED_EDGE('',*,*,#7959,.F.);
#5299=ORIENTED_EDGE('',*,*,#7742,.T.);
#5300=CARTESIAN_POINT('',(-1.5457,-0.76521276474,-0.5));
#5301=DIRECTION('',(-0.950645210748985,-0.310280007863895,0.0));
#5302=DIRECTION('',(-0.310280007863895,0.950645210748985,0.0));
#5303=ORIENTED_EDGE('',*,*,#7959,.T.);
#5304=ORIENTED_EDGE('',*,*,#7896,.F.);
#5305=ORIENTED_EDGE('',*,*,#7960,.F.);
#5306=ORIENTED_EDGE('',*,*,#7743,.T.);
#5307=CARTESIAN_POINT('',(-1.479033334923,-0.76521276474,-0.5));
#5308=DIRECTION('',(-0.0,1.0,0.0));
#5309=DIRECTION('',(1.0,0.0,0.0));
#5310=ORIENTED_EDGE('',*,*,#7960,.T.);
#5311=ORIENTED_EDGE('',*,*,#7895,.F.);
#5312=ORIENTED_EDGE('',*,*,#7961,.F.);
#5313=ORIENTED_EDGE('',*,*,#7744,.T.);
#5314=CARTESIAN_POINT('',(-1.4657,-0.7924468040466,-0.5));
#5315=DIRECTION('',(0.898138076469811,0.439713538107605,0.0));
#5316=DIRECTION('',(0.0,0.0,-1.0));
#5317=ORIENTED_EDGE('',*,*,#7961,.T.);
#5318=ORIENTED_EDGE('',*,*,#7894,.F.);
#5319=ORIENTED_EDGE('',*,*,#7962,.F.);
#5320=ORIENTED_EDGE('',*,*,#7745,.T.);
#5321=CARTESIAN_POINT('',(-1.439033330154,-0.81968085289,-0.5));
#5322=DIRECTION('',(0.714510465579395,0.699624752690695,0.0));
#5323=DIRECTION('',(0.0,0.0,-1.0));
#5324=ORIENTED_EDGE('',*,*,#7962,.T.);
#5325=ORIENTED_EDGE('',*,*,#7893,.F.);
#5326=ORIENTED_EDGE('',*,*,#7963,.F.);
#5327=ORIENTED_EDGE('',*,*,#7746,.T.);
#5328=CARTESIAN_POINT('',(-1.412366669846,-0.8332978725433,-0.5));
#5329=DIRECTION('',(0.454777199549714,0.890605242949827,0.0));
#5330=DIRECTION('',(0.0,0.0,-1.0));
#5331=ORIENTED_EDGE('',*,*,#7963,.T.);
#5332=ORIENTED_EDGE('',*,*,#7892,.F.);
#5333=ORIENTED_EDGE('',*,*,#7964,.F.);
#5334=ORIENTED_EDGE('',*,*,#7747,.T.);
#5335=CARTESIAN_POINT('',(-1.3457,-0.8469148921967,-0.5));
#5336=DIRECTION('',(0.200123345899402,0.979770711149312,0.0));
#5337=DIRECTION('',(0.0,0.0,-1.0));
#5338=ORIENTED_EDGE('',*,*,#7964,.T.);
#5339=ORIENTED_EDGE('',*,*,#7891,.F.);
#5340=ORIENTED_EDGE('',*,*,#7965,.F.);
#5341=ORIENTED_EDGE('',*,*,#7748,.T.);
#5342=CARTESIAN_POINT('',(-1.2657,-0.8469148921967,-0.5));
#5343=DIRECTION('',(-0.0,1.0,0.0));
#5344=DIRECTION('',(1.0,0.0,0.0));
#5345=ORIENTED_EDGE('',*,*,#7965,.T.);
#5346=ORIENTED_EDGE('',*,*,#7890,.F.);
#5347=ORIENTED_EDGE('',*,*,#7966,.F.);
#5348=ORIENTED_EDGE('',*,*,#7749,.T.);
#5349=CARTESIAN_POINT('',(-1.199033320618,-0.8332978725433,-0.5));
#5350=DIRECTION('',(-0.200123318418102,0.979770716762512,0.0));
#5351=DIRECTION('',(0.0,0.0,1.0));
#5352=ORIENTED_EDGE('',*,*,#7966,.T.);
#5353=ORIENTED_EDGE('',*,*,#7889,.F.);
#5354=ORIENTED_EDGE('',*,*,#7967,.F.);
#5355=ORIENTED_EDGE('',*,*,#7750,.T.);
#5356=CARTESIAN_POINT('',(-1.172366679382,-0.81968085289,-0.5));
#5357=DIRECTION('',(-0.454777457556387,0.890605111201675,0.0));
#5358=DIRECTION('',(0.0,0.0,1.0));
#5359=ORIENTED_EDGE('',*,*,#7967,.T.);
#5360=ORIENTED_EDGE('',*,*,#7888,.F.);
#5361=ORIENTED_EDGE('',*,*,#7968,.F.);
#5362=ORIENTED_EDGE('',*,*,#7751,.T.);
#5363=CARTESIAN_POINT('',(-1.1457,-0.7924468040466,-0.5));
#5364=DIRECTION('',(-0.714510340504475,0.699624880426775,0.0));
#5365=DIRECTION('',(0.0,0.0,1.0));
#5366=ORIENTED_EDGE('',*,*,#7968,.T.);
#5367=ORIENTED_EDGE('',*,*,#7887,.F.);
#5368=ORIENTED_EDGE('',*,*,#7969,.F.);
#5369=ORIENTED_EDGE('',*,*,#7752,.T.);
#5370=CARTESIAN_POINT('',(-1.132366679382,-0.76521276474,-0.5));
#5371=DIRECTION('',(-0.898138262779418,0.439713157560209,0.0));
#5372=DIRECTION('',(0.0,0.0,1.0));
#5373=ORIENTED_EDGE('',*,*,#7969,.T.);
#5374=ORIENTED_EDGE('',*,*,#7886,.F.);
#5375=ORIENTED_EDGE('',*,*,#7970,.F.);
#5376=ORIENTED_EDGE('',*,*,#7753,.T.);
#5377=CARTESIAN_POINT('',(-1.132366679382,-0.7107446861267,-0.5));
#5378=DIRECTION('',(-1.0,0.0,0.0));
#5379=DIRECTION('',(0.0,0.0,1.0));
#5380=ORIENTED_EDGE('',*,*,#7970,.T.);
#5381=ORIENTED_EDGE('',*,*,#7885,.F.);
#5382=ORIENTED_EDGE('',*,*,#7971,.F.);
#5383=ORIENTED_EDGE('',*,*,#7754,.T.);
#5384=CARTESIAN_POINT('',(-1.159033320618,-0.6562765884399,-0.5));
#5385=DIRECTION('',(-0.898138323588736,-0.439713033353818,0.0));
#5386=DIRECTION('',(-0.439713033353818,0.898138323588736,0.0));
#5387=ORIENTED_EDGE('',*,*,#7971,.T.);
#5388=ORIENTED_EDGE('',*,*,#7884,.F.);
#5389=ORIENTED_EDGE('',*,*,#7972,.F.);
#5390=ORIENTED_EDGE('',*,*,#7755,.T.);
#5391=CARTESIAN_POINT('',(-1.199033320618,-0.6290425491333,-0.5));
#5392=DIRECTION('',(-0.562790931241723,-0.826599278799634,0.0));
#5393=DIRECTION('',(-0.826599278799634,0.562790931241723,0.0));
#5394=ORIENTED_EDGE('',*,*,#7972,.T.);
#5395=ORIENTED_EDGE('',*,*,#7883,.F.);
#5396=ORIENTED_EDGE('',*,*,#7973,.F.);
#5397=ORIENTED_EDGE('',*,*,#7756,.T.);
#5398=CARTESIAN_POINT('',(-1.279033339691,-0.61542552948,-0.5));
#5399=DIRECTION('',(-0.167799289728307,-0.985821179710943,0.0));
#5400=DIRECTION('',(-0.985821179710943,0.167799289728307,0.0));
#5401=ORIENTED_EDGE('',*,*,#7973,.T.);
#5402=ORIENTED_EDGE('',*,*,#7882,.F.);
#5403=ORIENTED_EDGE('',*,*,#7974,.F.);
#5404=ORIENTED_EDGE('',*,*,#7757,.T.);
#5405=CARTESIAN_POINT('',(-1.332366660309,-0.61542552948,-0.5));
#5406=DIRECTION('',(0.0,-1.0,0.0));
#5407=DIRECTION('',(0.0,0.0,-1.0));
#5408=ORIENTED_EDGE('',*,*,#7974,.T.);
#5409=ORIENTED_EDGE('',*,*,#7881,.F.);
#5410=ORIENTED_EDGE('',*,*,#7975,.F.);
#5411=ORIENTED_EDGE('',*,*,#7758,.T.);
#5412=CARTESIAN_POINT('',(-1.332366660309,-0.5609574508667,-0.5));
#5413=DIRECTION('',(-1.0,0.0,0.0));
#5414=DIRECTION('',(0.0,0.0,1.0));
#5415=ORIENTED_EDGE('',*,*,#7975,.T.);
#5416=ORIENTED_EDGE('',*,*,#7880,.F.);
#5417=ORIENTED_EDGE('',*,*,#7976,.F.);
#5418=ORIENTED_EDGE('',*,*,#7759,.T.);
#5419=CARTESIAN_POINT('',(-1.279033339691,-0.5609574508667,-0.5));
#5420=DIRECTION('',(-0.0,1.0,0.0));
#5421=DIRECTION('',(1.0,0.0,0.0));
#5422=ORIENTED_EDGE('',*,*,#7976,.T.);
#5423=ORIENTED_EDGE('',*,*,#7879,.F.);
#5424=ORIENTED_EDGE('',*,*,#7977,.F.);
#5425=ORIENTED_EDGE('',*,*,#7760,.T.);
#5426=CARTESIAN_POINT('',(-1.199033320618,-0.5337234115601,-0.5));
#5427=DIRECTION('',(-0.322263694523009,0.946649941209728,0.0));
#5428=DIRECTION('',(0.0,0.0,1.0));
#5429=ORIENTED_EDGE('',*,*,#7977,.T.);
#5430=ORIENTED_EDGE('',*,*,#7878,.F.);
#5431=ORIENTED_EDGE('',*,*,#7978,.F.);
#5432=ORIENTED_EDGE('',*,*,#7761,.T.);
#5433=CARTESIAN_POINT('',(-1.172366679382,-0.5064893722534,-0.5));
#5434=DIRECTION('',(-0.714510718335093,0.699624494557094,0.0));
#5435=DIRECTION('',(0.0,0.0,1.0));
#5436=ORIENTED_EDGE('',*,*,#7978,.T.);
#5437=ORIENTED_EDGE('',*,*,#7877,.F.);
#5438=ORIENTED_EDGE('',*,*,#7979,.F.);
#5439=ORIENTED_EDGE('',*,*,#7762,.T.);
#5440=CARTESIAN_POINT('',(-1.1457,-0.4520212936401,-0.5));
#5441=DIRECTION('',(-0.898138014366625,0.439713664956612,0.0));
#5442=DIRECTION('',(0.0,0.0,1.0));
#5443=ORIENTED_EDGE('',*,*,#7979,.T.);
#5444=ORIENTED_EDGE('',*,*,#7876,.F.);
#5445=ORIENTED_EDGE('',*,*,#7980,.F.);
#5446=ORIENTED_EDGE('',*,*,#7763,.T.);
#5447=CARTESIAN_POINT('',(-1.1457,-0.4247872161865,-0.5));
#5448=DIRECTION('',(-1.0,0.0,0.0));
#5449=DIRECTION('',(0.0,0.0,1.0));
#5450=ORIENTED_EDGE('',*,*,#7980,.T.);
#5451=ORIENTED_EDGE('',*,*,#7875,.F.);
#5452=ORIENTED_EDGE('',*,*,#7981,.F.);
#5453=ORIENTED_EDGE('',*,*,#7764,.T.);
#5454=CARTESIAN_POINT('',(-1.172366679382,-0.3839361572266,-0.5));
#5455=DIRECTION('',(-0.837379001234128,-0.546622729395818,0.0));
#5456=DIRECTION('',(-0.546622729395818,0.837379001234128,0.0));
#5457=ORIENTED_EDGE('',*,*,#7981,.T.);
#5458=ORIENTED_EDGE('',*,*,#7874,.F.);
#5459=ORIENTED_EDGE('',*,*,#7982,.F.);
#5460=ORIENTED_EDGE('',*,*,#7765,.T.);
#5461=CARTESIAN_POINT('',(-1.212366679382,-0.3567021179199,-0.5));
#5462=DIRECTION('',(-0.562790931241723,-0.826599278799634,0.0));
#5463=DIRECTION('',(-0.826599278799634,0.562790931241723,0.0));
#5464=ORIENTED_EDGE('',*,*,#7982,.T.);
#5465=ORIENTED_EDGE('',*,*,#7873,.F.);
#5466=ORIENTED_EDGE('',*,*,#7983,.F.);
#5467=ORIENTED_EDGE('',*,*,#7766,.T.);
#5468=CARTESIAN_POINT('',(-1.279033339691,-0.3430850982666,-0.5));
#5469=DIRECTION('',(-0.200123373380702,-0.979770705536111,0.0));
#5470=DIRECTION('',(-0.979770705536111,0.200123373380702,0.0));
#5471=ORIENTED_EDGE('',*,*,#7983,.T.);
#5472=ORIENTED_EDGE('',*,*,#7872,.F.);
#5473=ORIENTED_EDGE('',*,*,#7984,.F.);
#5474=ORIENTED_EDGE('',*,*,#7767,.T.);
#5475=CARTESIAN_POINT('',(-1.332366660309,-0.3430850982666,-0.5));
#5476=DIRECTION('',(0.0,-1.0,0.0));
#5477=DIRECTION('',(0.0,0.0,-1.0));
#5478=ORIENTED_EDGE('',*,*,#7984,.T.);
#5479=ORIENTED_EDGE('',*,*,#7871,.F.);
#5480=ORIENTED_EDGE('',*,*,#7985,.F.);
#5481=ORIENTED_EDGE('',*,*,#7768,.T.);
#5482=CARTESIAN_POINT('',(-1.399033330154,-0.3567021179199,-0.5));
#5483=DIRECTION('',(0.200123345899402,-0.979770711149312,0.0));
#5484=DIRECTION('',(0.0,0.0,-1.0));
#5485=ORIENTED_EDGE('',*,*,#7985,.T.);
#5486=ORIENTED_EDGE('',*,*,#7870,.F.);
#5487=ORIENTED_EDGE('',*,*,#7986,.F.);
#5488=ORIENTED_EDGE('',*,*,#7769,.T.);
#5489=CARTESIAN_POINT('',(-1.439033330154,-0.3839361572266,-0.5));
#5490=DIRECTION('',(0.562790931241723,-0.826599278799634,0.0));
#5491=DIRECTION('',(0.0,0.0,-1.0));
#5492=ORIENTED_EDGE('',*,*,#7986,.T.);
#5493=ORIENTED_EDGE('',*,*,#7869,.F.);
#5494=ORIENTED_EDGE('',*,*,#7987,.F.);
#5495=ORIENTED_EDGE('',*,*,#7770,.T.);
#5496=CARTESIAN_POINT('',(-1.4657,-0.4247872161865,-0.5));
#5497=DIRECTION('',(0.837379090714679,-0.546622592319287,0.0));
#5498=DIRECTION('',(0.0,0.0,-1.0));
#5499=ORIENTED_EDGE('',*,*,#7987,.T.);
#5500=ORIENTED_EDGE('',*,*,#7868,.F.);
#5501=ORIENTED_EDGE('',*,*,#7988,.F.);
#5502=ORIENTED_EDGE('',*,*,#7771,.T.);
#5503=CARTESIAN_POINT('',(-1.532366666269,-0.4247872161865,-0.5));
#5504=DIRECTION('',(0.0,-1.0,0.0));
#5505=DIRECTION('',(0.0,0.0,-1.0));
#5506=ORIENTED_EDGE('',*,*,#7988,.T.);
#5507=ORIENTED_EDGE('',*,*,#7867,.F.);
#5508=ORIENTED_EDGE('',*,*,#7989,.F.);
#5509=ORIENTED_EDGE('',*,*,#7772,.T.);
#5510=CARTESIAN_POINT('',(-1.519033332539,-0.3703191375732,-0.5));
#5511=DIRECTION('',(-0.971321152228442,0.23777135915331,0.0));
#5512=DIRECTION('',(0.0,0.0,1.0));
#5513=ORIENTED_EDGE('',*,*,#7989,.T.);
#5514=ORIENTED_EDGE('',*,*,#7866,.F.);
#5515=ORIENTED_EDGE('',*,*,#7990,.F.);
#5516=ORIENTED_EDGE('',*,*,#7773,.T.);
#5517=CARTESIAN_POINT('',(-1.4657,-0.31585105896,-0.5));
#5518=DIRECTION('',(-0.71451039001329,0.69962482986459,0.0));
#5519=DIRECTION('',(0.0,0.0,1.0));
#5520=ORIENTED_EDGE('',*,*,#7990,.T.);
#5521=ORIENTED_EDGE('',*,*,#7865,.F.);
#5522=ORIENTED_EDGE('',*,*,#7991,.F.);
#5523=ORIENTED_EDGE('',*,*,#7774,.T.);
#5524=CARTESIAN_POINT('',(-1.412366669846,-0.2886170196533,-0.5));
#5525=DIRECTION('',(-0.454777135048109,0.890605275886817,0.0));
#5526=DIRECTION('',(0.0,0.0,1.0));
#5527=ORIENTED_EDGE('',*,*,#7991,.T.);
#5528=ORIENTED_EDGE('',*,*,#7864,.F.);
#5529=ORIENTED_EDGE('',*,*,#7992,.F.);
#5530=ORIENTED_EDGE('',*,*,#7775,.T.);
#5531=CARTESIAN_POINT('',(-1.319033339691,-0.275,-0.5));
#5532=DIRECTION('',(-0.144368235729095,0.989524033317265,0.0));
#5533=DIRECTION('',(0.0,0.0,1.0));
#5534=ORIENTED_EDGE('',*,*,#7992,.T.);
#5535=ORIENTED_EDGE('',*,*,#7863,.F.);
#5536=ORIENTED_EDGE('',*,*,#7993,.F.);
#5537=ORIENTED_EDGE('',*,*,#7776,.T.);
#5538=CARTESIAN_POINT('',(-1.292366660309,-0.275,-0.5));
#5539=DIRECTION('',(-0.0,1.0,0.0));
#5540=DIRECTION('',(1.0,0.0,0.0));
#5541=ORIENTED_EDGE('',*,*,#7993,.T.);
#5542=ORIENTED_EDGE('',*,*,#7862,.F.);
#5543=ORIENTED_EDGE('',*,*,#7994,.F.);
#5544=ORIENTED_EDGE('',*,*,#7777,.T.);
#5545=CARTESIAN_POINT('',(-1.199033320618,-0.2886170196533,-0.5));
#5546=DIRECTION('',(0.144368221285099,0.989524035424596,0.0));
#5547=DIRECTION('',(0.0,0.0,-1.0));
#5548=ORIENTED_EDGE('',*,*,#7994,.T.);
#5549=ORIENTED_EDGE('',*,*,#7861,.F.);
#5550=ORIENTED_EDGE('',*,*,#7995,.F.);
#5551=ORIENTED_EDGE('',*,*,#7778,.T.);
#5552=CARTESIAN_POINT('',(-1.1457,-0.31585105896,-0.5));
#5553=DIRECTION('',(0.454777199549714,0.890605242949827,0.0));
#5554=DIRECTION('',(0.0,0.0,-1.0));
#5555=ORIENTED_EDGE('',*,*,#7995,.T.);
#5556=ORIENTED_EDGE('',*,*,#7860,.F.);
#5557=ORIENTED_EDGE('',*,*,#7996,.F.);
#5558=ORIENTED_EDGE('',*,*,#7779,.T.);
#5559=CARTESIAN_POINT('',(-1.092366679382,-0.3703191375732,-0.5));
#5560=DIRECTION('',(0.714510468185125,0.699624750029524,0.0));
#5561=DIRECTION('',(0.0,0.0,-1.0));
#5562=ORIENTED_EDGE('',*,*,#7996,.T.);
#5563=ORIENTED_EDGE('',*,*,#7859,.F.);
#5564=ORIENTED_EDGE('',*,*,#7997,.F.);
#5565=ORIENTED_EDGE('',*,*,#7780,.T.);
#5566=CARTESIAN_POINT('',(-1.079033320618,-0.4247872161865,-0.5));
#5567=DIRECTION('',(0.97132104912507,0.237771780341093,0.0));
#5568=DIRECTION('',(0.0,0.0,-1.0));
#5569=ORIENTED_EDGE('',*,*,#7997,.T.);
#5570=ORIENTED_EDGE('',*,*,#7858,.F.);
#5571=ORIENTED_EDGE('',*,*,#7998,.F.);
#5572=ORIENTED_EDGE('',*,*,#7781,.T.);
#5573=CARTESIAN_POINT('',(-1.079033320618,-0.4520212936401,-0.5));
#5574=DIRECTION('',(1.0,0.0,0.0));
#5575=DIRECTION('',(0.0,1.0,0.0));
#5576=ORIENTED_EDGE('',*,*,#7998,.T.);
#5577=ORIENTED_EDGE('',*,*,#7857,.F.);
#5578=ORIENTED_EDGE('',*,*,#7999,.F.);
#5579=ORIENTED_EDGE('',*,*,#7782,.T.);
#5580=CARTESIAN_POINT('',(-1.092366679382,-0.5064893722534,-0.5));
#5581=DIRECTION('',(0.97132104912507,-0.237771780341093,0.0));
#5582=DIRECTION('',(0.0,0.0,-1.0));
#5583=ORIENTED_EDGE('',*,*,#7999,.T.);
#5584=ORIENTED_EDGE('',*,*,#7856,.F.);
#5585=ORIENTED_EDGE('',*,*,#8000,.F.);
#5586=ORIENTED_EDGE('',*,*,#7783,.T.);
#5587=CARTESIAN_POINT('',(-1.119033320618,-0.5473404312134,-0.5));
#5588=DIRECTION('',(0.837379359156276,-0.546622181089484,0.0));
#5589=DIRECTION('',(0.0,0.0,-1.0));
#5590=ORIENTED_EDGE('',*,*,#8000,.T.);
#5591=ORIENTED_EDGE('',*,*,#7855,.F.);
#5592=ORIENTED_EDGE('',*,*,#8001,.F.);
#5593=ORIENTED_EDGE('',*,*,#7784,.T.);
#5594=CARTESIAN_POINT('',(-1.172366679382,-0.5881914901733,-0.5));
#5595=DIRECTION('',(0.608076649362092,-0.793878320966489,0.0));
#5596=DIRECTION('',(0.0,0.0,-1.0));
#5597=ORIENTED_EDGE('',*,*,#8001,.T.);
#5598=ORIENTED_EDGE('',*,*,#7854,.F.);
#5599=ORIENTED_EDGE('',*,*,#8002,.F.);
#5600=ORIENTED_EDGE('',*,*,#7785,.T.);
#5601=CARTESIAN_POINT('',(-1.1057,-0.61542552948,-0.5));
#5602=DIRECTION('',(0.378172532659307,0.925735132498516,0.0));
#5603=DIRECTION('',(0.0,0.0,-1.0));
#5604=ORIENTED_EDGE('',*,*,#8002,.T.);
#5605=ORIENTED_EDGE('',*,*,#7853,.F.);
#5606=ORIENTED_EDGE('',*,*,#8003,.F.);
#5607=ORIENTED_EDGE('',*,*,#7786,.T.);
#5608=CARTESIAN_POINT('',(-1.079033320618,-0.6562765884399,-0.5));
#5609=DIRECTION('',(0.837379001234158,0.546622729395773,0.0));
#5610=DIRECTION('',(0.0,0.0,-1.0));
#5611=ORIENTED_EDGE('',*,*,#8003,.T.);
#5612=ORIENTED_EDGE('',*,*,#7852,.F.);
#5613=ORIENTED_EDGE('',*,*,#8004,.F.);
#5614=ORIENTED_EDGE('',*,*,#7787,.T.);
#5615=CARTESIAN_POINT('',(-1.0657,-0.7107446861267,-0.5));
#5616=DIRECTION('',(0.971321225464469,0.237771059976192,0.0));
#5617=DIRECTION('',(0.0,0.0,-1.0));
#5618=ORIENTED_EDGE('',*,*,#8004,.T.);
#5619=ORIENTED_EDGE('',*,*,#7851,.F.);
#5620=ORIENTED_EDGE('',*,*,#8005,.F.);
#5621=ORIENTED_EDGE('',*,*,#7788,.T.);
#5622=CARTESIAN_POINT('',(-1.0657,-0.76521276474,-0.5));
#5623=DIRECTION('',(1.0,0.0,0.0));
#5624=DIRECTION('',(0.0,1.0,0.0));
#5625=ORIENTED_EDGE('',*,*,#8005,.T.);
#5626=ORIENTED_EDGE('',*,*,#7850,.F.);
#5627=ORIENTED_EDGE('',*,*,#7949,.F.);
#5628=ORIENTED_EDGE('',*,*,#7789,.T.);
#5629=CARTESIAN_POINT('',(-1.079033320618,-0.8060638332367,-0.5));
#5630=DIRECTION('',(0.950645300758824,-0.310279732088908,0.0));
#5631=DIRECTION('',(0.0,0.0,-1.0));
#5632=ORIENTED_EDGE('',*,*,#6932,.T.);
#5633=ORIENTED_EDGE('',*,*,#7686,.F.);
#5634=ORIENTED_EDGE('',*,*,#7681,.T.);
#5635=ORIENTED_EDGE('',*,*,#7628,.F.);
#5636=CARTESIAN_POINT('',(-2.8,0.0,-8.87));
#5637=DIRECTION('',(-0.0,0.0,1.0));
#5638=DIRECTION('',(1.0,0.0,0.0));
#5639=ORIENTED_EDGE('',*,*,#8006,.F.);
#5640=ORIENTED_EDGE('',*,*,#8007,.F.);
#5641=ORIENTED_EDGE('',*,*,#7644,.F.);
#5642=CARTESIAN_POINT('',(0.75,0.0,0.0));
#5643=DIRECTION('',(1.0,0.0,0.0));
#5644=DIRECTION('',(0.0,1.0,0.0));
#5645=ORIENTED_EDGE('',*,*,#8008,.F.);
#5646=ORIENTED_EDGE('',*,*,#8009,.F.);
#5647=ORIENTED_EDGE('',*,*,#7664,.T.);
#5648=CARTESIAN_POINT('',(0.75,0.0,0.0));
#5649=DIRECTION('',(1.0,0.0,0.0));
#5650=DIRECTION('',(0.0,1.0,0.0));
#5651=ORIENTED_EDGE('',*,*,#8007,.T.);
#5652=ORIENTED_EDGE('',*,*,#8010,.T.);
#5653=ORIENTED_EDGE('',*,*,#8011,.F.);
#5654=ORIENTED_EDGE('',*,*,#7641,.F.);
#5655=CARTESIAN_POINT('',(0.75,-0.841729078407,-3.79));
#5656=DIRECTION('',(-1.0,0.0,-0.0));
#5657=DIRECTION('',(0.0,0.0,-1.0));
#5658=ORIENTED_EDGE('',*,*,#8011,.T.);
#5659=ORIENTED_EDGE('',*,*,#8012,.T.);
#5660=ORIENTED_EDGE('',*,*,#7642,.T.);
#5661=CARTESIAN_POINT('',(1.75,0.0,0.0));
#5662=DIRECTION('',(1.0,0.0,0.0));
#5663=DIRECTION('',(0.0,1.0,0.0));
#5664=ORIENTED_EDGE('',*,*,#8013,.T.);
#5665=ORIENTED_EDGE('',*,*,#8014,.T.);
#5666=ORIENTED_EDGE('',*,*,#7662,.F.);
#5667=CARTESIAN_POINT('',(1.75,0.0,0.0));
#5668=DIRECTION('',(1.0,0.0,0.0));
#5669=DIRECTION('',(0.0,1.0,0.0));
#5670=ORIENTED_EDGE('',*,*,#8012,.F.);
#5671=ORIENTED_EDGE('',*,*,#8010,.F.);
#5672=ORIENTED_EDGE('',*,*,#8006,.T.);
#5673=ORIENTED_EDGE('',*,*,#7643,.T.);
#5674=CARTESIAN_POINT('',(0.75,-2.068454877794,-4.11870018728));
#5675=DIRECTION('',(0.0,-0.965925826289076,-0.258819045102493));
#5676=DIRECTION('',(0.0,0.258819045102493,-0.965925826289076));
#5677=ORIENTED_EDGE('',*,*,#8014,.F.);
#5678=ORIENTED_EDGE('',*,*,#8015,.F.);
#5679=ORIENTED_EDGE('',*,*,#8008,.T.);
#5680=ORIENTED_EDGE('',*,*,#7663,.T.);
#5681=CARTESIAN_POINT('',(0.75,0.841729078407,-3.79));
#5682=DIRECTION('',(-1.0,0.0,-0.0));
#5683=DIRECTION('',(0.0,0.0,-1.0));
#5684=ORIENTED_EDGE('',*,*,#8009,.T.);
#5685=ORIENTED_EDGE('',*,*,#8015,.T.);
#5686=ORIENTED_EDGE('',*,*,#8013,.F.);
#5687=ORIENTED_EDGE('',*,*,#7661,.F.);
#5688=CARTESIAN_POINT('',(0.75,0.6385185434277,-9.455295238724));
#5689=DIRECTION('',(0.0,0.965925826289076,-0.258819045102493));
#5690=DIRECTION('',(-1.0,0.0,0.0));
#5691=ORIENTED_EDGE('',*,*,#8016,.F.);
#5692=ORIENTED_EDGE('',*,*,#8017,.F.);
#5693=ORIENTED_EDGE('',*,*,#7648,.F.);
#5694=CARTESIAN_POINT('',(-1.75,0.0,0.0));
#5695=DIRECTION('',(1.0,0.0,0.0));
#5696=DIRECTION('',(0.0,1.0,0.0));
#5697=ORIENTED_EDGE('',*,*,#8018,.F.);
#5698=ORIENTED_EDGE('',*,*,#8019,.F.);
#5699=ORIENTED_EDGE('',*,*,#7668,.T.);
#5700=CARTESIAN_POINT('',(-1.75,0.0,0.0));
#5701=DIRECTION('',(1.0,0.0,0.0));
#5702=DIRECTION('',(0.0,1.0,0.0));
#5703=ORIENTED_EDGE('',*,*,#8017,.T.);
#5704=ORIENTED_EDGE('',*,*,#8020,.T.);
#5705=ORIENTED_EDGE('',*,*,#8021,.F.);
#5706=ORIENTED_EDGE('',*,*,#7645,.F.);
#5707=CARTESIAN_POINT('',(-1.75,-0.841729078407,-3.79));
#5708=DIRECTION('',(-1.0,0.0,-0.0));
#5709=DIRECTION('',(0.0,0.0,-1.0));
#5710=ORIENTED_EDGE('',*,*,#8021,.T.);
#5711=ORIENTED_EDGE('',*,*,#8022,.T.);
#5712=ORIENTED_EDGE('',*,*,#7646,.T.);
#5713=CARTESIAN_POINT('',(-0.75,0.0,0.0));
#5714=DIRECTION('',(1.0,0.0,0.0));
#5715=DIRECTION('',(0.0,1.0,0.0));
#5716=ORIENTED_EDGE('',*,*,#8023,.T.);
#5717=ORIENTED_EDGE('',*,*,#8024,.T.);
#5718=ORIENTED_EDGE('',*,*,#7666,.F.);
#5719=CARTESIAN_POINT('',(-0.75,0.0,0.0));
#5720=DIRECTION('',(1.0,0.0,0.0));
#5721=DIRECTION('',(0.0,1.0,0.0));
#5722=ORIENTED_EDGE('',*,*,#8022,.F.);
#5723=ORIENTED_EDGE('',*,*,#8020,.F.);
#5724=ORIENTED_EDGE('',*,*,#8016,.T.);
#5725=ORIENTED_EDGE('',*,*,#7647,.T.);
#5726=CARTESIAN_POINT('',(-1.75,-2.068454877794,-4.11870018728));
#5727=DIRECTION('',(0.0,-0.965925826289076,-0.258819045102493));
#5728=DIRECTION('',(0.0,0.258819045102493,-0.965925826289076));
#5729=ORIENTED_EDGE('',*,*,#8024,.F.);
#5730=ORIENTED_EDGE('',*,*,#8025,.F.);
#5731=ORIENTED_EDGE('',*,*,#8018,.T.);
#5732=ORIENTED_EDGE('',*,*,#7667,.T.);
#5733=CARTESIAN_POINT('',(-1.75,0.841729078407,-3.79));
#5734=DIRECTION('',(-1.0,0.0,-0.0));
#5735=DIRECTION('',(0.0,0.0,-1.0));
#5736=ORIENTED_EDGE('',*,*,#8019,.T.);
#5737=ORIENTED_EDGE('',*,*,#8025,.T.);
#5738=ORIENTED_EDGE('',*,*,#8023,.F.);
#5739=ORIENTED_EDGE('',*,*,#7665,.F.);
#5740=CARTESIAN_POINT('',(-1.75,0.6385185434277,-9.455295238724));
#5741=DIRECTION('',(0.0,0.965925826289076,-0.258819045102493));
#5742=DIRECTION('',(-1.0,0.0,0.0));
#5743=ORIENTED_EDGE('',*,*,#8026,.F.);
#5744=ORIENTED_EDGE('',*,*,#7163,.F.);
#5745=ORIENTED_EDGE('',*,*,#8027,.T.);
#5746=ORIENTED_EDGE('',*,*,#7625,.F.);
#5747=CARTESIAN_POINT('',(3.845,2.102598846298,20.46652));
#5748=DIRECTION('',(-0.0,0.0,1.0));
#5749=DIRECTION('',(0.707106781186548,0.707106781186548,0.0));
#5750=ORIENTED_EDGE('',*,*,#7162,.T.);
#5751=ORIENTED_EDGE('',*,*,#8028,.T.);
#5752=ORIENTED_EDGE('',*,*,#7609,.F.);
#5753=ORIENTED_EDGE('',*,*,#8027,.F.);
#5754=CARTESIAN_POINT('',(4.225,2.26,-0.4));
#5755=DIRECTION('',(0.707106781186548,0.707106781186548,0.0));
#5756=DIRECTION('',(0.0,0.0,-1.0));
#5757=ORIENTED_EDGE('',*,*,#8028,.F.);
#5758=ORIENTED_EDGE('',*,*,#7161,.F.);
#5759=ORIENTED_EDGE('',*,*,#8029,.T.);
#5760=ORIENTED_EDGE('',*,*,#7610,.F.);
#5761=CARTESIAN_POINT('',(2.437598846298,3.51,20.46652));
#5762=DIRECTION('',(-0.0,0.0,1.0));
#5763=DIRECTION('',(0.0,1.0,0.0));
#5764=ORIENTED_EDGE('',*,*,#7160,.T.);
#5765=ORIENTED_EDGE('',*,*,#8030,.T.);
#5766=ORIENTED_EDGE('',*,*,#8031,.F.);
#5767=ORIENTED_EDGE('',*,*,#8032,.F.);
#5768=ORIENTED_EDGE('',*,*,#7156,.T.);
#5769=ORIENTED_EDGE('',*,*,#8033,.T.);
#5770=ORIENTED_EDGE('',*,*,#7611,.F.);
#5771=ORIENTED_EDGE('',*,*,#8029,.F.);
#5772=CARTESIAN_POINT('',(2.595,3.89,-0.4));
#5773=DIRECTION('',(-0.0,1.0,0.0));
#5774=DIRECTION('',(1.0,0.0,0.0));
#5775=ORIENTED_EDGE('',*,*,#8033,.F.);
#5776=ORIENTED_EDGE('',*,*,#7155,.F.);
#5777=ORIENTED_EDGE('',*,*,#8034,.T.);
#5778=ORIENTED_EDGE('',*,*,#7612,.F.);
#5779=CARTESIAN_POINT('',(-2.439662314071,3.51,20.46652));
#5780=DIRECTION('',(0.0,0.0,1.0));
#5781=DIRECTION('',(-0.700509011692493,0.713643555661793,0.0));
#5782=ORIENTED_EDGE('',*,*,#7613,.F.);
#5783=ORIENTED_EDGE('',*,*,#8034,.F.);
#5784=ORIENTED_EDGE('',*,*,#7174,.T.);
#5785=ORIENTED_EDGE('',*,*,#8035,.T.);
#5786=CARTESIAN_POINT('',(-2.595,3.89,-0.4));
#5787=DIRECTION('',(-0.700509011692493,0.713643555661793,0.0));
#5788=DIRECTION('',(0.0,0.0,1.0));
#5789=ORIENTED_EDGE('',*,*,#8035,.F.);
#5790=ORIENTED_EDGE('',*,*,#7173,.F.);
#5791=ORIENTED_EDGE('',*,*,#8036,.T.);
#5792=ORIENTED_EDGE('',*,*,#7614,.F.);
#5793=CARTESIAN_POINT('',(-3.845,2.130527424855,20.46652));
#5794=DIRECTION('',(0.0,0.0,1.0));
#5795=DIRECTION('',(-1.0,0.0,0.0));
#5796=ORIENTED_EDGE('',*,*,#7172,.T.);
#5797=ORIENTED_EDGE('',*,*,#7597,.T.);
#5798=ORIENTED_EDGE('',*,*,#7615,.F.);
#5799=ORIENTED_EDGE('',*,*,#8036,.F.);
#5800=CARTESIAN_POINT('',(-4.225,2.29,-0.4));
#5801=DIRECTION('',(-1.0,0.0,0.0));
#5802=DIRECTION('',(0.0,0.0,1.0));
#5803=ORIENTED_EDGE('',*,*,#8032,.T.);
#5804=ORIENTED_EDGE('',*,*,#8037,.T.);
#5805=ORIENTED_EDGE('',*,*,#8038,.F.);
#5806=ORIENTED_EDGE('',*,*,#8039,.F.);
#5807=ORIENTED_EDGE('',*,*,#7157,.F.);
#5808=CARTESIAN_POINT('',(-1.25,0.0,0.0));
#5809=DIRECTION('',(1.0,0.0,0.0));
#5810=DIRECTION('',(0.0,1.0,0.0));
#5811=ORIENTED_EDGE('',*,*,#8039,.T.);
#5812=ORIENTED_EDGE('',*,*,#8040,.F.);
#5813=ORIENTED_EDGE('',*,*,#8041,.F.);
#5814=ORIENTED_EDGE('',*,*,#7158,.F.);
#5815=CARTESIAN_POINT('',(-1.25,4.27,-0.5196152422707));
#5816=DIRECTION('',(0.0,0.866025403784429,-0.500000000000017));
#5817=DIRECTION('',(-1.0,0.0,0.0));
#5818=ORIENTED_EDGE('',*,*,#8041,.T.);
#5819=ORIENTED_EDGE('',*,*,#8042,.T.);
#5820=ORIENTED_EDGE('',*,*,#8043,.F.);
#5821=ORIENTED_EDGE('',*,*,#8030,.F.);
#5822=ORIENTED_EDGE('',*,*,#7159,.T.);
#5823=CARTESIAN_POINT('',(1.25,0.0,0.0));
#5824=DIRECTION('',(1.0,0.0,0.0));
#5825=DIRECTION('',(0.0,1.0,0.0));
#5826=ORIENTED_EDGE('',*,*,#8043,.T.);
#5827=ORIENTED_EDGE('',*,*,#8044,.T.);
#5828=ORIENTED_EDGE('',*,*,#8037,.F.);
#5829=ORIENTED_EDGE('',*,*,#8031,.T.);
#5830=CARTESIAN_POINT('',(-1.25,3.89,-4.3));
#5831=DIRECTION('',(0.0,0.0,-1.0));
#5832=DIRECTION('',(0.0,-1.0,0.0));
#5833=ORIENTED_EDGE('',*,*,#8044,.F.);
#5834=ORIENTED_EDGE('',*,*,#8042,.F.);
#5835=ORIENTED_EDGE('',*,*,#8040,.T.);
#5836=ORIENTED_EDGE('',*,*,#8038,.T.);
#5837=CARTESIAN_POINT('',(-1.25,4.27,-4.3));
#5838=DIRECTION('',(-0.0,1.0,0.0));
#5839=DIRECTION('',(1.0,0.0,0.0));
#5840=ORIENTED_EDGE('',*,*,#7624,.F.);
#5841=ORIENTED_EDGE('',*,*,#8045,.F.);
#5842=ORIENTED_EDGE('',*,*,#7164,.T.);
#5843=ORIENTED_EDGE('',*,*,#8026,.T.);
#5844=CARTESIAN_POINT('',(4.225,1.45,-0.4));
#5845=DIRECTION('',(1.0,0.0,0.0));
#5846=DIRECTION('',(0.0,1.0,0.0));
#5847=ORIENTED_EDGE('',*,*,#8045,.T.);
#5848=ORIENTED_EDGE('',*,*,#7623,.F.);
#5849=ORIENTED_EDGE('',*,*,#8046,.F.);
#5850=ORIENTED_EDGE('',*,*,#7604,.F.);
#5851=ORIENTED_EDGE('',*,*,#7313,.F.);
#5852=ORIENTED_EDGE('',*,*,#7165,.F.);
#5853=CARTESIAN_POINT('',(4.845,1.45,-0.4));
#5854=DIRECTION('',(-0.0,1.0,0.0));
#5855=DIRECTION('',(1.0,0.0,0.0));
#5856=ORIENTED_EDGE('',*,*,#8046,.T.);
#5857=ORIENTED_EDGE('',*,*,#7622,.F.);
#5858=ORIENTED_EDGE('',*,*,#8047,.F.);
#5859=ORIENTED_EDGE('',*,*,#7605,.T.);
#5860=CARTESIAN_POINT('',(4.845,-3.05,-0.4));
#5861=DIRECTION('',(1.0,0.0,0.0));
#5862=DIRECTION('',(0.0,1.0,0.0));
#5863=ORIENTED_EDGE('',*,*,#7621,.F.);
#5864=ORIENTED_EDGE('',*,*,#8048,.F.);
#5865=ORIENTED_EDGE('',*,*,#7179,.F.);
#5866=ORIENTED_EDGE('',*,*,#7315,.T.);
#5867=ORIENTED_EDGE('',*,*,#7606,.F.);
#5868=ORIENTED_EDGE('',*,*,#8047,.T.);
#5869=CARTESIAN_POINT('',(4.225,-3.05,-0.4));
#5870=DIRECTION('',(0.0,-1.0,0.0));
#5871=DIRECTION('',(0.0,0.0,-1.0));
#5872=ORIENTED_EDGE('',*,*,#7180,.T.);
#5873=ORIENTED_EDGE('',*,*,#8048,.T.);
#5874=ORIENTED_EDGE('',*,*,#7620,.F.);
#5875=ORIENTED_EDGE('',*,*,#8049,.F.);
#5876=CARTESIAN_POINT('',(4.225,-3.89,-0.4));
#5877=DIRECTION('',(1.0,0.0,0.0));
#5878=DIRECTION('',(0.0,1.0,0.0));
#5879=ORIENTED_EDGE('',*,*,#8050,.F.);
#5880=ORIENTED_EDGE('',*,*,#7181,.F.);
#5881=ORIENTED_EDGE('',*,*,#8049,.T.);
#5882=ORIENTED_EDGE('',*,*,#7619,.F.);
#5883=CARTESIAN_POINT('',(3.845,-3.51,20.46652));
#5884=DIRECTION('',(-0.0,0.0,1.0));
#5885=DIRECTION('',(1.0,0.0,0.0));
#5886=ORIENTED_EDGE('',*,*,#7618,.F.);
#5887=ORIENTED_EDGE('',*,*,#8051,.F.);
#5888=ORIENTED_EDGE('',*,*,#7182,.T.);
#5889=ORIENTED_EDGE('',*,*,#8050,.T.);
#5890=CARTESIAN_POINT('',(-4.225,-3.89,-0.4));
#5891=DIRECTION('',(0.0,-1.0,0.0));
#5892=DIRECTION('',(0.0,0.0,-1.0));
#5893=ORIENTED_EDGE('',*,*,#8052,.F.);
#5894=ORIENTED_EDGE('',*,*,#7183,.F.);
#5895=ORIENTED_EDGE('',*,*,#8051,.T.);
#5896=ORIENTED_EDGE('',*,*,#7617,.F.);
#5897=CARTESIAN_POINT('',(-3.845,-3.51,20.46652));
#5898=DIRECTION('',(-0.0,0.0,1.0));
#5899=DIRECTION('',(0.0,-1.0,0.0));
#5900=ORIENTED_EDGE('',*,*,#7616,.F.);
#5901=ORIENTED_EDGE('',*,*,#7607,.F.);
#5902=ORIENTED_EDGE('',*,*,#7184,.T.);
#5903=ORIENTED_EDGE('',*,*,#8052,.T.);
#5904=CARTESIAN_POINT('',(-4.225,-3.05,-0.4));
#5905=DIRECTION('',(-1.0,0.0,0.0));
#5906=DIRECTION('',(0.0,0.0,1.0));
#5907=ORIENTED_EDGE('',*,*,#7316,.T.);
#5908=ORIENTED_EDGE('',*,*,#7177,.F.);
#5909=ORIENTED_EDGE('',*,*,#7344,.F.);
#5910=ORIENTED_EDGE('',*,*,#7118,.T.);
#5911=ORIENTED_EDGE('',*,*,#7043,.F.);
#5912=ORIENTED_EDGE('',*,*,#8053,.F.);
#5913=ORIENTED_EDGE('',*,*,#8054,.T.);
#5914=ORIENTED_EDGE('',*,*,#7115,.T.);
#5915=CARTESIAN_POINT('',(6.015,-4.932,0.0));
#5916=DIRECTION('',(0.0,-1.0,0.0));
#5917=DIRECTION('',(0.0,0.0,-1.0));
#5918=ORIENTED_EDGE('',*,*,#8055,.T.);
#5919=ORIENTED_EDGE('',*,*,#6907,.T.);
#5920=ORIENTED_EDGE('',*,*,#8056,.F.);
#5921=ORIENTED_EDGE('',*,*,#8057,.F.);
#5922=ORIENTED_EDGE('',*,*,#8058,.T.);
#5923=ORIENTED_EDGE('',*,*,#7116,.T.);
#5924=ORIENTED_EDGE('',*,*,#8054,.F.);
#5925=ORIENTED_EDGE('',*,*,#8059,.F.);
#5926=ORIENTED_EDGE('',*,*,#8060,.T.);
#5927=ORIENTED_EDGE('',*,*,#8061,.T.);
#5928=ORIENTED_EDGE('',*,*,#6919,.T.);
#5929=ORIENTED_EDGE('',*,*,#8062,.F.);
#5930=ORIENTED_EDGE('',*,*,#8063,.T.);
#5931=ORIENTED_EDGE('',*,*,#8064,.T.);
#5932=ORIENTED_EDGE('',*,*,#7066,.T.);
#5933=ORIENTED_EDGE('',*,*,#7070,.T.);
#5934=ORIENTED_EDGE('',*,*,#7074,.T.);
#5935=ORIENTED_EDGE('',*,*,#7078,.T.);
#5936=ORIENTED_EDGE('',*,*,#7082,.T.);
#5937=ORIENTED_EDGE('',*,*,#7086,.T.);
#5938=ORIENTED_EDGE('',*,*,#7088,.T.);
#5939=ORIENTED_EDGE('',*,*,#7061,.T.);
#5940=ORIENTED_EDGE('',*,*,#7009,.T.);
#5941=ORIENTED_EDGE('',*,*,#7014,.T.);
#5942=ORIENTED_EDGE('',*,*,#7019,.T.);
#5943=ORIENTED_EDGE('',*,*,#7024,.T.);
#5944=ORIENTED_EDGE('',*,*,#7029,.T.);
#5945=ORIENTED_EDGE('',*,*,#7034,.T.);
#5946=ORIENTED_EDGE('',*,*,#7037,.T.);
#5947=ORIENTED_EDGE('',*,*,#7003,.T.);
#5948=CARTESIAN_POINT('',(5.697,5.8,0.0));
#5949=DIRECTION('',(1.0,0.0,0.0));
#5950=DIRECTION('',(0.0,1.0,0.0));
#5951=ORIENTED_EDGE('',*,*,#8065,.T.);
#5952=ORIENTED_EDGE('',*,*,#6980,.F.);
#5953=ORIENTED_EDGE('',*,*,#6925,.T.);
#5954=ORIENTED_EDGE('',*,*,#8066,.T.);
#5955=ORIENTED_EDGE('',*,*,#8067,.T.);
#5956=ORIENTED_EDGE('',*,*,#8068,.T.);
#5957=ORIENTED_EDGE('',*,*,#8069,.T.);
#5958=ORIENTED_EDGE('',*,*,#8070,.T.);
#5959=ORIENTED_EDGE('',*,*,#8071,.T.);
#5960=ORIENTED_EDGE('',*,*,#8072,.T.);
#5961=ORIENTED_EDGE('',*,*,#8073,.T.);
#5962=ORIENTED_EDGE('',*,*,#8074,.T.);
#5963=ORIENTED_EDGE('',*,*,#8075,.T.);
#5964=ORIENTED_EDGE('',*,*,#8076,.T.);
#5965=ORIENTED_EDGE('',*,*,#8077,.T.);
#5966=ORIENTED_EDGE('',*,*,#8078,.T.);
#5967=ORIENTED_EDGE('',*,*,#6931,.T.);
#5968=ORIENTED_EDGE('',*,*,#7049,.T.);
#5969=CARTESIAN_POINT('',(7.218,0.95,-1.32));
#5970=DIRECTION('',(0.0,-1.0,0.0));
#5971=DIRECTION('',(0.0,0.0,-1.0));
#5972=ORIENTED_EDGE('',*,*,#8079,.T.);
#5973=ORIENTED_EDGE('',*,*,#8064,.F.);
#5974=ORIENTED_EDGE('',*,*,#8080,.T.);
#5975=ORIENTED_EDGE('',*,*,#6899,.T.);
#5976=ORIENTED_EDGE('',*,*,#8081,.T.);
#5977=ORIENTED_EDGE('',*,*,#8082,.T.);
#5978=ORIENTED_EDGE('',*,*,#8083,.T.);
#5979=ORIENTED_EDGE('',*,*,#8084,.T.);
#5980=ORIENTED_EDGE('',*,*,#8085,.T.);
#5981=ORIENTED_EDGE('',*,*,#8086,.T.);
#5982=ORIENTED_EDGE('',*,*,#8087,.T.);
#5983=ORIENTED_EDGE('',*,*,#8088,.T.);
#5984=ORIENTED_EDGE('',*,*,#8089,.T.);
#5985=ORIENTED_EDGE('',*,*,#8090,.T.);
#5986=ORIENTED_EDGE('',*,*,#8091,.T.);
#5987=ORIENTED_EDGE('',*,*,#6893,.T.);
#5988=ORIENTED_EDGE('',*,*,#8092,.T.);
#5989=ORIENTED_EDGE('',*,*,#7092,.T.);
#5990=CARTESIAN_POINT('',(7.218,0.95,-1.32));
#5991=DIRECTION('',(0.0,-1.0,0.0));
#5992=DIRECTION('',(0.0,0.0,-1.0));
#5993=ORIENTED_EDGE('',*,*,#6928,.T.);
#5994=ORIENTED_EDGE('',*,*,#8078,.F.);
#5995=ORIENTED_EDGE('',*,*,#8093,.F.);
#5996=ORIENTED_EDGE('',*,*,#8094,.T.);
#5997=CARTESIAN_POINT('',(-5.195,-2.55,-1.32));
#5998=DIRECTION('',(0.0,-1.0,-0.0));
#5999=DIRECTION('',(0.0,0.0,-1.0));
#6000=ORIENTED_EDGE('',*,*,#6922,.F.);
#6001=ORIENTED_EDGE('',*,*,#7039,.F.);
#6002=ORIENTED_EDGE('',*,*,#6929,.F.);
#6003=ORIENTED_EDGE('',*,*,#8094,.F.);
#6004=ORIENTED_EDGE('',*,*,#8095,.F.);
#6005=ORIENTED_EDGE('',*,*,#8096,.F.);
#6006=ORIENTED_EDGE('',*,*,#8097,.F.);
#6007=ORIENTED_EDGE('',*,*,#8098,.F.);
#6008=ORIENTED_EDGE('',*,*,#8099,.F.);
#6009=ORIENTED_EDGE('',*,*,#8100,.F.);
#6010=ORIENTED_EDGE('',*,*,#8101,.F.);
#6011=ORIENTED_EDGE('',*,*,#8102,.F.);
#6012=ORIENTED_EDGE('',*,*,#8103,.F.);
#6013=ORIENTED_EDGE('',*,*,#8104,.F.);
#6014=ORIENTED_EDGE('',*,*,#8105,.F.);
#6015=ORIENTED_EDGE('',*,*,#8106,.F.);
#6016=ORIENTED_EDGE('',*,*,#6927,.F.);
#6017=ORIENTED_EDGE('',*,*,#6979,.F.);
#6018=CARTESIAN_POINT('',(7.218,-2.55,-2.25));
#6019=DIRECTION('',(-0.0,1.0,0.0));
#6020=DIRECTION('',(1.0,0.0,0.0));
#6021=ORIENTED_EDGE('',*,*,#6918,.F.);
#6022=ORIENTED_EDGE('',*,*,#7094,.T.);
#6023=ORIENTED_EDGE('',*,*,#8107,.F.);
#6024=ORIENTED_EDGE('',*,*,#6895,.F.);
#6025=ORIENTED_EDGE('',*,*,#8108,.F.);
#6026=ORIENTED_EDGE('',*,*,#8109,.F.);
#6027=ORIENTED_EDGE('',*,*,#8110,.F.);
#6028=ORIENTED_EDGE('',*,*,#8111,.F.);
#6029=ORIENTED_EDGE('',*,*,#8112,.F.);
#6030=ORIENTED_EDGE('',*,*,#8113,.F.);
#6031=ORIENTED_EDGE('',*,*,#8114,.F.);
#6032=ORIENTED_EDGE('',*,*,#8115,.F.);
#6033=ORIENTED_EDGE('',*,*,#8116,.F.);
#6034=ORIENTED_EDGE('',*,*,#8117,.F.);
#6035=ORIENTED_EDGE('',*,*,#8118,.F.);
#6036=ORIENTED_EDGE('',*,*,#6897,.F.);
#6037=ORIENTED_EDGE('',*,*,#8119,.F.);
#6038=ORIENTED_EDGE('',*,*,#8062,.T.);
#6039=CARTESIAN_POINT('',(7.218,-2.55,-2.25));
#6040=DIRECTION('',(-0.0,1.0,0.0));
#6041=DIRECTION('',(1.0,0.0,0.0));
#6042=ORIENTED_EDGE('',*,*,#6924,.T.);
#6043=ORIENTED_EDGE('',*,*,#8106,.T.);
#6044=ORIENTED_EDGE('',*,*,#8120,.T.);
#6045=ORIENTED_EDGE('',*,*,#8066,.F.);
#6046=CARTESIAN_POINT('',(-5.195,-2.55,-1.32));
#6047=DIRECTION('',(0.0,-1.0,-0.0));
#6048=DIRECTION('',(0.0,0.0,-1.0));
#6049=ORIENTED_EDGE('',*,*,#8121,.T.);
#6050=ORIENTED_EDGE('',*,*,#8067,.F.);
#6051=ORIENTED_EDGE('',*,*,#8120,.F.);
#6052=ORIENTED_EDGE('',*,*,#8105,.T.);
#6053=CARTESIAN_POINT('',(-4.375,-2.55,-1.32));
#6054=DIRECTION('',(1.0,0.0,0.0));
#6055=DIRECTION('',(0.0,1.0,0.0));
#6056=ORIENTED_EDGE('',*,*,#8122,.T.);
#6057=ORIENTED_EDGE('',*,*,#8068,.F.);
#6058=ORIENTED_EDGE('',*,*,#8121,.F.);
#6059=ORIENTED_EDGE('',*,*,#8104,.T.);
#6060=CARTESIAN_POINT('',(-3.695,-2.55,-2.5));
#6061=DIRECTION('',(0.0,-1.0,-0.0));
#6062=DIRECTION('',(0.0,0.0,-1.0));
#6063=ORIENTED_EDGE('',*,*,#8123,.T.);
#6064=ORIENTED_EDGE('',*,*,#8069,.F.);
#6065=ORIENTED_EDGE('',*,*,#8122,.F.);
#6066=ORIENTED_EDGE('',*,*,#8103,.T.);
#6067=CARTESIAN_POINT('',(-4.319382122009,-2.55,-2.769345439382));
#6068=DIRECTION('',(0.918209002953967,0.0,0.396096234385386));
#6069=DIRECTION('',(0.0,-1.0,0.0));
#6070=ORIENTED_EDGE('',*,*,#8124,.T.);
#6071=ORIENTED_EDGE('',*,*,#8070,.F.);
#6072=ORIENTED_EDGE('',*,*,#8123,.F.);
#6073=ORIENTED_EDGE('',*,*,#8102,.T.);
#6074=CARTESIAN_POINT('',(-4.11,-2.55,-4.82));
#6075=DIRECTION('',(0.0,-1.0,-0.0));
#6076=DIRECTION('',(0.0,0.0,-1.0));
#6077=ORIENTED_EDGE('',*,*,#8125,.T.);
#6078=ORIENTED_EDGE('',*,*,#8071,.F.);
#6079=ORIENTED_EDGE('',*,*,#8124,.F.);
#6080=ORIENTED_EDGE('',*,*,#8101,.T.);
#6081=CARTESIAN_POINT('',(-3.8,-2.55,-5.356935750346));
#6082=DIRECTION('',(0.500000000000017,0.0,-0.866025403784429));
#6083=DIRECTION('',(0.0,-1.0,0.0));
#6084=ORIENTED_EDGE('',*,*,#8126,.T.);
#6085=ORIENTED_EDGE('',*,*,#8072,.F.);
#6086=ORIENTED_EDGE('',*,*,#8125,.F.);
#6087=ORIENTED_EDGE('',*,*,#8100,.T.);
#6088=CARTESIAN_POINT('',(-3.943871500693,-2.55,-5.44));
#6089=DIRECTION('',(-0.866025403784429,0.0,-0.500000000000017));
#6090=DIRECTION('',(-0.500000000000017,0.0,0.866025403784429));
#6091=ORIENTED_EDGE('',*,*,#8127,.T.);
#6092=ORIENTED_EDGE('',*,*,#8073,.F.);
#6093=ORIENTED_EDGE('',*,*,#8126,.F.);
#6094=ORIENTED_EDGE('',*,*,#8099,.T.);
#6095=CARTESIAN_POINT('',(-4.102871500693,-2.55,-5.164603921597));
#6096=DIRECTION('',(-0.500000000000017,0.0,0.866025403784429));
#6097=DIRECTION('',(0.0,1.0,0.0));
#6098=ORIENTED_EDGE('',*,*,#8128,.T.);
#6099=ORIENTED_EDGE('',*,*,#8074,.F.);
#6100=ORIENTED_EDGE('',*,*,#8127,.F.);
#6101=ORIENTED_EDGE('',*,*,#8098,.T.);
#6102=CARTESIAN_POINT('',(-4.11,-2.55,-4.82));
#6103=DIRECTION('',(0.0,-1.0,-0.0));
#6104=DIRECTION('',(0.0,0.0,-1.0));
#6105=ORIENTED_EDGE('',*,*,#8129,.T.);
#6106=ORIENTED_EDGE('',*,*,#8075,.F.);
#6107=ORIENTED_EDGE('',*,*,#8128,.F.);
#6108=ORIENTED_EDGE('',*,*,#8097,.T.);
#6109=CARTESIAN_POINT('',(-3.832700881108,-2.55,-4.700378937216));
#6110=DIRECTION('',(-0.918209002953967,0.0,-0.396096234385386));
#6111=DIRECTION('',(-0.396096234385386,0.0,0.918209002953967));
#6112=ORIENTED_EDGE('',*,*,#8130,.T.);
#6113=ORIENTED_EDGE('',*,*,#8076,.F.);
#6114=ORIENTED_EDGE('',*,*,#8129,.F.);
#6115=ORIENTED_EDGE('',*,*,#8096,.T.);
#6116=CARTESIAN_POINT('',(-3.695,-2.55,-2.5));
#6117=DIRECTION('',(0.0,-1.0,-0.0));
#6118=DIRECTION('',(0.0,0.0,-1.0));
#6119=ORIENTED_EDGE('',*,*,#8093,.T.);
#6120=ORIENTED_EDGE('',*,*,#8077,.F.);
#6121=ORIENTED_EDGE('',*,*,#8130,.F.);
#6122=ORIENTED_EDGE('',*,*,#8095,.T.);
#6123=CARTESIAN_POINT('',(-4.693,-2.55,-2.5));
#6124=DIRECTION('',(-1.0,0.0,0.0));
#6125=DIRECTION('',(0.0,0.0,1.0));
#6126=ORIENTED_EDGE('',*,*,#6920,.T.);
#6127=ORIENTED_EDGE('',*,*,#6978,.F.);
#6128=ORIENTED_EDGE('',*,*,#8131,.F.);
#6129=ORIENTED_EDGE('',*,*,#7040,.T.);
#6130=CARTESIAN_POINT('',(7.218,-2.8,-2.25));
#6131=DIRECTION('',(-1.0,0.0,-0.0));
#6132=DIRECTION('',(0.0,0.0,-1.0));
#6133=ORIENTED_EDGE('',*,*,#6916,.T.);
#6134=ORIENTED_EDGE('',*,*,#8061,.F.);
#6135=ORIENTED_EDGE('',*,*,#8132,.F.);
#6136=ORIENTED_EDGE('',*,*,#7095,.T.);
#6137=CARTESIAN_POINT('',(7.218,-2.8,-2.25));
#6138=DIRECTION('',(-1.0,0.0,-0.0));
#6139=DIRECTION('',(0.0,0.0,-1.0));
#6140=ORIENTED_EDGE('',*,*,#8132,.T.);
#6141=ORIENTED_EDGE('',*,*,#8060,.F.);
#6142=ORIENTED_EDGE('',*,*,#8133,.F.);
#6143=ORIENTED_EDGE('',*,*,#8134,.F.);
#6144=ORIENTED_EDGE('',*,*,#6963,.T.);
#6145=ORIENTED_EDGE('',*,*,#7096,.F.);
#6146=CARTESIAN_POINT('',(-6.015,-3.05,0.0));
#6147=DIRECTION('',(0.0,-1.0,0.0));
#6148=DIRECTION('',(0.0,0.0,-1.0));
#6149=ORIENTED_EDGE('',*,*,#6969,.F.);
#6150=ORIENTED_EDGE('',*,*,#8135,.T.);
#6151=ORIENTED_EDGE('',*,*,#8136,.T.);
#6152=ORIENTED_EDGE('',*,*,#7041,.T.);
#6153=ORIENTED_EDGE('',*,*,#8131,.T.);
#6154=ORIENTED_EDGE('',*,*,#6977,.F.);
#6155=CARTESIAN_POINT('',(-6.015,-3.05,0.0));
#6156=DIRECTION('',(0.0,-1.0,0.0));
#6157=DIRECTION('',(0.0,0.0,-1.0));
#6158=ORIENTED_EDGE('',*,*,#8134,.T.);
#6159=ORIENTED_EDGE('',*,*,#8137,.F.);
#6160=ORIENTED_EDGE('',*,*,#8138,.F.);
#6161=ORIENTED_EDGE('',*,*,#6964,.T.);
#6162=CARTESIAN_POINT('',(4.575,-3.995,0.0));
#6163=DIRECTION('',(1.0,0.0,0.0));
#6164=DIRECTION('',(0.0,1.0,0.0));
#6165=ORIENTED_EDGE('',*,*,#8138,.T.);
#6166=ORIENTED_EDGE('',*,*,#8139,.F.);
#6167=ORIENTED_EDGE('',*,*,#8140,.F.);
#6168=ORIENTED_EDGE('',*,*,#6965,.T.);
#6169=CARTESIAN_POINT('',(4.325,-3.995,0.0));
#6170=DIRECTION('',(0.0,0.0,-1.0));
#6171=DIRECTION('',(1.0,0.0,0.0));
#6172=ORIENTED_EDGE('',*,*,#8140,.T.);
#6173=ORIENTED_EDGE('',*,*,#8141,.F.);
#6174=ORIENTED_EDGE('',*,*,#8142,.F.);
#6175=ORIENTED_EDGE('',*,*,#6966,.T.);
#6176=CARTESIAN_POINT('',(-4.325,-4.245,0.0));
#6177=DIRECTION('',(0.0,-1.0,0.0));
#6178=DIRECTION('',(0.0,0.0,-1.0));
#6179=ORIENTED_EDGE('',*,*,#8142,.T.);
#6180=ORIENTED_EDGE('',*,*,#8143,.F.);
#6181=ORIENTED_EDGE('',*,*,#8144,.F.);
#6182=ORIENTED_EDGE('',*,*,#6967,.T.);
#6183=CARTESIAN_POINT('',(-4.325,-3.995,0.0));
#6184=DIRECTION('',(0.0,0.0,-1.0));
#6185=DIRECTION('',(1.0,0.0,0.0));
#6186=ORIENTED_EDGE('',*,*,#8144,.T.);
#6187=ORIENTED_EDGE('',*,*,#8145,.F.);
#6188=ORIENTED_EDGE('',*,*,#8135,.F.);
#6189=ORIENTED_EDGE('',*,*,#6968,.T.);
#6190=CARTESIAN_POINT('',(-4.575,-3.05,0.0));
#6191=DIRECTION('',(-1.0,0.0,0.0));
#6192=DIRECTION('',(0.0,0.0,1.0));
#6193=ORIENTED_EDGE('',*,*,#8145,.T.);
#6194=ORIENTED_EDGE('',*,*,#8143,.T.);
#6195=ORIENTED_EDGE('',*,*,#8141,.T.);
#6196=ORIENTED_EDGE('',*,*,#8139,.T.);
#6197=ORIENTED_EDGE('',*,*,#8137,.T.);
#6198=ORIENTED_EDGE('',*,*,#8133,.T.);
#6199=ORIENTED_EDGE('',*,*,#8059,.T.);
#6200=ORIENTED_EDGE('',*,*,#8053,.T.);
#6201=ORIENTED_EDGE('',*,*,#7042,.T.);
#6202=ORIENTED_EDGE('',*,*,#8136,.F.);
#6203=CARTESIAN_POINT('',(0.0,0.0,-0.318));
#6204=DIRECTION('',(0.0,0.0,-1.0));
#6205=DIRECTION('',(0.0,-1.0,0.0));
#6206=ORIENTED_EDGE('',*,*,#8146,.T.);
#6207=ORIENTED_EDGE('',*,*,#8057,.T.);
#6208=ORIENTED_EDGE('',*,*,#8147,.F.);
#6209=ORIENTED_EDGE('',*,*,#8148,.T.);
#6210=ORIENTED_EDGE('',*,*,#8149,.T.);
#6211=ORIENTED_EDGE('',*,*,#8150,.T.);
#6212=ORIENTED_EDGE('',*,*,#8151,.T.);
#6213=ORIENTED_EDGE('',*,*,#8152,.T.);
#6214=ORIENTED_EDGE('',*,*,#8153,.T.);
#6215=CARTESIAN_POINT('',(0.0,0.0,-0.318));
#6216=DIRECTION('',(0.0,0.0,-1.0));
#6217=DIRECTION('',(0.0,-1.0,0.0));
#6218=ORIENTED_EDGE('',*,*,#8154,.T.);
#6219=ORIENTED_EDGE('',*,*,#8155,.T.);
#6220=ORIENTED_EDGE('',*,*,#8156,.T.);
#6221=ORIENTED_EDGE('',*,*,#8157,.T.);
#6222=ORIENTED_EDGE('',*,*,#8158,.T.);
#6223=ORIENTED_EDGE('',*,*,#8159,.T.);
#6224=ORIENTED_EDGE('',*,*,#7046,.T.);
#6225=ORIENTED_EDGE('',*,*,#8160,.T.);
#6226=ORIENTED_EDGE('',*,*,#8161,.F.);
#6227=CARTESIAN_POINT('',(0.0,0.0,-0.318));
#6228=DIRECTION('',(0.0,0.0,-1.0));
#6229=DIRECTION('',(0.0,-1.0,0.0));
#6230=ORIENTED_EDGE('',*,*,#8162,.F.);
#6231=ORIENTED_EDGE('',*,*,#6951,.T.);
#6232=ORIENTED_EDGE('',*,*,#7108,.F.);
#6233=ORIENTED_EDGE('',*,*,#6902,.T.);
#6234=ORIENTED_EDGE('',*,*,#8163,.F.);
#6235=ORIENTED_EDGE('',*,*,#8153,.F.);
#6236=CARTESIAN_POINT('',(1.25,4.245,0.0));
#6237=DIRECTION('',(1.0,0.0,0.0));
#6238=DIRECTION('',(0.0,1.0,0.0));
#6239=ORIENTED_EDGE('',*,*,#8164,.F.);
#6240=ORIENTED_EDGE('',*,*,#8165,.T.);
#6241=ORIENTED_EDGE('',*,*,#6913,.T.);
#6242=ORIENTED_EDGE('',*,*,#8166,.T.);
#6243=ORIENTED_EDGE('',*,*,#8167,.F.);
#6244=ORIENTED_EDGE('',*,*,#8160,.F.);
#6245=ORIENTED_EDGE('',*,*,#7045,.T.);
#6246=ORIENTED_EDGE('',*,*,#7117,.T.);
#6247=ORIENTED_EDGE('',*,*,#8058,.F.);
#6248=ORIENTED_EDGE('',*,*,#8146,.F.);
#6249=ORIENTED_EDGE('',*,*,#8163,.T.);
#6250=ORIENTED_EDGE('',*,*,#6901,.T.);
#6251=ORIENTED_EDGE('',*,*,#8168,.T.);
#6252=ORIENTED_EDGE('',*,*,#8169,.F.);
#6253=CARTESIAN_POINT('',(-6.015,5.482,0.0));
#6254=DIRECTION('',(-0.0,1.0,0.0));
#6255=DIRECTION('',(1.0,0.0,0.0));
#6256=ORIENTED_EDGE('',*,*,#8170,.T.);
#6257=ORIENTED_EDGE('',*,*,#8171,.T.);
#6258=ORIENTED_EDGE('',*,*,#8172,.T.);
#6259=ORIENTED_EDGE('',*,*,#8173,.T.);
#6260=ORIENTED_EDGE('',*,*,#8174,.T.);
#6261=ORIENTED_EDGE('',*,*,#8175,.T.);
#6262=ORIENTED_EDGE('',*,*,#8176,.T.);
#6263=ORIENTED_EDGE('',*,*,#8177,.T.);
#6264=ORIENTED_EDGE('',*,*,#8178,.T.);
#6265=ORIENTED_EDGE('',*,*,#8169,.T.);
#6266=ORIENTED_EDGE('',*,*,#8179,.F.);
#6267=ORIENTED_EDGE('',*,*,#7106,.T.);
#6268=ORIENTED_EDGE('',*,*,#8180,.T.);
#6269=CARTESIAN_POINT('',(0.75,0.0,0.0));
#6270=DIRECTION('',(1.0,0.0,0.0));
#6271=DIRECTION('',(0.0,1.0,0.0));
#6272=ORIENTED_EDGE('',*,*,#8181,.T.);
#6273=ORIENTED_EDGE('',*,*,#8182,.T.);
#6274=ORIENTED_EDGE('',*,*,#8180,.F.);
#6275=ORIENTED_EDGE('',*,*,#7105,.F.);
#6276=CARTESIAN_POINT('',(-0.75,5.162,-0.638));
#6277=DIRECTION('',(-1.0,0.0,-0.0));
#6278=DIRECTION('',(0.0,0.0,-1.0));
#6279=ORIENTED_EDGE('',*,*,#8183,.T.);
#6280=ORIENTED_EDGE('',*,*,#8170,.F.);
#6281=ORIENTED_EDGE('',*,*,#8182,.F.);
#6282=ORIENTED_EDGE('',*,*,#8184,.T.);
#6283=CARTESIAN_POINT('',(-0.75,5.162,0.0));
#6284=DIRECTION('',(0.0,0.0,1.0));
#6285=DIRECTION('',(1.0,0.0,0.0));
#6286=ORIENTED_EDGE('',*,*,#8185,.F.);
#6287=ORIENTED_EDGE('',*,*,#8186,.F.);
#6288=ORIENTED_EDGE('',*,*,#8187,.F.);
#6289=ORIENTED_EDGE('',*,*,#8188,.F.);
#6290=ORIENTED_EDGE('',*,*,#8189,.F.);
#6291=ORIENTED_EDGE('',*,*,#8190,.F.);
#6292=ORIENTED_EDGE('',*,*,#8191,.F.);
#6293=ORIENTED_EDGE('',*,*,#8184,.F.);
#6294=ORIENTED_EDGE('',*,*,#8181,.F.);
#6295=ORIENTED_EDGE('',*,*,#7104,.T.);
#6296=ORIENTED_EDGE('',*,*,#6914,.T.);
#6297=ORIENTED_EDGE('',*,*,#8165,.F.);
#6298=ORIENTED_EDGE('',*,*,#8192,.F.);
#6299=CARTESIAN_POINT('',(-0.75,0.0,0.0));
#6300=DIRECTION('',(1.0,0.0,0.0));
#6301=DIRECTION('',(0.0,1.0,0.0));
#6302=ORIENTED_EDGE('',*,*,#8178,.F.);
#6303=ORIENTED_EDGE('',*,*,#8193,.F.);
#6304=ORIENTED_EDGE('',*,*,#8192,.T.);
#6305=ORIENTED_EDGE('',*,*,#8164,.T.);
#6306=CARTESIAN_POINT('',(-0.75,5.162,-0.638));
#6307=DIRECTION('',(-1.0,0.0,-0.0));
#6308=DIRECTION('',(0.0,0.0,-1.0));
#6309=ORIENTED_EDGE('',*,*,#8193,.T.);
#6310=ORIENTED_EDGE('',*,*,#8177,.F.);
#6311=ORIENTED_EDGE('',*,*,#8194,.F.);
#6312=ORIENTED_EDGE('',*,*,#8185,.T.);
#6313=CARTESIAN_POINT('',(-0.75,4.5267614196,-0.318));
#6314=DIRECTION('',(0.0,0.0,-1.0));
#6315=DIRECTION('',(0.0,-1.0,0.0));
#6316=ORIENTED_EDGE('',*,*,#8194,.T.);
#6317=ORIENTED_EDGE('',*,*,#8176,.F.);
#6318=ORIENTED_EDGE('',*,*,#8195,.F.);
#6319=ORIENTED_EDGE('',*,*,#8186,.T.);
#6320=CARTESIAN_POINT('',(-0.75,4.5267614196,-0.638));
#6321=DIRECTION('',(-1.0,0.0,-0.0));
#6322=DIRECTION('',(0.0,0.0,-1.0));
#6323=ORIENTED_EDGE('',*,*,#8195,.T.);
#6324=ORIENTED_EDGE('',*,*,#8175,.F.);
#6325=ORIENTED_EDGE('',*,*,#8196,.F.);
#6326=ORIENTED_EDGE('',*,*,#8187,.T.);
#6327=CARTESIAN_POINT('',(-0.75,-0.601263931351,-0.318));
#6328=DIRECTION('',(-1.0,0.0,-0.0));
#6329=DIRECTION('',(0.0,0.0,-1.0));
#6330=ORIENTED_EDGE('',*,*,#8196,.T.);
#6331=ORIENTED_EDGE('',*,*,#8174,.F.);
#6332=ORIENTED_EDGE('',*,*,#8197,.F.);
#6333=ORIENTED_EDGE('',*,*,#8188,.T.);
#6334=CARTESIAN_POINT('',(-0.75,3.381368852986,-2.662399789452));
#6335=DIRECTION('',(0.0,-0.79315573507157,-0.609018866639677));
#6336=DIRECTION('',(0.0,0.609018866639677,-0.79315573507157));
#6337=ORIENTED_EDGE('',*,*,#8197,.T.);
#6338=ORIENTED_EDGE('',*,*,#8173,.F.);
#6339=ORIENTED_EDGE('',*,*,#8198,.F.);
#6340=ORIENTED_EDGE('',*,*,#8189,.T.);
#6341=CARTESIAN_POINT('',(-0.75,3.54,-2.540596016124));
#6342=DIRECTION('',(-1.0,0.0,-0.0));
#6343=DIRECTION('',(0.0,0.0,-1.0));
#6344=ORIENTED_EDGE('',*,*,#8198,.T.);
#6345=ORIENTED_EDGE('',*,*,#8172,.F.);
#6346=ORIENTED_EDGE('',*,*,#8199,.F.);
#6347=ORIENTED_EDGE('',*,*,#8190,.T.);
#6348=CARTESIAN_POINT('',(-0.75,-0.601263931351,-0.318));
#6349=DIRECTION('',(-1.0,0.0,-0.0));
#6350=DIRECTION('',(0.0,0.0,-1.0));
#6351=ORIENTED_EDGE('',*,*,#8199,.T.);
#6352=ORIENTED_EDGE('',*,*,#8171,.F.);
#6353=ORIENTED_EDGE('',*,*,#8183,.F.);
#6354=ORIENTED_EDGE('',*,*,#8191,.T.);
#6355=CARTESIAN_POINT('',(-0.75,4.5267614196,-0.638));
#6356=DIRECTION('',(-1.0,0.0,-0.0));
#6357=DIRECTION('',(0.0,0.0,-1.0));
#6358=ORIENTED_EDGE('',*,*,#6912,.T.);
#6359=ORIENTED_EDGE('',*,*,#7103,.T.);
#6360=ORIENTED_EDGE('',*,*,#8200,.T.);
#6361=ORIENTED_EDGE('',*,*,#8166,.F.);
#6362=CARTESIAN_POINT('',(-1.0,5.8,-1.15));
#6363=DIRECTION('',(0.0,-1.0,0.0));
#6364=DIRECTION('',(0.0,0.0,1.0));
#6365=ORIENTED_EDGE('',*,*,#6947,.F.);
#6366=ORIENTED_EDGE('',*,*,#8201,.T.);
#6367=ORIENTED_EDGE('',*,*,#8161,.T.);
#6368=ORIENTED_EDGE('',*,*,#8167,.T.);
#6369=ORIENTED_EDGE('',*,*,#8200,.F.);
#6370=ORIENTED_EDGE('',*,*,#7102,.F.);
#6371=CARTESIAN_POINT('',(-1.25,5.8,0.0));
#6372=DIRECTION('',(-1.0,0.0,0.0));
#6373=DIRECTION('',(0.0,0.0,1.0));
#6374=ORIENTED_EDGE('',*,*,#8202,.T.);
#6375=ORIENTED_EDGE('',*,*,#8154,.F.);
#6376=ORIENTED_EDGE('',*,*,#8201,.F.);
#6377=ORIENTED_EDGE('',*,*,#6946,.T.);
#6378=CARTESIAN_POINT('',(-1.25,4.245,0.0));
#6379=DIRECTION('',(-0.0,1.0,0.0));
#6380=DIRECTION('',(1.0,0.0,0.0));
#6381=ORIENTED_EDGE('',*,*,#8203,.T.);
#6382=ORIENTED_EDGE('',*,*,#8155,.F.);
#6383=ORIENTED_EDGE('',*,*,#8202,.F.);
#6384=ORIENTED_EDGE('',*,*,#6945,.T.);
#6385=CARTESIAN_POINT('',(-2.745,3.995,0.0));
#6386=DIRECTION('',(0.0,0.0,-1.0));
#6387=DIRECTION('',(1.0,0.0,0.0));
#6388=ORIENTED_EDGE('',*,*,#8204,.T.);
#6389=ORIENTED_EDGE('',*,*,#8156,.F.);
#6390=ORIENTED_EDGE('',*,*,#8203,.F.);
#6391=ORIENTED_EDGE('',*,*,#6944,.T.);
#6392=CARTESIAN_POINT('',(-2.921776695297,4.171776695297,0.0));
#6393=DIRECTION('',(-0.707106781186548,0.707106781186548,0.0));
#6394=DIRECTION('',(0.0,0.0,1.0));
#6395=ORIENTED_EDGE('',*,*,#8205,.T.);
#6396=ORIENTED_EDGE('',*,*,#8157,.F.);
#6397=ORIENTED_EDGE('',*,*,#8204,.F.);
#6398=ORIENTED_EDGE('',*,*,#6943,.T.);
#6399=CARTESIAN_POINT('',(-4.325,2.415,0.0));
#6400=DIRECTION('',(0.0,0.0,-1.0));
#6401=DIRECTION('',(1.0,0.0,0.0));
#6402=ORIENTED_EDGE('',*,*,#8206,.T.);
#6403=ORIENTED_EDGE('',*,*,#8158,.F.);
#6404=ORIENTED_EDGE('',*,*,#8205,.F.);
#6405=ORIENTED_EDGE('',*,*,#6942,.T.);
#6406=CARTESIAN_POINT('',(-4.575,2.415,0.0));
#6407=DIRECTION('',(-1.0,0.0,0.0));
#6408=DIRECTION('',(0.0,0.0,1.0));
#6409=ORIENTED_EDGE('',*,*,#6910,.F.);
#6410=ORIENTED_EDGE('',*,*,#7047,.F.);
#6411=ORIENTED_EDGE('',*,*,#8159,.F.);
#6412=ORIENTED_EDGE('',*,*,#8206,.F.);
#6413=ORIENTED_EDGE('',*,*,#6941,.T.);
#6414=ORIENTED_EDGE('',*,*,#6982,.F.);
#6415=CARTESIAN_POINT('',(6.015,1.45,0.0));
#6416=DIRECTION('',(-0.0,1.0,0.0));
#6417=DIRECTION('',(1.0,0.0,0.0));
#6418=ORIENTED_EDGE('',*,*,#6957,.F.);
#6419=ORIENTED_EDGE('',*,*,#8207,.T.);
#6420=ORIENTED_EDGE('',*,*,#8147,.T.);
#6421=ORIENTED_EDGE('',*,*,#8056,.T.);
#6422=ORIENTED_EDGE('',*,*,#6906,.F.);
#6423=ORIENTED_EDGE('',*,*,#7090,.F.);
#6424=CARTESIAN_POINT('',(6.015,1.45,0.0));
#6425=DIRECTION('',(-0.0,1.0,0.0));
#6426=DIRECTION('',(1.0,0.0,0.0));
#6427=ORIENTED_EDGE('',*,*,#6908,.T.);
#6428=ORIENTED_EDGE('',*,*,#6981,.F.);
#6429=ORIENTED_EDGE('',*,*,#8065,.F.);
#6430=ORIENTED_EDGE('',*,*,#7048,.T.);
#6431=CARTESIAN_POINT('',(7.218,1.2,-2.25));
#6432=DIRECTION('',(-1.0,0.0,-0.0));
#6433=DIRECTION('',(0.0,0.0,-1.0));
#6434=ORIENTED_EDGE('',*,*,#6904,.T.);
#6435=ORIENTED_EDGE('',*,*,#8055,.F.);
#6436=ORIENTED_EDGE('',*,*,#8079,.F.);
#6437=ORIENTED_EDGE('',*,*,#7091,.T.);
#6438=CARTESIAN_POINT('',(7.218,1.2,-2.25));
#6439=DIRECTION('',(-1.0,0.0,-0.0));
#6440=DIRECTION('',(0.0,0.0,-1.0));
#6441=ORIENTED_EDGE('',*,*,#8208,.T.);
#6442=ORIENTED_EDGE('',*,*,#8148,.F.);
#6443=ORIENTED_EDGE('',*,*,#8207,.F.);
#6444=ORIENTED_EDGE('',*,*,#6956,.T.);
#6445=CARTESIAN_POINT('',(4.575,1.45,0.0));
#6446=DIRECTION('',(1.0,0.0,0.0));
#6447=DIRECTION('',(0.0,1.0,0.0));
#6448=ORIENTED_EDGE('',*,*,#8209,.T.);
#6449=ORIENTED_EDGE('',*,*,#8149,.F.);
#6450=ORIENTED_EDGE('',*,*,#8208,.F.);
#6451=ORIENTED_EDGE('',*,*,#6955,.T.);
#6452=CARTESIAN_POINT('',(4.325,2.415,0.0));
#6453=DIRECTION('',(0.0,0.0,-1.0));
#6454=DIRECTION('',(1.0,0.0,0.0));
#6455=ORIENTED_EDGE('',*,*,#8210,.T.);
#6456=ORIENTED_EDGE('',*,*,#8150,.F.);
#6457=ORIENTED_EDGE('',*,*,#8209,.F.);
#6458=ORIENTED_EDGE('',*,*,#6954,.T.);
#6459=CARTESIAN_POINT('',(4.501776695297,2.591776695297,0.0));
#6460=DIRECTION('',(0.707106781186548,0.707106781186548,0.0));
#6461=DIRECTION('',(0.0,0.0,-1.0));
#6462=ORIENTED_EDGE('',*,*,#8211,.T.);
#6463=ORIENTED_EDGE('',*,*,#8151,.F.);
#6464=ORIENTED_EDGE('',*,*,#8210,.F.);
#6465=ORIENTED_EDGE('',*,*,#6953,.T.);
#6466=CARTESIAN_POINT('',(2.745,3.995,0.0));
#6467=DIRECTION('',(0.0,0.0,-1.0));
#6468=DIRECTION('',(1.0,0.0,0.0));
#6469=ORIENTED_EDGE('',*,*,#8162,.T.);
#6470=ORIENTED_EDGE('',*,*,#8152,.F.);
#6471=ORIENTED_EDGE('',*,*,#8211,.F.);
#6472=ORIENTED_EDGE('',*,*,#6952,.T.);
#6473=CARTESIAN_POINT('',(2.745,4.245,0.0));
#6474=DIRECTION('',(-0.0,1.0,0.0));
#6475=DIRECTION('',(1.0,0.0,0.0));
#6476=ORIENTED_EDGE('',*,*,#6900,.T.);
#6477=ORIENTED_EDGE('',*,*,#7107,.T.);
#6478=ORIENTED_EDGE('',*,*,#8179,.T.);
#6479=ORIENTED_EDGE('',*,*,#8168,.F.);
#6480=CARTESIAN_POINT('',(1.0,5.8,-1.15));
#6481=DIRECTION('',(0.0,-1.0,0.0));
#6482=DIRECTION('',(0.0,0.0,1.0));
#6483=ORIENTED_EDGE('',*,*,#6896,.T.);
#6484=ORIENTED_EDGE('',*,*,#8080,.F.);
#6485=ORIENTED_EDGE('',*,*,#8063,.F.);
#6486=ORIENTED_EDGE('',*,*,#8119,.T.);
#6487=CARTESIAN_POINT('',(5.195,-2.55,-1.32));
#6488=DIRECTION('',(0.0,-1.0,-0.0));
#6489=DIRECTION('',(0.0,0.0,-1.0));
#6490=ORIENTED_EDGE('',*,*,#8212,.T.);
#6491=ORIENTED_EDGE('',*,*,#8081,.F.);
#6492=ORIENTED_EDGE('',*,*,#6898,.F.);
#6493=ORIENTED_EDGE('',*,*,#8118,.T.);
#6494=CARTESIAN_POINT('',(4.693,-2.55,-1.32));
#6495=DIRECTION('',(1.0,0.0,0.0));
#6496=DIRECTION('',(0.0,1.0,0.0));
#6497=ORIENTED_EDGE('',*,*,#8213,.T.);
#6498=ORIENTED_EDGE('',*,*,#8082,.F.);
#6499=ORIENTED_EDGE('',*,*,#8212,.F.);
#6500=ORIENTED_EDGE('',*,*,#8117,.T.);
#6501=CARTESIAN_POINT('',(3.695,-2.55,-2.5));
#6502=DIRECTION('',(0.0,-1.0,-0.0));
#6503=DIRECTION('',(0.0,0.0,-1.0));
#6504=ORIENTED_EDGE('',*,*,#8214,.T.);
#6505=ORIENTED_EDGE('',*,*,#8083,.F.);
#6506=ORIENTED_EDGE('',*,*,#8213,.F.);
#6507=ORIENTED_EDGE('',*,*,#8116,.T.);
#6508=CARTESIAN_POINT('',(4.611372584948,-2.55,-2.895304041917));
#6509=DIRECTION('',(0.918209002953967,0.0,-0.396096234385386));
#6510=DIRECTION('',(0.0,-1.0,0.0));
#6511=ORIENTED_EDGE('',*,*,#8215,.T.);
#6512=ORIENTED_EDGE('',*,*,#8084,.F.);
#6513=ORIENTED_EDGE('',*,*,#8214,.F.);
#6514=ORIENTED_EDGE('',*,*,#8115,.T.);
#6515=CARTESIAN_POINT('',(4.11,-2.55,-4.82));
#6516=DIRECTION('',(0.0,-1.0,-0.0));
#6517=DIRECTION('',(0.0,0.0,-1.0));
#6518=ORIENTED_EDGE('',*,*,#8216,.T.);
#6519=ORIENTED_EDGE('',*,*,#8085,.F.);
#6520=ORIENTED_EDGE('',*,*,#8215,.F.);
#6521=ORIENTED_EDGE('',*,*,#8114,.T.);
#6522=CARTESIAN_POINT('',(3.959,-2.55,-5.081539671943));
#6523=DIRECTION('',(0.500000000000017,0.0,0.866025403784429));
#6524=DIRECTION('',(0.0,-1.0,0.0));
#6525=ORIENTED_EDGE('',*,*,#8217,.T.);
#6526=ORIENTED_EDGE('',*,*,#8086,.F.);
#6527=ORIENTED_EDGE('',*,*,#8216,.F.);
#6528=ORIENTED_EDGE('',*,*,#8113,.T.);
#6529=CARTESIAN_POINT('',(4.102871500693,-2.55,-5.164603921597));
#6530=DIRECTION('',(0.866025403784429,0.0,-0.500000000000017));
#6531=DIRECTION('',(0.0,-1.0,0.0));
#6532=ORIENTED_EDGE('',*,*,#8218,.T.);
#6533=ORIENTED_EDGE('',*,*,#8087,.F.);
#6534=ORIENTED_EDGE('',*,*,#8217,.F.);
#6535=ORIENTED_EDGE('',*,*,#8112,.T.);
#6536=CARTESIAN_POINT('',(3.943871500693,-2.55,-5.44));
#6537=DIRECTION('',(-0.500000000000017,0.0,-0.866025403784429));
#6538=DIRECTION('',(-0.866025403784429,0.0,0.500000000000017));
#6539=ORIENTED_EDGE('',*,*,#8219,.T.);
#6540=ORIENTED_EDGE('',*,*,#8088,.F.);
#6541=ORIENTED_EDGE('',*,*,#8218,.F.);
#6542=ORIENTED_EDGE('',*,*,#8111,.T.);
#6543=CARTESIAN_POINT('',(4.11,-2.55,-4.82));
#6544=DIRECTION('',(0.0,-1.0,-0.0));
#6545=DIRECTION('',(0.0,0.0,-1.0));
#6546=ORIENTED_EDGE('',*,*,#8220,.T.);
#6547=ORIENTED_EDGE('',*,*,#8089,.F.);
#6548=ORIENTED_EDGE('',*,*,#8219,.F.);
#6549=ORIENTED_EDGE('',*,*,#8110,.T.);
#6550=CARTESIAN_POINT('',(3.540710418169,-2.55,-4.574420334681));
#6551=DIRECTION('',(-0.918209002953967,0.0,0.396096234385386));
#6552=DIRECTION('',(0.0,1.0,0.0));
#6553=ORIENTED_EDGE('',*,*,#8221,.T.);
#6554=ORIENTED_EDGE('',*,*,#8090,.F.);
#6555=ORIENTED_EDGE('',*,*,#8220,.F.);
#6556=ORIENTED_EDGE('',*,*,#8109,.T.);
#6557=CARTESIAN_POINT('',(3.695,-2.55,-2.5));
#6558=DIRECTION('',(0.0,-1.0,-0.0));
#6559=DIRECTION('',(0.0,0.0,-1.0));
#6560=ORIENTED_EDGE('',*,*,#6894,.T.);
#6561=ORIENTED_EDGE('',*,*,#8091,.F.);
#6562=ORIENTED_EDGE('',*,*,#8221,.F.);
#6563=ORIENTED_EDGE('',*,*,#8108,.T.);
#6564=CARTESIAN_POINT('',(4.375,-2.55,-2.5));
#6565=DIRECTION('',(-1.0,0.0,0.0));
#6566=DIRECTION('',(0.0,0.0,1.0));
#6567=ORIENTED_EDGE('',*,*,#6892,.T.);
#6568=ORIENTED_EDGE('',*,*,#8107,.T.);
#6569=ORIENTED_EDGE('',*,*,#7093,.T.);
#6570=ORIENTED_EDGE('',*,*,#8092,.F.);
#6571=CARTESIAN_POINT('',(5.195,-2.55,-1.32));
#6572=DIRECTION('',(0.0,-1.0,-0.0));
#6573=DIRECTION('',(0.0,0.0,-1.0));
#6574=ORIENTED_EDGE('',*,*,#7127,.T.);
#6575=ORIENTED_EDGE('',*,*,#8222,.T.);
#6576=ORIENTED_EDGE('',*,*,#8223,.F.);
#6577=ORIENTED_EDGE('',*,*,#7189,.F.);
#6578=ORIENTED_EDGE('',*,*,#7153,.T.);
#6579=CARTESIAN_POINT('',(-5.35,-5.06,-0.4));
#6580=DIRECTION('',(-0.0,0.0,1.0));
#6581=DIRECTION('',(1.0,0.0,0.0));
#6582=ORIENTED_EDGE('',*,*,#7284,.F.);
#6583=ORIENTED_EDGE('',*,*,#7193,.F.);
#6584=ORIENTED_EDGE('',*,*,#8224,.T.);
#6585=ORIENTED_EDGE('',*,*,#7120,.T.);
#6586=ORIENTED_EDGE('',*,*,#7343,.T.);
#6587=CARTESIAN_POINT('',(-5.35,-5.06,-0.4));
#6588=DIRECTION('',(-0.0,0.0,1.0));
#6589=DIRECTION('',(1.0,0.0,0.0));
#6590=ORIENTED_EDGE('',*,*,#8223,.T.);
#6591=ORIENTED_EDGE('',*,*,#8225,.F.);
#6592=ORIENTED_EDGE('',*,*,#8226,.F.);
#6593=ORIENTED_EDGE('',*,*,#8227,.T.);
#6594=ORIENTED_EDGE('',*,*,#8228,.T.);
#6595=ORIENTED_EDGE('',*,*,#6891,.T.);
#6596=ORIENTED_EDGE('',*,*,#8229,.T.);
#6597=ORIENTED_EDGE('',*,*,#8230,.T.);
#6598=ORIENTED_EDGE('',*,*,#8231,.F.);
#6599=ORIENTED_EDGE('',*,*,#6885,.F.);
#6600=ORIENTED_EDGE('',*,*,#8232,.F.);
#6601=ORIENTED_EDGE('',*,*,#8233,.T.);
#6602=ORIENTED_EDGE('',*,*,#8234,.T.);
#6603=ORIENTED_EDGE('',*,*,#7190,.T.);
#6604=CARTESIAN_POINT('',(-7.906452529728,-6.31689864979,-9.26));
#6605=DIRECTION('',(-0.0641786019173916,0.136156530794103,-0.988606345406524));
#6606=DIRECTION('',(-0.997899446950958,0.0,0.0647818938822564));
#6607=ORIENTED_EDGE('',*,*,#8234,.F.);
#6608=ORIENTED_EDGE('',*,*,#8235,.F.);
#6609=ORIENTED_EDGE('',*,*,#8236,.T.);
#6610=ORIENTED_EDGE('',*,*,#7191,.T.);
#6611=CARTESIAN_POINT('',(-6.913,-5.25,-11.3));
#6612=DIRECTION('',(-0.0,0.0,-1.0));
#6613=DIRECTION('',(-1.0,0.0,0.0));
#6614=ORIENTED_EDGE('',*,*,#8236,.F.);
#6615=ORIENTED_EDGE('',*,*,#8237,.F.);
#6616=ORIENTED_EDGE('',*,*,#8238,.T.);
#6617=ORIENTED_EDGE('',*,*,#6887,.T.);
#6618=ORIENTED_EDGE('',*,*,#8239,.T.);
#6619=ORIENTED_EDGE('',*,*,#8240,.F.);
#6620=ORIENTED_EDGE('',*,*,#8241,.F.);
#6621=ORIENTED_EDGE('',*,*,#6889,.F.);
#6622=ORIENTED_EDGE('',*,*,#8242,.F.);
#6623=ORIENTED_EDGE('',*,*,#8243,.F.);
#6624=ORIENTED_EDGE('',*,*,#8244,.T.);
#6625=ORIENTED_EDGE('',*,*,#7121,.T.);
#6626=ORIENTED_EDGE('',*,*,#8224,.F.);
#6627=ORIENTED_EDGE('',*,*,#7192,.F.);
#6628=CARTESIAN_POINT('',(-6.545088207927,-9.205067566929,-10.81384742652));
#6629=DIRECTION('',(-0.0641786019173916,0.136156530794103,0.988606345406524));
#6630=DIRECTION('',(0.904549925369809,0.426367719830516,0.0));
#6631=ORIENTED_EDGE('',*,*,#7125,.F.);
#6632=ORIENTED_EDGE('',*,*,#8244,.F.);
#6633=ORIENTED_EDGE('',*,*,#8245,.T.);
#6634=ORIENTED_EDGE('',*,*,#8226,.T.);
#6635=CARTESIAN_POINT('',(-6.913,-5.25,-11.3));
#6636=DIRECTION('',(-0.0,0.0,-1.0));
#6637=DIRECTION('',(-1.0,0.0,0.0));
#6638=ORIENTED_EDGE('',*,*,#8245,.F.);
#6639=ORIENTED_EDGE('',*,*,#8243,.T.);
#6640=ORIENTED_EDGE('',*,*,#8246,.T.);
#6641=ORIENTED_EDGE('',*,*,#8227,.F.);
#6642=CARTESIAN_POINT('',(-5.936751378789,-6.062304517766,-11.3));
#6643=DIRECTION('',(-0.768699701740895,0.639609856508996,0.0));
#6644=DIRECTION('',(0.0,0.0,1.0));
#6645=ORIENTED_EDGE('',*,*,#6888,.T.);
#6646=ORIENTED_EDGE('',*,*,#8228,.F.);
#6647=ORIENTED_EDGE('',*,*,#8246,.F.);
#6648=ORIENTED_EDGE('',*,*,#8242,.T.);
#6649=CARTESIAN_POINT('',(-6.765,-7.73,-11.3));
#6650=DIRECTION('',(-0.0,0.0,-1.0));
#6651=DIRECTION('',(-1.0,0.0,0.0));
#6652=ORIENTED_EDGE('',*,*,#6890,.F.);
#6653=ORIENTED_EDGE('',*,*,#8241,.T.);
#6654=ORIENTED_EDGE('',*,*,#8247,.F.);
#6655=ORIENTED_EDGE('',*,*,#8229,.F.);
#6656=CARTESIAN_POINT('',(-7.153956467909,-7.913338119527,-11.3));
#6657=DIRECTION('',(-0.904549925369813,-0.426367719830506,0.0));
#6658=DIRECTION('',(-0.426367719830506,0.904549925369813,0.0));
#6659=ORIENTED_EDGE('',*,*,#8240,.T.);
#6660=ORIENTED_EDGE('',*,*,#8248,.T.);
#6661=ORIENTED_EDGE('',*,*,#8230,.F.);
#6662=ORIENTED_EDGE('',*,*,#8247,.T.);
#6663=CARTESIAN_POINT('',(-6.579744652963,-9.1315430403,-10.28));
#6664=DIRECTION('',(0.904549925369813,0.426367719830506,0.0));
#6665=DIRECTION('',(0.0,0.0,-1.0));
#6666=ORIENTED_EDGE('',*,*,#8248,.F.);
#6667=ORIENTED_EDGE('',*,*,#8239,.F.);
#6668=ORIENTED_EDGE('',*,*,#6886,.T.);
#6669=ORIENTED_EDGE('',*,*,#8231,.T.);
#6670=CARTESIAN_POINT('',(-6.061859207987,-9.484415065094,-11.3));
#6671=DIRECTION('',(0.904549925369813,0.426367719830506,0.0));
#6672=DIRECTION('',(0.0,0.0,-1.0));
#6673=ORIENTED_EDGE('',*,*,#6884,.T.);
#6674=ORIENTED_EDGE('',*,*,#8238,.F.);
#6675=ORIENTED_EDGE('',*,*,#8249,.T.);
#6676=ORIENTED_EDGE('',*,*,#8232,.T.);
#6677=CARTESIAN_POINT('',(-6.765,-7.73,-11.3));
#6678=DIRECTION('',(-0.0,0.0,-1.0));
#6679=DIRECTION('',(-1.0,0.0,0.0));
#6680=ORIENTED_EDGE('',*,*,#8249,.F.);
#6681=ORIENTED_EDGE('',*,*,#8237,.T.);
#6682=ORIENTED_EDGE('',*,*,#8235,.T.);
#6683=ORIENTED_EDGE('',*,*,#8233,.F.);
#6684=CARTESIAN_POINT('',(-6.851094366595,-7.658363696071,-11.3));
#6685=DIRECTION('',(0.768699701740895,-0.639609856508996,0.0));
#6686=DIRECTION('',(0.0,0.0,-1.0));
#6687=ORIENTED_EDGE('',*,*,#7126,.T.);
#6688=ORIENTED_EDGE('',*,*,#8225,.T.);
#6689=ORIENTED_EDGE('',*,*,#8222,.F.);
#6690=CARTESIAN_POINT('',(-6.11570810644,-10.11600833634,-9.26));
#6691=DIRECTION('',(0.0,0.0,1.0));
#6692=DIRECTION('',(1.0,0.0,0.0));
#6693=ORIENTED_EDGE('',*,*,#7306,.F.);
#6694=ORIENTED_EDGE('',*,*,#7185,.T.);
#6695=ORIENTED_EDGE('',*,*,#7254,.T.);
#6696=ORIENTED_EDGE('',*,*,#7252,.F.);
#6697=CARTESIAN_POINT('',(2.65,-5.31,-15.7));
#6698=DIRECTION('',(1.0,0.0,0.0));
#6699=DIRECTION('',(0.0,1.0,0.0));
#6700=ORIENTED_EDGE('',*,*,#8250,.F.);
#6701=ORIENTED_EDGE('',*,*,#7195,.F.);
#6702=ORIENTED_EDGE('',*,*,#7283,.T.);
#6703=ORIENTED_EDGE('',*,*,#8251,.F.);
#6704=CARTESIAN_POINT('',(-2.65,-5.31,-9.17));
#6705=DIRECTION('',(-1.0,0.0,0.0));
#6706=DIRECTION('',(0.0,0.0,1.0));
#6707=ORIENTED_EDGE('',*,*,#7244,.F.);
#6708=ORIENTED_EDGE('',*,*,#8252,.F.);
#6709=ORIENTED_EDGE('',*,*,#8251,.T.);
#6710=ORIENTED_EDGE('',*,*,#7282,.F.);
#6711=CARTESIAN_POINT('',(-2.52,-5.56,20.46652));
#6712=DIRECTION('',(-0.0,0.0,1.0));
#6713=DIRECTION('',(0.0,-1.0,0.0));
#6714=ORIENTED_EDGE('',*,*,#8253,.F.);
#6715=ORIENTED_EDGE('',*,*,#7196,.T.);
#6716=ORIENTED_EDGE('',*,*,#8250,.T.);
#6717=ORIENTED_EDGE('',*,*,#8252,.T.);
#6718=ORIENTED_EDGE('',*,*,#7243,.F.);
#6719=ORIENTED_EDGE('',*,*,#8254,.T.);
#6720=CARTESIAN_POINT('',(-2.0,-5.31,-9.17));
#6721=DIRECTION('',(0.0,0.0,1.0));
#6722=DIRECTION('',(1.0,0.0,0.0));
#6723=ORIENTED_EDGE('',*,*,#7246,.F.);
#6724=ORIENTED_EDGE('',*,*,#7281,.F.);
#6725=ORIENTED_EDGE('',*,*,#8255,.T.);
#6726=ORIENTED_EDGE('',*,*,#8254,.F.);
#6727=CARTESIAN_POINT('',(-2.13,-5.56,-36.16652));
#6728=DIRECTION('',(0.0,-0.0,-1.0));
#6729=DIRECTION('',(0.0,-1.0,0.0));
#6730=ORIENTED_EDGE('',*,*,#7280,.F.);
#6731=ORIENTED_EDGE('',*,*,#7197,.T.);
#6732=ORIENTED_EDGE('',*,*,#8253,.T.);
#6733=ORIENTED_EDGE('',*,*,#8255,.F.);
#6734=CARTESIAN_POINT('',(-2.0,-5.31,-15.7));
#6735=DIRECTION('',(1.0,0.0,0.0));
#6736=DIRECTION('',(0.0,1.0,0.0));
#6737=ORIENTED_EDGE('',*,*,#7255,.F.);
#6738=ORIENTED_EDGE('',*,*,#7199,.F.);
#6739=ORIENTED_EDGE('',*,*,#7279,.T.);
#6740=ORIENTED_EDGE('',*,*,#7257,.F.);
#6741=CARTESIAN_POINT('',(2.0,-5.31,-9.17));
#6742=DIRECTION('',(-1.0,0.0,0.0));
#6743=DIRECTION('',(0.0,0.0,1.0));
#6744=ORIENTED_EDGE('',*,*,#7250,.F.);
#6745=ORIENTED_EDGE('',*,*,#8256,.F.);
#6746=ORIENTED_EDGE('',*,*,#8257,.T.);
#6747=ORIENTED_EDGE('',*,*,#8258,.F.);
#6748=CARTESIAN_POINT('',(-4.33,-5.56,-36.16652));
#6749=DIRECTION('',(0.0,-0.0,-1.0));
#6750=DIRECTION('',(0.0,-1.0,0.0));
#6751=ORIENTED_EDGE('',*,*,#8259,.F.);
#6752=ORIENTED_EDGE('',*,*,#7208,.T.);
#6753=ORIENTED_EDGE('',*,*,#8260,.T.);
#6754=ORIENTED_EDGE('',*,*,#8261,.T.);
#6755=ORIENTED_EDGE('',*,*,#7247,.F.);
#6756=ORIENTED_EDGE('',*,*,#8258,.T.);
#6757=CARTESIAN_POINT('',(-4.2,-5.31,-4.99));
#6758=DIRECTION('',(0.0,0.0,1.0));
#6759=DIRECTION('',(1.0,0.0,0.0));
#6760=ORIENTED_EDGE('',*,*,#7248,.F.);
#6761=ORIENTED_EDGE('',*,*,#8261,.F.);
#6762=ORIENTED_EDGE('',*,*,#8262,.T.);
#6763=ORIENTED_EDGE('',*,*,#8263,.F.);
#6764=CARTESIAN_POINT('',(-4.72,-5.56,20.46652));
#6765=DIRECTION('',(-0.0,0.0,1.0));
#6766=DIRECTION('',(0.0,-1.0,0.0));
#6767=ORIENTED_EDGE('',*,*,#7249,.F.);
#6768=ORIENTED_EDGE('',*,*,#8263,.T.);
#6769=ORIENTED_EDGE('',*,*,#8264,.F.);
#6770=ORIENTED_EDGE('',*,*,#7206,.T.);
#6771=ORIENTED_EDGE('',*,*,#8265,.T.);
#6772=ORIENTED_EDGE('',*,*,#8256,.T.);
#6773=CARTESIAN_POINT('',(-4.85,-5.31,-9.17));
#6774=DIRECTION('',(0.0,0.0,-1.0));
#6775=DIRECTION('',(0.0,-1.0,0.0));
#6776=ORIENTED_EDGE('',*,*,#8265,.F.);
#6777=ORIENTED_EDGE('',*,*,#7205,.T.);
#6778=ORIENTED_EDGE('',*,*,#8259,.T.);
#6779=ORIENTED_EDGE('',*,*,#8257,.F.);
#6780=CARTESIAN_POINT('',(-4.2,-5.31,-9.17));
#6781=DIRECTION('',(1.0,0.0,0.0));
#6782=DIRECTION('',(0.0,1.0,0.0));
#6783=ORIENTED_EDGE('',*,*,#8260,.F.);
#6784=ORIENTED_EDGE('',*,*,#7207,.T.);
#6785=ORIENTED_EDGE('',*,*,#8264,.T.);
#6786=ORIENTED_EDGE('',*,*,#8262,.F.);
#6787=CARTESIAN_POINT('',(-4.85,-5.31,-4.99));
#6788=DIRECTION('',(-1.0,0.0,0.0));
#6789=DIRECTION('',(0.0,0.0,1.0));
#6790=ORIENTED_EDGE('',*,*,#7232,.F.);
#6791=ORIENTED_EDGE('',*,*,#7202,.T.);
#6792=ORIENTED_EDGE('',*,*,#7237,.T.);
#6793=ORIENTED_EDGE('',*,*,#7235,.F.);
#6794=CARTESIAN_POINT('',(4.85,-5.31,-9.17));
#6795=DIRECTION('',(1.0,0.0,0.0));
#6796=DIRECTION('',(0.0,1.0,0.0));
#6797=ORIENTED_EDGE('',*,*,#7188,.F.);
#6798=ORIENTED_EDGE('',*,*,#8266,.T.);
#6799=ORIENTED_EDGE('',*,*,#8267,.T.);
#6800=ORIENTED_EDGE('',*,*,#8268,.F.);
#6801=ORIENTED_EDGE('',*,*,#6879,.F.);
#6802=ORIENTED_EDGE('',*,*,#8269,.T.);
#6803=ORIENTED_EDGE('',*,*,#8270,.F.);
#6804=ORIENTED_EDGE('',*,*,#8271,.F.);
#6805=ORIENTED_EDGE('',*,*,#6881,.T.);
#6806=ORIENTED_EDGE('',*,*,#8272,.T.);
#6807=ORIENTED_EDGE('',*,*,#8273,.T.);
#6808=ORIENTED_EDGE('',*,*,#7133,.F.);
#6809=ORIENTED_EDGE('',*,*,#8274,.T.);
#6810=ORIENTED_EDGE('',*,*,#7147,.T.);
#6811=CARTESIAN_POINT('',(6.545088207927,-9.205067566929,-9.74615257348));
#6812=DIRECTION('',(0.0641786019173916,0.136156530794103,-0.988606345406524));
#6813=DIRECTION('',(-0.997899446950958,0.0,-0.0647818938822564));
#6814=ORIENTED_EDGE('',*,*,#8274,.F.);
#6815=ORIENTED_EDGE('',*,*,#7130,.T.);
#6816=ORIENTED_EDGE('',*,*,#7148,.F.);
#6817=CARTESIAN_POINT('',(7.906452529728,-6.31689864979,-9.26));
#6818=DIRECTION('',(0.0,0.0,1.0));
#6819=DIRECTION('',(1.0,0.0,0.0));
#6820=ORIENTED_EDGE('',*,*,#7134,.T.);
#6821=ORIENTED_EDGE('',*,*,#8273,.F.);
#6822=ORIENTED_EDGE('',*,*,#8275,.F.);
#6823=ORIENTED_EDGE('',*,*,#7136,.T.);
#6824=CARTESIAN_POINT('',(7.095540871749,-7.454967761701,-11.3));
#6825=DIRECTION('',(0.768699701740895,0.639609856508996,0.0));
#6826=DIRECTION('',(0.0,0.0,-1.0));
#6827=ORIENTED_EDGE('',*,*,#6880,.T.);
#6828=ORIENTED_EDGE('',*,*,#7137,.T.);
#6829=ORIENTED_EDGE('',*,*,#8275,.T.);
#6830=ORIENTED_EDGE('',*,*,#8272,.F.);
#6831=CARTESIAN_POINT('',(6.765,-7.73,-11.3));
#6832=DIRECTION('',(-0.0,0.0,-1.0));
#6833=DIRECTION('',(-1.0,0.0,0.0));
#6834=ORIENTED_EDGE('',*,*,#6882,.T.);
#6835=ORIENTED_EDGE('',*,*,#8271,.T.);
#6836=ORIENTED_EDGE('',*,*,#8276,.F.);
#6837=ORIENTED_EDGE('',*,*,#7138,.F.);
#6838=CARTESIAN_POINT('',(6.349506084254,-9.62,-11.3));
#6839=DIRECTION('',(0.904549925369813,-0.426367719830506,0.0));
#6840=DIRECTION('',(0.0,0.0,-1.0));
#6841=ORIENTED_EDGE('',*,*,#7139,.F.);
#6842=ORIENTED_EDGE('',*,*,#8276,.T.);
#6843=ORIENTED_EDGE('',*,*,#8270,.T.);
#6844=ORIENTED_EDGE('',*,*,#8277,.T.);
#6845=CARTESIAN_POINT('',(6.579744652963,-9.1315430403,-10.28));
#6846=DIRECTION('',(-0.904549925369813,0.426367719830506,0.0));
#6847=DIRECTION('',(0.0,0.0,1.0));
#6848=ORIENTED_EDGE('',*,*,#8277,.F.);
#6849=ORIENTED_EDGE('',*,*,#8269,.F.);
#6850=ORIENTED_EDGE('',*,*,#6878,.F.);
#6851=ORIENTED_EDGE('',*,*,#7140,.T.);
#6852=CARTESIAN_POINT('',(6.866309591641,-7.777753184621,-11.3));
#6853=DIRECTION('',(-0.904549925369813,0.426367719830506,0.0));
#6854=DIRECTION('',(0.0,0.0,1.0));
#6855=ORIENTED_EDGE('',*,*,#6876,.T.);
#6856=ORIENTED_EDGE('',*,*,#8268,.T.);
#6857=ORIENTED_EDGE('',*,*,#8278,.F.);
#6858=ORIENTED_EDGE('',*,*,#7141,.F.);
#6859=CARTESIAN_POINT('',(6.765,-7.73,-11.3));
#6860=DIRECTION('',(-0.0,0.0,-1.0));
#6861=DIRECTION('',(-1.0,0.0,0.0));
#6862=ORIENTED_EDGE('',*,*,#8278,.T.);
#6863=ORIENTED_EDGE('',*,*,#8267,.F.);
#6864=ORIENTED_EDGE('',*,*,#8279,.F.);
#6865=ORIENTED_EDGE('',*,*,#7142,.T.);
#6866=CARTESIAN_POINT('',(5.692304873635,-6.265700452136,-11.3));
#6867=DIRECTION('',(-0.768699701740895,-0.639609856508996,0.0));
#6868=DIRECTION('',(-0.639609856508996,0.768699701740895,0.0));
#6869=ORIENTED_EDGE('',*,*,#7143,.T.);
#6870=ORIENTED_EDGE('',*,*,#8279,.T.);
#6871=ORIENTED_EDGE('',*,*,#8266,.F.);
#6872=ORIENTED_EDGE('',*,*,#7187,.F.);
#6873=CARTESIAN_POINT('',(6.913,-5.25,-11.3));
#6874=DIRECTION('',(-0.0,0.0,-1.0));
#6875=DIRECTION('',(-1.0,0.0,0.0));
#6876=EDGE_CURVE('',#8280,#8281,#8282,.T.);
#6877=EDGE_CURVE('',#8283,#8280,#8284,.T.);
#6878=EDGE_CURVE('',#8283,#8285,#8286,.T.);
#6879=EDGE_CURVE('',#8285,#8281,#8287,.T.);
#6880=EDGE_CURVE('',#8288,#8289,#8290,.T.);
#6881=EDGE_CURVE('',#8291,#8288,#8292,.T.);
#6882=EDGE_CURVE('',#8293,#8291,#8294,.T.);
#6883=EDGE_CURVE('',#8293,#8289,#8295,.T.);
#6884=EDGE_CURVE('',#8296,#8297,#8298,.T.);
#6885=EDGE_CURVE('',#8296,#8299,#8300,.T.);
#6886=EDGE_CURVE('',#8301,#8299,#8302,.T.);
#6887=EDGE_CURVE('',#8297,#8301,#8303,.T.);
#6888=EDGE_CURVE('',#8304,#8305,#8306,.T.);
#6889=EDGE_CURVE('',#8304,#8307,#8308,.T.);
#6890=EDGE_CURVE('',#8307,#8309,#8310,.T.);
#6891=EDGE_CURVE('',#8305,#8309,#8311,.T.);
#6892=EDGE_CURVE('',#8312,#8313,#8314,.T.);
#6893=EDGE_CURVE('',#8315,#8312,#8316,.T.);
#6894=EDGE_CURVE('',#8317,#8315,#8318,.T.);
#6895=EDGE_CURVE('',#8317,#8313,#8319,.T.);
#6896=EDGE_CURVE('',#8320,#8321,#8322,.T.);
#6897=EDGE_CURVE('',#8320,#8323,#8324,.T.);
#6898=EDGE_CURVE('',#8323,#8325,#8326,.T.);
#6899=EDGE_CURVE('',#8321,#8325,#8327,.T.);
#6900=EDGE_CURVE('',#8328,#8329,#8330,.T.);
#6901=EDGE_CURVE('',#8331,#8328,#8332,.T.);
#6902=EDGE_CURVE('',#8333,#8331,#8334,.T.);
#6903=EDGE_CURVE('',#8333,#8329,#8335,.T.);
#6904=EDGE_CURVE('',#8336,#8337,#8338,.T.);
#6905=EDGE_CURVE('',#8336,#8339,#8340,.T.);
#6906=EDGE_CURVE('',#8339,#8341,#8342,.T.);
#6907=EDGE_CURVE('',#8337,#8341,#8343,.T.);
#6908=EDGE_CURVE('',#8344,#8345,#8346,.T.);
#6909=EDGE_CURVE('',#8344,#8347,#8348,.T.);
#6910=EDGE_CURVE('',#8347,#8349,#8350,.T.);
#6911=EDGE_CURVE('',#8345,#8349,#8351,.T.);
#6912=EDGE_CURVE('',#8352,#8353,#8354,.T.);
#6913=EDGE_CURVE('',#8355,#8352,#8356,.T.);
#6914=EDGE_CURVE('',#8357,#8355,#8358,.T.);
#6915=EDGE_CURVE('',#8357,#8353,#8359,.T.);
#6916=EDGE_CURVE('',#8360,#8361,#8362,.T.);
#6917=EDGE_CURVE('',#8360,#8363,#8364,.T.);
#6918=EDGE_CURVE('',#8363,#8365,#8366,.T.);
#6919=EDGE_CURVE('',#8361,#8365,#8367,.T.);
#6920=EDGE_CURVE('',#8368,#8369,#8370,.T.);
#6921=EDGE_CURVE('',#8368,#8371,#8372,.T.);
#6922=EDGE_CURVE('',#8371,#8373,#8374,.T.);
#6923=EDGE_CURVE('',#8369,#8373,#8375,.T.);
#6924=EDGE_CURVE('',#8376,#8377,#8378,.T.);
#6925=EDGE_CURVE('',#8379,#8376,#8380,.T.);
#6926=EDGE_CURVE('',#8381,#8379,#8382,.T.);
#6927=EDGE_CURVE('',#8381,#8377,#8383,.T.);
#6928=EDGE_CURVE('',#8384,#8385,#8386,.T.);
#6929=EDGE_CURVE('',#8384,#8387,#8388,.T.);
#6930=EDGE_CURVE('',#8387,#8389,#8390,.T.);
#6931=EDGE_CURVE('',#8385,#8389,#8391,.T.);
#6932=EDGE_CURVE('',#8392,#8393,#8394,.T.);
#6933=EDGE_CURVE('',#8395,#8392,#8396,.T.);
#6934=EDGE_CURVE('',#8397,#8395,#8398,.T.);
#6935=EDGE_CURVE('',#8393,#8397,#8399,.T.);
#6936=EDGE_CURVE('',#8400,#8401,#8402,.T.);
#6937=EDGE_CURVE('',#8403,#8400,#8404,.T.);
#6938=EDGE_CURVE('',#8403,#8405,#8406,.T.);
#6939=EDGE_CURVE('',#8401,#8405,#8407,.T.);
#6940=EDGE_CURVE('',#8408,#8409,#8410,.T.);
#6941=EDGE_CURVE('',#8411,#8408,#8412,.T.);
#6942=EDGE_CURVE('',#8413,#8411,#8414,.T.);
#6943=EDGE_CURVE('',#8415,#8413,#8416,.T.);
#6944=EDGE_CURVE('',#8417,#8415,#8418,.T.);
#6945=EDGE_CURVE('',#8419,#8417,#8420,.T.);
#6946=EDGE_CURVE('',#8421,#8419,#8422,.T.);
#6947=EDGE_CURVE('',#8421,#8423,#8424,.T.);
#6948=EDGE_CURVE('',#8425,#8423,#8426,.T.);
#6949=EDGE_CURVE('',#8425,#8409,#8427,.T.);
#6950=EDGE_CURVE('',#8428,#8429,#8430,.T.);
#6951=EDGE_CURVE('',#8431,#8428,#8432,.T.);
#6952=EDGE_CURVE('',#8433,#8431,#8434,.T.);
#6953=EDGE_CURVE('',#8435,#8433,#8436,.T.);
#6954=EDGE_CURVE('',#8437,#8435,#8438,.T.);
#6955=EDGE_CURVE('',#8439,#8437,#8440,.T.);
#6956=EDGE_CURVE('',#8441,#8439,#8442,.T.);
#6957=EDGE_CURVE('',#8441,#8443,#8444,.T.);
#6958=EDGE_CURVE('',#8445,#8443,#8446,.T.);
#6959=EDGE_CURVE('',#8445,#8429,#8447,.T.);
#6960=EDGE_CURVE('',#8448,#8449,#8450,.T.);
#6961=EDGE_CURVE('',#8448,#8451,#8452,.T.);
#6962=EDGE_CURVE('',#8453,#8451,#8454,.T.);
#6963=EDGE_CURVE('',#8455,#8453,#8456,.T.);
#6964=EDGE_CURVE('',#8457,#8455,#8458,.T.);
#6965=EDGE_CURVE('',#8459,#8457,#8460,.T.);
#6966=EDGE_CURVE('',#8461,#8459,#8462,.T.);
#6967=EDGE_CURVE('',#8463,#8461,#8464,.T.);
#6968=EDGE_CURVE('',#8465,#8463,#8466,.T.);
#6969=EDGE_CURVE('',#8465,#8467,#8468,.T.);
#6970=EDGE_CURVE('',#8469,#8467,#8470,.T.);
#6971=EDGE_CURVE('',#8469,#8449,#8471,.T.);
#6972=EDGE_CURVE('',#8472,#8425,#8473,.T.);
#6973=EDGE_CURVE('',#8474,#8472,#8475,.T.);
#6974=EDGE_CURVE('',#8474,#8409,#8476,.T.);
#6975=EDGE_CURVE('',#8477,#8474,#8478,.T.);
#6976=EDGE_CURVE('',#8477,#8469,#8479,.T.);
#6977=EDGE_CURVE('',#8467,#8480,#8481,.T.);
#6978=EDGE_CURVE('',#8480,#8369,#8482,.T.);
#6979=EDGE_CURVE('',#8373,#8381,#8483,.T.);
#6980=EDGE_CURVE('',#8379,#8484,#8485,.T.);
#6981=EDGE_CURVE('',#8484,#8345,#8486,.T.);
#6982=EDGE_CURVE('',#8349,#8408,#8487,.T.);
#6983=EDGE_CURVE('',#8488,#8489,#8490,.T.);
#6984=EDGE_CURVE('',#8489,#8491,#8492,.T.);
#6985=EDGE_CURVE('',#8491,#8493,#8494,.T.);
#6986=EDGE_CURVE('',#8493,#8495,#8496,.T.);
#6987=EDGE_CURVE('',#8495,#8497,#8498,.T.);
#6988=EDGE_CURVE('',#8497,#8499,#8500,.T.);
#6989=EDGE_CURVE('',#8499,#8501,#8502,.T.);
#6990=EDGE_CURVE('',#8501,#8488,#8503,.T.);
#6991=EDGE_CURVE('',#8504,#8505,#8506,.T.);
#6992=EDGE_CURVE('',#8505,#8507,#8508,.T.);
#6993=EDGE_CURVE('',#8507,#8509,#8510,.T.);
#6994=EDGE_CURVE('',#8509,#8511,#8512,.T.);
#6995=EDGE_CURVE('',#8511,#8513,#8514,.T.);
#6996=EDGE_CURVE('',#8513,#8515,#8516,.T.);
#6997=EDGE_CURVE('',#8515,#8517,#8518,.T.);
#6998=EDGE_CURVE('',#8517,#8504,#8519,.T.);
#6999=EDGE_CURVE('',#8520,#8517,#8521,.T.);
#7000=EDGE_CURVE('',#8520,#8522,#8523,.T.);
#7001=EDGE_CURVE('',#8522,#8504,#8524,.T.);
#7002=EDGE_CURVE('',#8525,#8526,#8527,.T.);
#7003=EDGE_CURVE('',#8528,#8526,#8529,.T.);
#7004=EDGE_CURVE('',#8530,#8528,#8531,.T.);
#7005=EDGE_CURVE('',#8530,#8525,#8532,.T.);
#7006=EDGE_CURVE('',#8522,#8533,#8534,.T.);
#7007=EDGE_CURVE('',#8533,#8505,#8535,.T.);
#7008=EDGE_CURVE('',#8536,#8537,#8538,.T.);
#7009=EDGE_CURVE('',#8526,#8537,#8539,.T.);
#7010=EDGE_CURVE('',#8525,#8536,#8540,.T.);
#7011=EDGE_CURVE('',#8533,#8541,#8542,.T.);
#7012=EDGE_CURVE('',#8541,#8507,#8543,.T.);
#7013=EDGE_CURVE('',#8544,#8545,#8546,.T.);
#7014=EDGE_CURVE('',#8537,#8545,#8547,.T.);
#7015=EDGE_CURVE('',#8536,#8544,#8548,.T.);
#7016=EDGE_CURVE('',#8541,#8549,#8550,.T.);
#7017=EDGE_CURVE('',#8549,#8509,#8551,.T.);
#7018=EDGE_CURVE('',#8552,#8553,#8554,.T.);
#7019=EDGE_CURVE('',#8545,#8553,#8555,.T.);
#7020=EDGE_CURVE('',#8544,#8552,#8556,.T.);
#7021=EDGE_CURVE('',#8549,#8557,#8558,.T.);
#7022=EDGE_CURVE('',#8557,#8511,#8559,.T.);
#7023=EDGE_CURVE('',#8560,#8561,#8562,.T.);
#7024=EDGE_CURVE('',#8553,#8561,#8563,.T.);
#7025=EDGE_CURVE('',#8552,#8560,#8564,.T.);
#7026=EDGE_CURVE('',#8557,#8565,#8566,.T.);
#7027=EDGE_CURVE('',#8565,#8513,#8567,.T.);
#7028=EDGE_CURVE('',#8568,#8569,#8570,.T.);
#7029=EDGE_CURVE('',#8561,#8569,#8571,.T.);
#7030=EDGE_CURVE('',#8560,#8568,#8572,.T.);
#7031=EDGE_CURVE('',#8565,#8573,#8574,.T.);
#7032=EDGE_CURVE('',#8573,#8515,#8575,.T.);
#7033=EDGE_CURVE('',#8576,#8577,#8578,.T.);
#7034=EDGE_CURVE('',#8569,#8577,#8579,.T.);
#7035=EDGE_CURVE('',#8568,#8576,#8580,.T.);
#7036=EDGE_CURVE('',#8573,#8520,#8581,.T.);
#7037=EDGE_CURVE('',#8577,#8528,#8582,.T.);
#7038=EDGE_CURVE('',#8576,#8530,#8583,.T.);
#7039=EDGE_CURVE('',#8387,#8371,#8584,.T.);
#7040=EDGE_CURVE('',#8585,#8368,#8586,.T.);
#7041=EDGE_CURVE('',#8587,#8585,#8588,.T.);
#7042=EDGE_CURVE('',#8589,#8587,#8590,.T.);
#7043=EDGE_CURVE('',#8589,#8591,#8592,.T.);
#7044=EDGE_CURVE('',#8591,#8593,#8594,.T.);
#7045=EDGE_CURVE('',#8595,#8593,#8596,.T.);
#7046=EDGE_CURVE('',#8597,#8595,#8598,.T.);
#7047=EDGE_CURVE('',#8597,#8347,#8599,.T.);
#7048=EDGE_CURVE('',#8600,#8344,#8601,.T.);
#7049=EDGE_CURVE('',#8389,#8600,#8602,.T.);
#7050=EDGE_CURVE('',#8603,#8604,#8605,.T.);
#7051=EDGE_CURVE('',#8606,#8603,#8607,.T.);
#7052=EDGE_CURVE('',#8608,#8606,#8609,.T.);
#7053=EDGE_CURVE('',#8610,#8608,#8611,.T.);
#7054=EDGE_CURVE('',#8612,#8610,#8613,.T.);
#7055=EDGE_CURVE('',#8614,#8612,#8615,.T.);
#7056=EDGE_CURVE('',#8616,#8614,#8617,.T.);
#7057=EDGE_CURVE('',#8604,#8616,#8618,.T.);
#7058=EDGE_CURVE('',#8604,#8501,#8619,.T.);
#7059=EDGE_CURVE('',#8616,#8488,#8620,.T.);
#7060=EDGE_CURVE('',#8621,#8622,#8623,.T.);
#7061=EDGE_CURVE('',#8624,#8622,#8625,.T.);
#7062=EDGE_CURVE('',#8626,#8624,#8627,.T.);
#7063=EDGE_CURVE('',#8626,#8621,#8628,.T.);
#7064=EDGE_CURVE('',#8614,#8489,#8629,.T.);
#7065=EDGE_CURVE('',#8630,#8631,#8632,.T.);
#7066=EDGE_CURVE('',#8622,#8631,#8633,.T.);
#7067=EDGE_CURVE('',#8621,#8630,#8634,.T.);
#7068=EDGE_CURVE('',#8612,#8491,#8635,.T.);
#7069=EDGE_CURVE('',#8636,#8637,#8638,.T.);
#7070=EDGE_CURVE('',#8631,#8637,#8639,.T.);
#7071=EDGE_CURVE('',#8630,#8636,#8640,.T.);
#7072=EDGE_CURVE('',#8610,#8493,#8641,.T.);
#7073=EDGE_CURVE('',#8642,#8643,#8644,.T.);
#7074=EDGE_CURVE('',#8637,#8643,#8645,.T.);
#7075=EDGE_CURVE('',#8636,#8642,#8646,.T.);
#7076=EDGE_CURVE('',#8608,#8495,#8647,.T.);
#7077=EDGE_CURVE('',#8648,#8649,#8650,.T.);
#7078=EDGE_CURVE('',#8643,#8649,#8651,.T.);
#7079=EDGE_CURVE('',#8642,#8648,#8652,.T.);
#7080=EDGE_CURVE('',#8606,#8497,#8653,.T.);
#7081=EDGE_CURVE('',#8654,#8655,#8656,.T.);
#7082=EDGE_CURVE('',#8649,#8655,#8657,.T.);
#7083=EDGE_CURVE('',#8648,#8654,#8658,.T.);
#7084=EDGE_CURVE('',#8603,#8499,#8659,.T.);
#7085=EDGE_CURVE('',#8660,#8661,#8662,.T.);
#7086=EDGE_CURVE('',#8655,#8661,#8663,.T.);
#7087=EDGE_CURVE('',#8654,#8660,#8664,.T.);
#7088=EDGE_CURVE('',#8661,#8624,#8665,.T.);
#7089=EDGE_CURVE('',#8660,#8626,#8666,.T.);
#7090=EDGE_CURVE('',#8443,#8339,#8667,.T.);
#7091=EDGE_CURVE('',#8668,#8336,#8669,.T.);
#7092=EDGE_CURVE('',#8670,#8668,#8671,.T.);
#7093=EDGE_CURVE('',#8672,#8670,#8673,.T.);
#7094=EDGE_CURVE('',#8363,#8672,#8674,.T.);
#7095=EDGE_CURVE('',#8675,#8360,#8676,.T.);
#7096=EDGE_CURVE('',#8675,#8453,#8677,.T.);
#7097=EDGE_CURVE('',#8678,#8451,#8679,.T.);
#7098=EDGE_CURVE('',#8680,#8678,#8681,.T.);
#7099=EDGE_CURVE('',#8680,#8445,#8682,.T.);
#7100=EDGE_CURVE('',#8683,#8680,#8684,.T.);
#7101=EDGE_CURVE('',#8683,#8429,#8685,.T.);
#7102=EDGE_CURVE('',#8423,#8686,#8687,.T.);
#7103=EDGE_CURVE('',#8353,#8686,#8688,.T.);
#7104=EDGE_CURVE('',#8689,#8357,#8690,.T.);
#7105=EDGE_CURVE('',#8689,#8691,#8692,.T.);
#7106=EDGE_CURVE('',#8693,#8691,#8694,.T.);
#7107=EDGE_CURVE('',#8329,#8693,#8695,.T.);
#7108=EDGE_CURVE('',#8333,#8428,#8696,.T.);
#7109=EDGE_CURVE('',#8472,#8683,#8697,.T.);
#7110=EDGE_CURVE('',#8678,#8698,#8699,.T.);
#7111=EDGE_CURVE('',#8698,#8700,#8701,.T.);
#7112=EDGE_CURVE('',#8700,#8702,#8703,.T.);
#7113=EDGE_CURVE('',#8704,#8702,#8705,.T.);
#7114=EDGE_CURVE('',#8706,#8704,#8707,.T.);
#7115=EDGE_CURVE('',#8708,#8706,#8709,.T.);
#7116=EDGE_CURVE('',#8710,#8708,#8711,.T.);
#7117=EDGE_CURVE('',#8593,#8710,#8712,.T.);
#7118=EDGE_CURVE('',#8713,#8591,#8714,.T.);
#7119=EDGE_CURVE('',#8715,#8713,#8716,.T.);
#7120=EDGE_CURVE('',#8717,#8715,#8718,.T.);
#7121=EDGE_CURVE('',#8719,#8717,#8720,.T.);
#7122=EDGE_CURVE('',#8719,#8721,#8722,.T.);
#7123=EDGE_CURVE('',#8721,#8477,#8723,.T.);
#7124=EDGE_CURVE('',#8721,#8449,#8724,.T.);
#7125=EDGE_CURVE('',#8719,#8725,#8726,.T.);
#7126=EDGE_CURVE('',#8727,#8725,#8728,.T.);
#7127=EDGE_CURVE('',#8729,#8727,#8730,.T.);
#7128=EDGE_CURVE('',#8729,#8731,#8732,.T.);
#7129=EDGE_CURVE('',#8731,#8733,#8734,.T.);
#7130=EDGE_CURVE('',#8735,#8733,#8736,.T.);
#7131=EDGE_CURVE('',#8700,#8735,#8737,.T.);
#7132=EDGE_CURVE('',#8698,#8448,#8738,.T.);
#7133=EDGE_CURVE('',#8735,#8739,#8740,.T.);
#7134=EDGE_CURVE('',#8741,#8739,#8742,.T.);
#7135=EDGE_CURVE('',#8700,#8741,#8743,.T.);
#7136=EDGE_CURVE('',#8744,#8741,#8745,.T.);
#7137=EDGE_CURVE('',#8289,#8744,#8746,.T.);
#7138=EDGE_CURVE('',#8293,#8747,#8748,.T.);
#7139=EDGE_CURVE('',#8747,#8749,#8750,.T.);
#7140=EDGE_CURVE('',#8283,#8749,#8751,.T.);
#7141=EDGE_CURVE('',#8280,#8752,#8753,.T.);
#7142=EDGE_CURVE('',#8754,#8752,#8755,.T.);
#7143=EDGE_CURVE('',#8756,#8754,#8757,.T.);
#7144=EDGE_CURVE('',#8756,#8758,#8759,.T.);
#7145=EDGE_CURVE('',#8702,#8758,#8760,.T.);
#7146=EDGE_CURVE('',#8761,#8762,#8763,.T.);
#7147=EDGE_CURVE('',#8764,#8762,#8765,.T.);
#7148=EDGE_CURVE('',#8764,#8733,#8766,.T.);
#7149=EDGE_CURVE('',#8731,#8761,#8767,.T.);
#7150=EDGE_CURVE('',#8758,#8768,#8769,.T.);
#7151=EDGE_CURVE('',#8770,#8768,#8771,.T.);
#7152=EDGE_CURVE('',#8704,#8770,#8772,.T.);
#7153=EDGE_CURVE('',#8773,#8729,#8774,.T.);
#7154=EDGE_CURVE('',#8761,#8773,#8775,.T.);
#7155=EDGE_CURVE('',#8776,#8777,#8778,.T.);
#7156=EDGE_CURVE('',#8779,#8777,#8780,.T.);
#7157=EDGE_CURVE('',#8779,#8781,#8782,.T.);
#7158=EDGE_CURVE('',#8781,#8783,#8784,.T.);
#7159=EDGE_CURVE('',#8785,#8783,#8786,.T.);
#7160=EDGE_CURVE('',#8787,#8785,#8788,.T.);
#7161=EDGE_CURVE('',#8787,#8789,#8790,.T.);
#7162=EDGE_CURVE('',#8791,#8789,#8792,.T.);
#7163=EDGE_CURVE('',#8791,#8793,#8794,.T.);
#7164=EDGE_CURVE('',#8795,#8793,#8796,.T.);
#7165=EDGE_CURVE('',#8795,#8797,#8798,.T.);
#7166=EDGE_CURVE('',#8799,#8797,#8800,.T.);
#7167=EDGE_CURVE('',#8801,#8799,#8802,.T.);
#7168=EDGE_CURVE('',#8803,#8801,#8804,.T.);
#7169=EDGE_CURVE('',#8805,#8803,#8806,.T.);
#7170=EDGE_CURVE('',#8807,#8805,#8808,.T.);
#7171=EDGE_CURVE('',#8807,#8809,#8810,.T.);
#7172=EDGE_CURVE('',#8811,#8809,#8812,.T.);
#7173=EDGE_CURVE('',#8811,#8813,#8814,.T.);
#7174=EDGE_CURVE('',#8776,#8813,#8815,.T.);
#7175=EDGE_CURVE('',#8816,#8817,#8818,.T.);
#7176=EDGE_CURVE('',#8819,#8817,#8820,.T.);
#7177=EDGE_CURVE('',#8819,#8821,#8822,.T.);
#7178=EDGE_CURVE('',#8823,#8821,#8824,.T.);
#7179=EDGE_CURVE('',#8823,#8825,#8826,.T.);
#7180=EDGE_CURVE('',#8827,#8825,#8828,.T.);
#7181=EDGE_CURVE('',#8827,#8829,#8830,.T.);
#7182=EDGE_CURVE('',#8831,#8829,#8832,.T.);
#7183=EDGE_CURVE('',#8831,#8833,#8834,.T.);
#7184=EDGE_CURVE('',#8816,#8833,#8835,.T.);
#7185=EDGE_CURVE('',#8836,#8837,#8838,.T.);
#7186=EDGE_CURVE('',#8768,#8836,#8839,.T.);
#7187=EDGE_CURVE('',#8756,#8840,#8841,.T.);
#7188=EDGE_CURVE('',#8840,#8762,#8842,.T.);
#7189=EDGE_CURVE('',#8773,#8843,#8844,.T.);
#7190=EDGE_CURVE('',#8845,#8843,#8846,.T.);
#7191=EDGE_CURVE('',#8847,#8845,#8848,.T.);
#7192=EDGE_CURVE('',#8847,#8849,#8850,.T.);
#7193=EDGE_CURVE('',#8849,#8851,#8852,.T.);
#7194=EDGE_CURVE('',#8853,#8851,#8854,.T.);
#7195=EDGE_CURVE('',#8853,#8855,#8856,.T.);
#7196=EDGE_CURVE('',#8857,#8855,#8858,.T.);
#7197=EDGE_CURVE('',#8859,#8857,#8860,.T.);
#7198=EDGE_CURVE('',#8861,#8859,#8862,.T.);
#7199=EDGE_CURVE('',#8861,#8863,#8864,.T.);
#7200=EDGE_CURVE('',#8837,#8863,#8865,.T.);
#7201=EDGE_CURVE('',#8866,#8867,#8868,.T.);
#7202=EDGE_CURVE('',#8869,#8866,#8870,.T.);
#7203=EDGE_CURVE('',#8871,#8869,#8872,.T.);
#7204=EDGE_CURVE('',#8867,#8871,#8873,.T.);
#7205=EDGE_CURVE('',#8874,#8875,#8876,.T.);
#7206=EDGE_CURVE('',#8877,#8874,#8878,.T.);
#7207=EDGE_CURVE('',#8879,#8877,#8880,.T.);
#7208=EDGE_CURVE('',#8875,#8879,#8881,.T.);
#7209=EDGE_CURVE('',#8882,#8883,#8884,.T.);
#7210=EDGE_CURVE('',#8883,#8885,#8886,.T.);
#7211=EDGE_CURVE('',#8887,#8885,#8888,.T.);
#7212=EDGE_CURVE('',#8882,#8887,#8889,.T.);
#7213=EDGE_CURVE('',#8890,#8891,#8892,.T.);
#7214=EDGE_CURVE('',#8891,#8893,#8894,.T.);
#7215=EDGE_CURVE('',#8895,#8893,#8896,.T.);
#7216=EDGE_CURVE('',#8890,#8895,#8897,.T.);
#7217=EDGE_CURVE('',#8898,#8899,#8900,.T.);
#7218=EDGE_CURVE('',#8899,#8901,#8902,.T.);
#7219=EDGE_CURVE('',#8903,#8901,#8904,.T.);
#7220=EDGE_CURVE('',#8898,#8903,#8905,.T.);
#7221=EDGE_CURVE('',#8906,#8907,#8908,.T.);
#7222=EDGE_CURVE('',#8907,#8909,#8910,.T.);
#7223=EDGE_CURVE('',#8911,#8909,#8912,.T.);
#7224=EDGE_CURVE('',#8906,#8911,#8913,.T.);
#7225=EDGE_CURVE('',#8867,#8914,#8915,.T.);
#7226=EDGE_CURVE('',#8871,#8916,#8917,.T.);
#7227=EDGE_CURVE('',#8914,#8916,#8918,.T.);
#7228=EDGE_CURVE('',#8919,#8920,#8921,.T.);
#7229=EDGE_CURVE('',#8914,#8919,#8922,.T.);
#7230=EDGE_CURVE('',#8920,#8916,#8923,.T.);
#7231=EDGE_CURVE('',#8920,#8924,#8925,.T.);
#7232=EDGE_CURVE('',#8869,#8926,#8927,.T.);
#7233=EDGE_CURVE('',#8926,#8924,#8928,.T.);
#7234=EDGE_CURVE('',#8924,#8929,#8930,.T.);
#7235=EDGE_CURVE('',#8926,#8931,#8932,.T.);
#7236=EDGE_CURVE('',#8929,#8931,#8933,.T.);
#7237=EDGE_CURVE('',#8866,#8931,#8934,.T.);
#7238=EDGE_CURVE('',#8929,#8919,#8935,.T.);
#7239=EDGE_CURVE('',#8936,#8937,#8938,.T.);
#7240=EDGE_CURVE('',#8937,#8939,#8940,.T.);
#7241=EDGE_CURVE('',#8939,#8941,#8942,.T.);
#7242=EDGE_CURVE('',#8941,#8936,#8943,.T.);
#7243=EDGE_CURVE('',#8944,#8945,#8946,.T.);
#7244=EDGE_CURVE('',#8945,#8947,#8948,.T.);
#7245=EDGE_CURVE('',#8947,#8949,#8950,.T.);
#7246=EDGE_CURVE('',#8949,#8944,#8951,.T.);
#7247=EDGE_CURVE('',#8952,#8953,#8954,.T.);
#7248=EDGE_CURVE('',#8953,#8955,#8956,.T.);
#7249=EDGE_CURVE('',#8955,#8957,#8958,.T.);
#7250=EDGE_CURVE('',#8957,#8952,#8959,.T.);
#7251=EDGE_CURVE('',#8960,#8941,#8961,.T.);
#7252=EDGE_CURVE('',#8960,#8962,#8963,.T.);
#7253=EDGE_CURVE('',#8936,#8962,#8964,.T.);
#7254=EDGE_CURVE('',#8837,#8962,#8965,.T.);
#7255=EDGE_CURVE('',#8863,#8966,#8967,.T.);
#7256=EDGE_CURVE('',#8966,#8937,#8968,.T.);
#7257=EDGE_CURVE('',#8966,#8969,#8970,.T.);
#7258=EDGE_CURVE('',#8939,#8969,#8971,.T.);
#7259=EDGE_CURVE('',#8972,#8973,#8974,.T.);
#7260=EDGE_CURVE('',#8975,#8972,#8976,.T.);
#7261=EDGE_CURVE('',#8977,#8975,#8978,.T.);
#7262=EDGE_CURVE('',#8979,#8977,#8980,.T.);
#7263=EDGE_CURVE('',#8981,#8979,#8982,.T.);
#7264=EDGE_CURVE('',#8983,#8981,#8984,.T.);
#7265=EDGE_CURVE('',#8985,#8983,#8986,.T.);
#7266=EDGE_CURVE('',#8985,#8987,#8988,.T.);
#7267=EDGE_CURVE('',#8989,#8987,#8990,.T.);
#7268=EDGE_CURVE('',#8991,#8989,#8992,.T.);
#7269=EDGE_CURVE('',#8993,#8991,#8994,.T.);
#7270=EDGE_CURVE('',#8993,#8995,#8996,.T.);
#7271=EDGE_CURVE('',#8995,#8997,#8998,.T.);
#7272=EDGE_CURVE('',#8997,#8999,#9000,.T.);
#7273=EDGE_CURVE('',#8999,#9001,#9002,.T.);
#7274=EDGE_CURVE('',#9001,#9003,#9004,.T.);
#7275=EDGE_CURVE('',#9005,#9003,#9006,.T.);
#7276=EDGE_CURVE('',#9007,#9005,#9008,.T.);
#7277=EDGE_CURVE('',#9009,#9007,#9010,.T.);
#7278=EDGE_CURVE('',#9009,#8973,#9011,.T.);
#7279=EDGE_CURVE('',#8861,#8969,#9012,.T.);
#7280=EDGE_CURVE('',#8859,#9013,#9014,.T.);
#7281=EDGE_CURVE('',#9013,#8949,#9015,.T.);
#7282=EDGE_CURVE('',#8947,#9016,#9017,.T.);
#7283=EDGE_CURVE('',#8853,#9016,#9018,.T.);
#7284=EDGE_CURVE('',#8851,#9019,#9020,.T.);
#7285=EDGE_CURVE('',#9019,#9021,#9022,.T.);
#7286=EDGE_CURVE('',#9023,#9021,#9024,.T.);
#7287=EDGE_CURVE('',#9025,#9023,#9026,.T.);
#7288=EDGE_CURVE('',#9027,#9025,#9028,.T.);
#7289=EDGE_CURVE('',#9027,#9029,#9030,.T.);
#7290=EDGE_CURVE('',#9029,#9031,#9032,.T.);
#7291=EDGE_CURVE('',#9033,#9031,#9034,.T.);
#7292=EDGE_CURVE('',#9035,#9033,#9036,.T.);
#7293=EDGE_CURVE('',#9037,#9035,#9038,.T.);
#7294=EDGE_CURVE('',#9037,#9039,#9040,.T.);
#7295=EDGE_CURVE('',#9039,#9041,#9042,.T.);
#7296=EDGE_CURVE('',#9043,#9041,#9044,.T.);
#7297=EDGE_CURVE('',#9045,#9043,#9046,.T.);
#7298=EDGE_CURVE('',#9047,#9045,#9048,.T.);
#7299=EDGE_CURVE('',#9049,#9047,#9050,.T.);
#7300=EDGE_CURVE('',#9049,#9051,#9052,.T.);
#7301=EDGE_CURVE('',#9051,#9053,#9054,.T.);
#7302=EDGE_CURVE('',#9055,#9053,#9056,.T.);
#7303=EDGE_CURVE('',#9057,#9055,#9058,.T.);
#7304=EDGE_CURVE('',#9059,#9057,#9060,.T.);
#7305=EDGE_CURVE('',#9059,#8770,#9061,.T.);
#7306=EDGE_CURVE('',#8836,#8960,#9062,.T.);
#7307=EDGE_CURVE('',#9063,#9064,#9065,.T.);
#7308=EDGE_CURVE('',#8973,#9064,#9066,.T.);
#7309=EDGE_CURVE('',#9009,#9067,#9068,.T.);
#7310=EDGE_CURVE('',#9067,#9069,#9070,.T.);
#7311=EDGE_CURVE('',#9003,#9069,#9071,.T.);
#7312=EDGE_CURVE('',#8799,#9001,#9072,.T.);
#7313=EDGE_CURVE('',#8797,#9073,#9074,.T.);
#7314=EDGE_CURVE('',#9075,#9073,#9076,.T.);
#7315=EDGE_CURVE('',#8823,#9075,#9077,.T.);
#7316=EDGE_CURVE('',#8706,#8821,#9078,.T.);
#7317=EDGE_CURVE('',#9059,#9079,#9080,.T.);
#7318=EDGE_CURVE('',#9079,#9081,#9082,.T.);
#7319=EDGE_CURVE('',#9053,#9081,#9083,.T.);
#7320=EDGE_CURVE('',#9084,#9051,#9085,.T.);
#7321=EDGE_CURVE('',#9084,#9086,#9087,.T.);
#7322=EDGE_CURVE('',#9063,#9086,#9088,.T.);
#7323=EDGE_CURVE('',#9089,#9090,#9091,.T.);
#7324=EDGE_CURVE('',#9090,#9092,#9093,.T.);
#7325=EDGE_CURVE('',#9094,#9092,#9095,.T.);
#7326=EDGE_CURVE('',#9089,#9094,#9096,.T.);
#7327=EDGE_CURVE('',#9097,#9098,#9099,.T.);
#7328=EDGE_CURVE('',#9098,#9100,#9101,.T.);
#7329=EDGE_CURVE('',#9102,#9100,#9103,.T.);
#7330=EDGE_CURVE('',#9097,#9102,#9104,.T.);
#7331=EDGE_CURVE('',#9105,#9106,#9107,.T.);
#7332=EDGE_CURVE('',#9108,#9105,#9109,.T.);
#7333=EDGE_CURVE('',#9110,#9108,#9111,.T.);
#7334=EDGE_CURVE('',#9106,#9110,#9112,.T.);
#7335=EDGE_CURVE('',#9113,#9102,#9114,.T.);
#7336=EDGE_CURVE('',#9115,#9113,#9116,.T.);
#7337=EDGE_CURVE('',#9097,#9115,#9117,.T.);
#7338=EDGE_CURVE('',#9118,#9119,#9120,.T.);
#7339=EDGE_CURVE('',#9119,#9029,#9121,.T.);
#7340=EDGE_CURVE('',#9027,#9122,#9123,.T.);
#7341=EDGE_CURVE('',#9124,#9122,#9125,.T.);
#7342=EDGE_CURVE('',#9021,#9124,#9126,.T.);
#7343=EDGE_CURVE('',#8715,#9019,#9127,.T.);
#7344=EDGE_CURVE('',#8713,#8819,#9128,.T.);
#7345=EDGE_CURVE('',#8817,#9129,#9130,.T.);
#7346=EDGE_CURVE('',#9129,#9131,#9132,.T.);
#7347=EDGE_CURVE('',#8807,#9131,#9133,.T.);
#7348=EDGE_CURVE('',#8805,#8995,#9134,.T.);
#7349=EDGE_CURVE('',#8993,#9135,#9136,.T.);
#7350=EDGE_CURVE('',#9137,#9135,#9138,.T.);
#7351=EDGE_CURVE('',#8987,#9137,#9139,.T.);
#7352=EDGE_CURVE('',#8985,#9140,#9141,.T.);
#7353=EDGE_CURVE('',#9140,#9142,#9143,.T.);
#7354=EDGE_CURVE('',#9142,#9118,#9144,.T.);
#7355=EDGE_CURVE('',#9145,#9146,#9147,.T.);
#7356=EDGE_CURVE('',#9148,#9146,#9149,.T.);
#7357=EDGE_CURVE('',#9150,#9148,#9151,.T.);
#7358=EDGE_CURVE('',#9150,#9145,#9152,.T.);
#7359=EDGE_CURVE('',#9110,#9153,#9154,.T.);
#7360=EDGE_CURVE('',#9155,#9153,#9156,.T.);
#7361=EDGE_CURVE('',#9106,#9155,#9157,.T.);
#7362=EDGE_CURVE('',#9158,#9155,#9159,.T.);
#7363=EDGE_CURVE('',#9105,#9158,#9160,.T.);
#7364=EDGE_CURVE('',#9161,#9158,#9162,.T.);
#7365=EDGE_CURVE('',#9108,#9161,#9163,.T.);
#7366=EDGE_CURVE('',#9153,#9161,#9164,.T.);
#7367=EDGE_CURVE('',#9098,#9165,#9166,.T.);
#7368=EDGE_CURVE('',#9165,#9167,#9168,.T.);
#7369=EDGE_CURVE('',#9167,#9100,#9169,.T.);
#7370=EDGE_CURVE('',#9113,#9167,#9170,.T.);
#7371=EDGE_CURVE('',#9115,#9165,#9171,.T.);
#7372=EDGE_CURVE('',#9172,#9150,#9173,.T.);
#7373=EDGE_CURVE('',#9174,#9172,#9175,.T.);
#7374=EDGE_CURVE('',#9145,#9174,#9176,.T.);
#7375=EDGE_CURVE('',#9177,#9094,#9178,.T.);
#7376=EDGE_CURVE('',#9179,#9177,#9180,.T.);
#7377=EDGE_CURVE('',#9089,#9179,#9181,.T.);
#7378=EDGE_CURVE('',#9174,#9182,#9183,.T.);
#7379=EDGE_CURVE('',#9146,#9182,#9184,.T.);
#7380=EDGE_CURVE('',#9182,#9185,#9186,.T.);
#7381=EDGE_CURVE('',#9185,#9148,#9187,.T.);
#7382=EDGE_CURVE('',#9090,#9188,#9189,.T.);
#7383=EDGE_CURVE('',#9188,#9190,#9191,.T.);
#7384=EDGE_CURVE('',#9190,#9092,#9192,.T.);
#7385=EDGE_CURVE('',#9172,#9185,#9193,.T.);
#7386=EDGE_CURVE('',#9177,#9190,#9194,.T.);
#7387=EDGE_CURVE('',#9179,#9188,#9195,.T.);
#7388=EDGE_CURVE('',#9196,#9142,#9197,.T.);
#7389=EDGE_CURVE('',#9196,#9198,#9199,.T.);
#7390=EDGE_CURVE('',#9198,#9118,#9200,.T.);
#7391=EDGE_CURVE('',#9086,#9201,#9202,.T.);
#7392=EDGE_CURVE('',#9203,#9201,#9204,.T.);
#7393=EDGE_CURVE('',#9063,#9203,#9205,.T.);
#7394=EDGE_CURVE('',#9206,#9198,#9207,.T.);
#7395=EDGE_CURVE('',#9206,#9119,#9208,.T.);
#7396=EDGE_CURVE('',#9206,#9031,#9209,.T.);
#7397=EDGE_CURVE('',#9210,#9049,#9211,.T.);
#7398=EDGE_CURVE('',#9084,#9210,#9212,.T.);
#7399=EDGE_CURVE('',#8981,#9213,#9214,.T.);
#7400=EDGE_CURVE('',#9215,#9213,#9216,.T.);
#7401=EDGE_CURVE('',#9033,#9215,#9217,.T.);
#7402=EDGE_CURVE('',#9196,#9218,#9219,.T.);
#7403=EDGE_CURVE('',#8983,#9218,#9220,.T.);
#7404=EDGE_CURVE('',#9218,#9140,#9221,.T.);
#7405=EDGE_CURVE('',#8972,#9222,#9223,.T.);
#7406=EDGE_CURVE('',#9064,#9222,#9224,.T.);
#7407=EDGE_CURVE('',#9222,#9203,#9225,.T.);
#7408=EDGE_CURVE('',#9047,#9226,#9227,.T.);
#7409=EDGE_CURVE('',#9228,#9226,#9229,.T.);
#7410=EDGE_CURVE('',#8975,#9228,#9230,.T.);
#7411=EDGE_CURVE('',#9201,#9210,#9231,.T.);
#7412=EDGE_CURVE('',#9232,#9228,#9233,.T.);
#7413=EDGE_CURVE('',#8977,#9232,#9234,.T.);
#7414=EDGE_CURVE('',#9235,#9232,#9236,.T.);
#7415=EDGE_CURVE('',#8979,#9235,#9237,.T.);
#7416=EDGE_CURVE('',#9213,#9235,#9238,.T.);
#7417=EDGE_CURVE('',#9239,#9240,#9241,.T.);
#7418=EDGE_CURVE('',#9240,#9215,#9242,.T.);
#7419=EDGE_CURVE('',#9226,#9243,#9244,.T.);
#7420=EDGE_CURVE('',#9243,#9245,#9246,.T.);
#7421=EDGE_CURVE('',#9245,#9247,#9248,.T.);
#7422=EDGE_CURVE('',#9249,#9247,#9250,.T.);
#7423=EDGE_CURVE('',#9251,#9249,#9252,.T.);
#7424=EDGE_CURVE('',#9253,#9251,#9254,.T.);
#7425=EDGE_CURVE('',#9255,#9253,#9256,.T.);
#7426=EDGE_CURVE('',#9257,#9255,#9258,.T.);
#7427=EDGE_CURVE('',#9239,#9257,#9259,.T.);
#7428=EDGE_CURVE('',#9257,#9260,#9261,.T.);
#7429=EDGE_CURVE('',#9039,#9260,#9262,.T.);
#7430=EDGE_CURVE('',#9239,#9037,#9263,.T.);
#7431=EDGE_CURVE('',#9035,#9240,#9264,.T.);
#7432=EDGE_CURVE('',#9045,#9243,#9265,.T.);
#7433=EDGE_CURVE('',#9245,#9043,#9266,.T.);
#7434=EDGE_CURVE('',#9041,#9267,#9268,.T.);
#7435=EDGE_CURVE('',#9247,#9267,#9269,.T.);
#7436=EDGE_CURVE('',#9255,#9270,#9271,.T.);
#7437=EDGE_CURVE('',#9270,#9260,#9272,.T.);
#7438=EDGE_CURVE('',#9267,#9273,#9274,.T.);
#7439=EDGE_CURVE('',#9249,#9273,#9275,.T.);
#7440=EDGE_CURVE('',#9276,#9270,#9277,.T.);
#7441=EDGE_CURVE('',#9278,#9276,#9279,.T.);
#7442=EDGE_CURVE('',#9273,#9278,#9280,.T.);
#7443=EDGE_CURVE('',#9260,#9267,#9281,.T.);
#7444=EDGE_CURVE('',#9282,#9283,#9284,.T.);
#7445=EDGE_CURVE('',#9283,#9285,#9286,.T.);
#7446=EDGE_CURVE('',#9287,#9285,#9288,.T.);
#7447=EDGE_CURVE('',#9282,#9287,#9289,.T.);
#7448=EDGE_CURVE('',#9290,#9291,#9292,.T.);
#7449=EDGE_CURVE('',#9291,#9293,#9294,.T.);
#7450=EDGE_CURVE('',#9295,#9293,#9296,.T.);
#7451=EDGE_CURVE('',#9290,#9295,#9297,.T.);
#7452=EDGE_CURVE('',#9298,#9299,#9300,.T.);
#7453=EDGE_CURVE('',#9299,#9301,#9302,.T.);
#7454=EDGE_CURVE('',#9303,#9301,#9304,.T.);
#7455=EDGE_CURVE('',#9298,#9303,#9305,.T.);
#7456=EDGE_CURVE('',#9306,#9307,#9308,.T.);
#7457=EDGE_CURVE('',#9307,#9309,#9310,.T.);
#7458=EDGE_CURVE('',#9311,#9309,#9312,.T.);
#7459=EDGE_CURVE('',#9306,#9311,#9313,.T.);
#7460=EDGE_CURVE('',#9314,#9315,#9316,.T.);
#7461=EDGE_CURVE('',#9317,#9315,#9318,.T.);
#7462=EDGE_CURVE('',#9319,#9317,#9320,.T.);
#7463=EDGE_CURVE('',#9319,#9314,#9321,.T.);
#7464=EDGE_CURVE('',#9322,#9323,#9324,.T.);
#7465=EDGE_CURVE('',#9325,#9323,#9326,.T.);
#7466=EDGE_CURVE('',#9327,#9325,#9328,.T.);
#7467=EDGE_CURVE('',#9327,#9322,#9329,.T.);
#7468=EDGE_CURVE('',#9330,#9331,#9332,.T.);
#7469=EDGE_CURVE('',#9333,#9331,#9334,.T.);
#7470=EDGE_CURVE('',#9335,#9333,#9336,.T.);
#7471=EDGE_CURVE('',#9335,#9330,#9337,.T.);
#7472=EDGE_CURVE('',#9338,#9339,#9340,.T.);
#7473=EDGE_CURVE('',#9341,#9339,#9342,.T.);
#7474=EDGE_CURVE('',#9343,#9341,#9344,.T.);
#7475=EDGE_CURVE('',#9343,#9338,#9345,.T.);
#7476=EDGE_CURVE('',#9346,#8887,#9347,.T.);
#7477=EDGE_CURVE('',#9348,#9346,#9349,.T.);
#7478=EDGE_CURVE('',#8882,#9348,#9350,.T.);
#7479=EDGE_CURVE('',#9351,#8895,#9352,.T.);
#7480=EDGE_CURVE('',#9353,#9351,#9354,.T.);
#7481=EDGE_CURVE('',#8890,#9353,#9355,.T.);
#7482=EDGE_CURVE('',#9356,#9287,#9357,.T.);
#7483=EDGE_CURVE('',#9358,#9356,#9359,.T.);
#7484=EDGE_CURVE('',#9314,#9358,#9360,.T.);
#7485=EDGE_CURVE('',#9361,#9319,#9362,.T.);
#7486=EDGE_CURVE('',#9363,#9361,#9364,.T.);
#7487=EDGE_CURVE('',#9282,#9363,#9365,.T.);
#7488=EDGE_CURVE('',#9366,#9295,#9367,.T.);
#7489=EDGE_CURVE('',#9368,#9366,#9369,.T.);
#7490=EDGE_CURVE('',#9322,#9368,#9370,.T.);
#7491=EDGE_CURVE('',#9371,#9327,#9372,.T.);
#7492=EDGE_CURVE('',#9373,#9371,#9374,.T.);
#7493=EDGE_CURVE('',#9290,#9373,#9375,.T.);
#7494=EDGE_CURVE('',#9348,#9376,#9377,.T.);
#7495=EDGE_CURVE('',#8883,#9376,#9378,.T.);
#7496=EDGE_CURVE('',#9379,#9317,#9380,.T.);
#7497=EDGE_CURVE('',#9361,#9379,#9381,.T.);
#7498=EDGE_CURVE('',#9376,#9382,#9383,.T.);
#7499=EDGE_CURVE('',#9382,#8885,#9384,.T.);
#7500=EDGE_CURVE('',#8891,#9385,#9386,.T.);
#7501=EDGE_CURVE('',#9385,#9387,#9388,.T.);
#7502=EDGE_CURVE('',#9387,#8893,#9389,.T.);
#7503=EDGE_CURVE('',#9283,#9390,#9391,.T.);
#7504=EDGE_CURVE('',#9390,#9379,#9392,.T.);
#7505=EDGE_CURVE('',#9315,#9393,#9394,.T.);
#7506=EDGE_CURVE('',#9393,#9395,#9396,.T.);
#7507=EDGE_CURVE('',#9395,#9285,#9397,.T.);
#7508=EDGE_CURVE('',#9291,#9398,#9399,.T.);
#7509=EDGE_CURVE('',#9398,#9400,#9401,.T.);
#7510=EDGE_CURVE('',#9400,#9325,#9402,.T.);
#7511=EDGE_CURVE('',#9323,#9403,#9404,.T.);
#7512=EDGE_CURVE('',#9403,#9405,#9406,.T.);
#7513=EDGE_CURVE('',#9405,#9293,#9407,.T.);
#7514=EDGE_CURVE('',#9346,#9382,#9408,.T.);
#7515=EDGE_CURVE('',#9358,#9393,#9409,.T.);
#7516=EDGE_CURVE('',#9356,#9395,#9410,.T.);
#7517=EDGE_CURVE('',#9351,#9387,#9411,.T.);
#7518=EDGE_CURVE('',#9368,#9403,#9412,.T.);
#7519=EDGE_CURVE('',#9353,#9385,#9413,.T.);
#7520=EDGE_CURVE('',#9371,#9400,#9414,.T.);
#7521=EDGE_CURVE('',#9373,#9398,#9415,.T.);
#7522=EDGE_CURVE('',#9366,#9405,#9416,.T.);
#7523=EDGE_CURVE('',#9363,#9390,#9417,.T.);
#7524=EDGE_CURVE('',#9418,#8903,#9419,.T.);
#7525=EDGE_CURVE('',#9420,#9418,#9421,.T.);
#7526=EDGE_CURVE('',#8898,#9420,#9422,.T.);
#7527=EDGE_CURVE('',#9423,#8911,#9424,.T.);
#7528=EDGE_CURVE('',#9425,#9423,#9426,.T.);
#7529=EDGE_CURVE('',#8906,#9425,#9427,.T.);
#7530=EDGE_CURVE('',#9428,#9429,#9430,.T.);
#7531=EDGE_CURVE('',#9306,#9428,#9431,.T.);
#7532=EDGE_CURVE('',#9432,#9311,#9433,.T.);
#7533=EDGE_CURVE('',#9434,#9432,#9435,.T.);
#7534=EDGE_CURVE('',#9338,#9434,#9436,.T.);
#7535=EDGE_CURVE('',#9429,#9343,#9437,.T.);
#7536=EDGE_CURVE('',#9438,#9439,#9440,.T.);
#7537=EDGE_CURVE('',#9298,#9438,#9441,.T.);
#7538=EDGE_CURVE('',#9442,#9303,#9443,.T.);
#7539=EDGE_CURVE('',#9444,#9442,#9445,.T.);
#7540=EDGE_CURVE('',#9330,#9444,#9446,.T.);
#7541=EDGE_CURVE('',#9439,#9335,#9447,.T.);
#7542=EDGE_CURVE('',#9420,#9448,#9449,.T.);
#7543=EDGE_CURVE('',#8899,#9448,#9450,.T.);
#7544=EDGE_CURVE('',#9451,#9333,#9452,.T.);
#7545=EDGE_CURVE('',#9439,#9451,#9453,.T.);
#7546=EDGE_CURVE('',#9448,#9454,#9455,.T.);
#7547=EDGE_CURVE('',#9454,#8901,#9456,.T.);
#7548=EDGE_CURVE('',#8907,#9457,#9458,.T.);
#7549=EDGE_CURVE('',#9457,#9459,#9460,.T.);
#7550=EDGE_CURVE('',#9459,#8909,#9461,.T.);
#7551=EDGE_CURVE('',#9339,#9462,#9463,.T.);
#7552=EDGE_CURVE('',#9462,#9464,#9465,.T.);
#7553=EDGE_CURVE('',#9464,#9309,#9466,.T.);
#7554=EDGE_CURVE('',#9307,#9467,#9468,.T.);
#7555=EDGE_CURVE('',#9467,#9469,#9470,.T.);
#7556=EDGE_CURVE('',#9469,#9341,#9471,.T.);
#7557=EDGE_CURVE('',#9331,#9472,#9473,.T.);
#7558=EDGE_CURVE('',#9472,#9474,#9475,.T.);
#7559=EDGE_CURVE('',#9474,#9301,#9476,.T.);
#7560=EDGE_CURVE('',#9299,#9477,#9478,.T.);
#7561=EDGE_CURVE('',#9477,#9451,#9479,.T.);
#7562=EDGE_CURVE('',#9418,#9454,#9480,.T.);
#7563=EDGE_CURVE('',#9444,#9472,#9481,.T.);
#7564=EDGE_CURVE('',#9442,#9474,#9482,.T.);
#7565=EDGE_CURVE('',#9423,#9459,#9483,.T.);
#7566=EDGE_CURVE('',#9434,#9462,#9484,.T.);
#7567=EDGE_CURVE('',#9425,#9457,#9485,.T.);
#7568=EDGE_CURVE('',#9429,#9469,#9486,.T.);
#7569=EDGE_CURVE('',#9428,#9467,#9487,.T.);
#7570=EDGE_CURVE('',#9432,#9464,#9488,.T.);
#7571=EDGE_CURVE('',#9438,#9477,#9489,.T.);
#7572=EDGE_CURVE('',#9251,#9278,#9490,.T.);
#7573=EDGE_CURVE('',#9253,#9276,#9491,.T.);
#7574=EDGE_CURVE('',#9492,#9137,#9493,.T.);
#7575=EDGE_CURVE('',#9492,#8989,#9494,.T.);
#7576=EDGE_CURVE('',#9495,#8991,#9496,.T.);
#7577=EDGE_CURVE('',#9495,#9492,#9497,.T.);
#7578=EDGE_CURVE('',#9122,#9498,#9499,.T.);
#7579=EDGE_CURVE('',#9498,#9500,#9501,.T.);
#7580=EDGE_CURVE('',#9500,#9124,#9502,.T.);
#7581=EDGE_CURVE('',#9079,#9503,#9504,.T.);
#7582=EDGE_CURVE('',#9503,#9505,#9506,.T.);
#7583=EDGE_CURVE('',#9505,#9081,#9507,.T.);
#7584=EDGE_CURVE('',#9135,#9495,#9508,.T.);
#7585=EDGE_CURVE('',#9067,#9509,#9510,.T.);
#7586=EDGE_CURVE('',#9509,#9511,#9512,.T.);
#7587=EDGE_CURVE('',#9511,#9069,#9513,.T.);
#7588=EDGE_CURVE('',#9500,#9023,#9514,.T.);
#7589=EDGE_CURVE('',#9498,#9025,#9515,.T.);
#7590=EDGE_CURVE('',#9505,#9055,#9516,.T.);
#7591=EDGE_CURVE('',#9503,#9057,#9517,.T.);
#7592=EDGE_CURVE('',#9511,#9005,#9518,.T.);
#7593=EDGE_CURVE('',#9509,#9007,#9519,.T.);
#7594=EDGE_CURVE('',#8803,#8997,#9520,.T.);
#7595=EDGE_CURVE('',#8801,#8999,#9521,.T.);
#7596=EDGE_CURVE('',#9522,#9523,#9524,.T.);
#7597=EDGE_CURVE('',#8809,#9522,#9525,.T.);
#7598=EDGE_CURVE('',#9526,#9131,#9527,.T.);
#7599=EDGE_CURVE('',#9526,#9523,#9528,.T.);
#7600=EDGE_CURVE('',#9529,#9530,#9531,.T.);
#7601=EDGE_CURVE('',#9523,#9530,#9532,.T.);
#7602=EDGE_CURVE('',#9526,#9529,#9533,.T.);
#7603=EDGE_CURVE('',#9129,#9529,#9534,.T.);
#7604=EDGE_CURVE('',#9073,#9535,#9536,.T.);
#7605=EDGE_CURVE('',#9537,#9535,#9538,.T.);
#7606=EDGE_CURVE('',#9537,#9075,#9539,.T.);
#7607=EDGE_CURVE('',#8816,#9540,#9541,.T.);
#7608=EDGE_CURVE('',#9530,#9540,#9542,.T.);
#7609=EDGE_CURVE('',#9543,#9544,#9545,.T.);
#7610=EDGE_CURVE('',#9544,#9546,#9547,.T.);
#7611=EDGE_CURVE('',#9546,#9548,#9549,.T.);
#7612=EDGE_CURVE('',#9548,#9550,#9551,.T.);
#7613=EDGE_CURVE('',#9550,#9552,#9553,.T.);
#7614=EDGE_CURVE('',#9552,#9554,#9555,.T.);
#7615=EDGE_CURVE('',#9554,#9522,#9556,.T.);
#7616=EDGE_CURVE('',#9540,#9557,#9558,.T.);
#7617=EDGE_CURVE('',#9557,#9559,#9560,.T.);
#7618=EDGE_CURVE('',#9559,#9561,#9562,.T.);
#7619=EDGE_CURVE('',#9561,#9563,#9564,.T.);
#7620=EDGE_CURVE('',#9563,#9565,#9566,.T.);
#7621=EDGE_CURVE('',#9565,#9567,#9568,.T.);
#7622=EDGE_CURVE('',#9567,#9569,#9570,.T.);
#7623=EDGE_CURVE('',#9569,#9571,#9572,.T.);
#7624=EDGE_CURVE('',#9571,#9573,#9574,.T.);
#7625=EDGE_CURVE('',#9573,#9543,#9575,.T.);
#7626=EDGE_CURVE('',#9576,#9577,#9578,.T.);
#7627=EDGE_CURVE('',#8395,#9577,#9579,.T.);
#7628=EDGE_CURVE('',#8392,#9580,#9581,.T.);
#7629=EDGE_CURVE('',#9582,#9580,#9583,.T.);
#7630=EDGE_CURVE('',#9582,#9584,#9585,.T.);
#7631=EDGE_CURVE('',#9586,#9584,#9587,.T.);
#7632=EDGE_CURVE('',#9586,#9588,#9589,.T.);
#7633=EDGE_CURVE('',#9590,#9588,#9591,.T.);
#7634=EDGE_CURVE('',#9590,#8401,#9592,.T.);
#7635=EDGE_CURVE('',#9593,#8405,#9594,.T.);
#7636=EDGE_CURVE('',#9593,#9595,#9596,.T.);
#7637=EDGE_CURVE('',#9576,#9595,#9597,.T.);
#7638=EDGE_CURVE('',#9598,#9599,#9600,.T.);
#7639=EDGE_CURVE('',#9598,#9576,#9601,.T.);
#7640=EDGE_CURVE('',#9599,#9595,#9602,.T.);
#7641=EDGE_CURVE('',#9603,#9604,#9605,.T.);
#7642=EDGE_CURVE('',#9606,#9604,#9607,.T.);
#7643=EDGE_CURVE('',#9608,#9606,#9609,.T.);
#7644=EDGE_CURVE('',#9608,#9603,#9610,.T.);
#7645=EDGE_CURVE('',#9611,#9612,#9613,.T.);
#7646=EDGE_CURVE('',#9614,#9612,#9615,.T.);
#7647=EDGE_CURVE('',#9616,#9614,#9617,.T.);
#7648=EDGE_CURVE('',#9616,#9611,#9618,.T.);
#7649=EDGE_CURVE('',#9619,#9620,#9621,.T.);
#7650=EDGE_CURVE('',#9599,#9619,#9622,.T.);
#7651=EDGE_CURVE('',#9620,#9593,#9623,.T.);
#7652=EDGE_CURVE('',#9624,#9625,#9626,.T.);
#7653=EDGE_CURVE('',#9624,#9590,#9627,.T.);
#7654=EDGE_CURVE('',#9625,#9588,#9628,.T.);
#7655=EDGE_CURVE('',#9620,#8403,#9629,.T.);
#7656=EDGE_CURVE('',#9630,#9631,#9632,.T.);
#7657=EDGE_CURVE('',#9625,#9630,#9633,.T.);
#7658=EDGE_CURVE('',#9631,#9586,#9634,.T.);
#7659=EDGE_CURVE('',#9635,#9584,#9636,.T.);
#7660=EDGE_CURVE('',#9631,#9635,#9637,.T.);
#7661=EDGE_CURVE('',#9638,#9639,#9640,.T.);
#7662=EDGE_CURVE('',#9639,#9641,#9642,.T.);
#7663=EDGE_CURVE('',#9643,#9641,#9644,.T.);
#7664=EDGE_CURVE('',#9638,#9643,#9645,.T.);
#7665=EDGE_CURVE('',#9646,#9647,#9648,.T.);
#7666=EDGE_CURVE('',#9647,#9649,#9650,.T.);
#7667=EDGE_CURVE('',#9651,#9649,#9652,.T.);
#7668=EDGE_CURVE('',#9646,#9651,#9653,.T.);
#7669=EDGE_CURVE('',#9635,#9654,#9655,.T.);
#7670=EDGE_CURVE('',#9656,#9654,#9657,.T.);
#7671=EDGE_CURVE('',#9658,#9656,#9659,.T.);
#7672=EDGE_CURVE('',#9658,#9630,#9660,.T.);
#7673=EDGE_CURVE('',#9661,#9658,#9662,.T.);
#7674=EDGE_CURVE('',#9661,#9619,#9663,.T.);
#7675=EDGE_CURVE('',#8400,#9624,#9664,.T.);
#7676=EDGE_CURVE('',#9665,#9661,#9666,.T.);
#7677=EDGE_CURVE('',#9665,#9667,#9668,.T.);
#7678=EDGE_CURVE('',#9667,#9598,#9669,.T.);
#7679=EDGE_CURVE('',#9670,#9667,#9671,.T.);
#7680=EDGE_CURVE('',#9670,#9577,#9672,.T.);
#7681=EDGE_CURVE('',#9673,#9580,#9674,.T.);
#7682=EDGE_CURVE('',#9675,#9673,#9676,.T.);
#7683=EDGE_CURVE('',#9675,#9582,#9677,.T.);
#7684=EDGE_CURVE('',#8397,#9670,#9678,.T.);
#7685=EDGE_CURVE('',#9654,#9675,#9679,.T.);
#7686=EDGE_CURVE('',#9673,#8393,#9680,.T.);
#7687=EDGE_CURVE('',#9665,#9656,#9681,.T.);
#7688=EDGE_CURVE('',#9682,#9683,#9684,.T.);
#7689=EDGE_CURVE('',#9685,#9682,#9686,.T.);
#7690=EDGE_CURVE('',#9687,#9685,#9688,.T.);
#7691=EDGE_CURVE('',#9689,#9687,#9690,.T.);
#7692=EDGE_CURVE('',#9691,#9689,#9692,.T.);
#7693=EDGE_CURVE('',#9693,#9691,#9694,.T.);
#7694=EDGE_CURVE('',#9683,#9693,#9695,.T.);
#7695=EDGE_CURVE('',#9696,#9697,#9698,.T.);
#7696=EDGE_CURVE('',#9699,#9696,#9700,.T.);
#7697=EDGE_CURVE('',#9701,#9699,#9702,.T.);
#7698=EDGE_CURVE('',#9703,#9701,#9704,.T.);
#7699=EDGE_CURVE('',#9705,#9703,#9706,.T.);
#7700=EDGE_CURVE('',#9707,#9705,#9708,.T.);
#7701=EDGE_CURVE('',#9709,#9707,#9710,.T.);
#7702=EDGE_CURVE('',#9711,#9709,#9712,.T.);
#7703=EDGE_CURVE('',#9713,#9711,#9714,.T.);
#7704=EDGE_CURVE('',#9715,#9713,#9716,.T.);
#7705=EDGE_CURVE('',#9697,#9715,#9717,.T.);
#7706=EDGE_CURVE('',#9718,#9719,#9720,.T.);
#7707=EDGE_CURVE('',#9721,#9718,#9722,.T.);
#7708=EDGE_CURVE('',#9723,#9721,#9724,.T.);
#7709=EDGE_CURVE('',#9725,#9723,#9726,.T.);
#7710=EDGE_CURVE('',#9727,#9725,#9728,.T.);
#7711=EDGE_CURVE('',#9729,#9727,#9730,.T.);
#7712=EDGE_CURVE('',#9731,#9729,#9732,.T.);
#7713=EDGE_CURVE('',#9733,#9731,#9734,.T.);
#7714=EDGE_CURVE('',#9735,#9733,#9736,.T.);
#7715=EDGE_CURVE('',#9737,#9735,#9738,.T.);
#7716=EDGE_CURVE('',#9739,#9737,#9740,.T.);
#7717=EDGE_CURVE('',#9741,#9739,#9742,.T.);
#7718=EDGE_CURVE('',#9743,#9741,#9744,.T.);
#7719=EDGE_CURVE('',#9745,#9743,#9746,.T.);
#7720=EDGE_CURVE('',#9747,#9745,#9748,.T.);
#7721=EDGE_CURVE('',#9749,#9747,#9750,.T.);
#7722=EDGE_CURVE('',#9751,#9749,#9752,.T.);
#7723=EDGE_CURVE('',#9753,#9751,#9754,.T.);
#7724=EDGE_CURVE('',#9755,#9753,#9756,.T.);
#7725=EDGE_CURVE('',#9757,#9755,#9758,.T.);
#7726=EDGE_CURVE('',#9759,#9757,#9760,.T.);
#7727=EDGE_CURVE('',#9761,#9759,#9762,.T.);
#7728=EDGE_CURVE('',#9763,#9761,#9764,.T.);
#7729=EDGE_CURVE('',#9765,#9763,#9766,.T.);
#7730=EDGE_CURVE('',#9767,#9765,#9768,.T.);
#7731=EDGE_CURVE('',#9769,#9767,#9770,.T.);
#7732=EDGE_CURVE('',#9771,#9769,#9772,.T.);
#7733=EDGE_CURVE('',#9719,#9771,#9773,.T.);
#7734=EDGE_CURVE('',#9774,#9775,#9776,.T.);
#7735=EDGE_CURVE('',#9777,#9774,#9778,.T.);
#7736=EDGE_CURVE('',#9779,#9777,#9780,.T.);
#7737=EDGE_CURVE('',#9781,#9779,#9782,.T.);
#7738=EDGE_CURVE('',#9783,#9781,#9784,.T.);
#7739=EDGE_CURVE('',#9785,#9783,#9786,.T.);
#7740=EDGE_CURVE('',#9787,#9785,#9788,.T.);
#7741=EDGE_CURVE('',#9789,#9787,#9790,.T.);
#7742=EDGE_CURVE('',#9791,#9789,#9792,.T.);
#7743=EDGE_CURVE('',#9793,#9791,#9794,.T.);
#7744=EDGE_CURVE('',#9795,#9793,#9796,.T.);
#7745=EDGE_CURVE('',#9797,#9795,#9798,.T.);
#7746=EDGE_CURVE('',#9799,#9797,#9800,.T.);
#7747=EDGE_CURVE('',#9801,#9799,#9802,.T.);
#7748=EDGE_CURVE('',#9803,#9801,#9804,.T.);
#7749=EDGE_CURVE('',#9805,#9803,#9806,.T.);
#7750=EDGE_CURVE('',#9807,#9805,#9808,.T.);
#7751=EDGE_CURVE('',#9809,#9807,#9810,.T.);
#7752=EDGE_CURVE('',#9811,#9809,#9812,.T.);
#7753=EDGE_CURVE('',#9813,#9811,#9814,.T.);
#7754=EDGE_CURVE('',#9815,#9813,#9816,.T.);
#7755=EDGE_CURVE('',#9817,#9815,#9818,.T.);
#7756=EDGE_CURVE('',#9819,#9817,#9820,.T.);
#7757=EDGE_CURVE('',#9821,#9819,#9822,.T.);
#7758=EDGE_CURVE('',#9823,#9821,#9824,.T.);
#7759=EDGE_CURVE('',#9825,#9823,#9826,.T.);
#7760=EDGE_CURVE('',#9827,#9825,#9828,.T.);
#7761=EDGE_CURVE('',#9829,#9827,#9830,.T.);
#7762=EDGE_CURVE('',#9831,#9829,#9832,.T.);
#7763=EDGE_CURVE('',#9833,#9831,#9834,.T.);
#7764=EDGE_CURVE('',#9835,#9833,#9836,.T.);
#7765=EDGE_CURVE('',#9837,#9835,#9838,.T.);
#7766=EDGE_CURVE('',#9839,#9837,#9840,.T.);
#7767=EDGE_CURVE('',#9841,#9839,#9842,.T.);
#7768=EDGE_CURVE('',#9843,#9841,#9844,.T.);
#7769=EDGE_CURVE('',#9845,#9843,#9846,.T.);
#7770=EDGE_CURVE('',#9847,#9845,#9848,.T.);
#7771=EDGE_CURVE('',#9849,#9847,#9850,.T.);
#7772=EDGE_CURVE('',#9851,#9849,#9852,.T.);
#7773=EDGE_CURVE('',#9853,#9851,#9854,.T.);
#7774=EDGE_CURVE('',#9855,#9853,#9856,.T.);
#7775=EDGE_CURVE('',#9857,#9855,#9858,.T.);
#7776=EDGE_CURVE('',#9859,#9857,#9860,.T.);
#7777=EDGE_CURVE('',#9861,#9859,#9862,.T.);
#7778=EDGE_CURVE('',#9863,#9861,#9864,.T.);
#7779=EDGE_CURVE('',#9865,#9863,#9866,.T.);
#7780=EDGE_CURVE('',#9867,#9865,#9868,.T.);
#7781=EDGE_CURVE('',#9869,#9867,#9870,.T.);
#7782=EDGE_CURVE('',#9871,#9869,#9872,.T.);
#7783=EDGE_CURVE('',#9873,#9871,#9874,.T.);
#7784=EDGE_CURVE('',#9875,#9873,#9876,.T.);
#7785=EDGE_CURVE('',#9877,#9875,#9878,.T.);
#7786=EDGE_CURVE('',#9879,#9877,#9880,.T.);
#7787=EDGE_CURVE('',#9881,#9879,#9882,.T.);
#7788=EDGE_CURVE('',#9883,#9881,#9884,.T.);
#7789=EDGE_CURVE('',#9885,#9883,#9886,.T.);
#7790=EDGE_CURVE('',#9775,#9885,#9887,.T.);
#7791=EDGE_CURVE('',#9888,#9889,#9890,.T.);
#7792=EDGE_CURVE('',#9891,#9888,#9892,.T.);
#7793=EDGE_CURVE('',#9889,#9891,#9893,.T.);
#7794=EDGE_CURVE('',#9693,#9894,#9895,.T.);
#7795=EDGE_CURVE('',#9896,#9894,#9897,.T.);
#7796=EDGE_CURVE('',#9683,#9896,#9898,.T.);
#7797=EDGE_CURVE('',#9899,#9896,#9900,.T.);
#7798=EDGE_CURVE('',#9682,#9899,#9901,.T.);
#7799=EDGE_CURVE('',#9902,#9899,#9903,.T.);
#7800=EDGE_CURVE('',#9685,#9902,#9904,.T.);
#7801=EDGE_CURVE('',#9905,#9902,#9906,.T.);
#7802=EDGE_CURVE('',#9687,#9905,#9907,.T.);
#7803=EDGE_CURVE('',#9908,#9905,#9909,.T.);
#7804=EDGE_CURVE('',#9689,#9908,#9910,.T.);
#7805=EDGE_CURVE('',#9911,#9908,#9912,.T.);
#7806=EDGE_CURVE('',#9691,#9911,#9913,.T.);
#7807=EDGE_CURVE('',#9894,#9911,#9914,.T.);
#7808=EDGE_CURVE('',#9915,#9916,#9917,.T.);
#7809=EDGE_CURVE('',#9916,#9918,#9919,.T.);
#7810=EDGE_CURVE('',#9918,#9920,#9921,.T.);
#7811=EDGE_CURVE('',#9920,#9922,#9923,.T.);
#7812=EDGE_CURVE('',#9922,#9924,#9925,.T.);
#7813=EDGE_CURVE('',#9924,#9926,#9927,.T.);
#7814=EDGE_CURVE('',#9926,#9928,#9929,.T.);
#7815=EDGE_CURVE('',#9928,#9930,#9931,.T.);
#7816=EDGE_CURVE('',#9930,#9932,#9933,.T.);
#7817=EDGE_CURVE('',#9932,#9934,#9935,.T.);
#7818=EDGE_CURVE('',#9934,#9915,#9936,.T.);
#7819=EDGE_CURVE('',#9937,#9938,#9939,.T.);
#7820=EDGE_CURVE('',#9938,#9940,#9941,.T.);
#7821=EDGE_CURVE('',#9940,#9937,#9942,.T.);
#7822=EDGE_CURVE('',#9943,#9944,#9945,.T.);
#7823=EDGE_CURVE('',#9944,#9946,#9947,.T.);
#7824=EDGE_CURVE('',#9946,#9948,#9949,.T.);
#7825=EDGE_CURVE('',#9948,#9950,#9951,.T.);
#7826=EDGE_CURVE('',#9950,#9952,#9953,.T.);
#7827=EDGE_CURVE('',#9952,#9954,#9955,.T.);
#7828=EDGE_CURVE('',#9954,#9956,#9957,.T.);
#7829=EDGE_CURVE('',#9956,#9958,#9959,.T.);
#7830=EDGE_CURVE('',#9958,#9960,#9961,.T.);
#7831=EDGE_CURVE('',#9960,#9962,#9963,.T.);
#7832=EDGE_CURVE('',#9962,#9964,#9965,.T.);
#7833=EDGE_CURVE('',#9964,#9966,#9967,.T.);
#7834=EDGE_CURVE('',#9966,#9968,#9969,.T.);
#7835=EDGE_CURVE('',#9968,#9970,#9971,.T.);
#7836=EDGE_CURVE('',#9970,#9972,#9973,.T.);
#7837=EDGE_CURVE('',#9972,#9974,#9975,.T.);
#7838=EDGE_CURVE('',#9974,#9976,#9977,.T.);
#7839=EDGE_CURVE('',#9976,#9978,#9979,.T.);
#7840=EDGE_CURVE('',#9978,#9980,#9981,.T.);
#7841=EDGE_CURVE('',#9980,#9982,#9983,.T.);
#7842=EDGE_CURVE('',#9982,#9984,#9985,.T.);
#7843=EDGE_CURVE('',#9984,#9986,#9987,.T.);
#7844=EDGE_CURVE('',#9986,#9988,#9989,.T.);
#7845=EDGE_CURVE('',#9988,#9990,#9991,.T.);
#7846=EDGE_CURVE('',#9990,#9992,#9993,.T.);
#7847=EDGE_CURVE('',#9992,#9994,#9995,.T.);
#7848=EDGE_CURVE('',#9994,#9996,#9997,.T.);
#7849=EDGE_CURVE('',#9996,#9943,#9998,.T.);
#7850=EDGE_CURVE('',#9999,#10000,#10001,.T.);
#7851=EDGE_CURVE('',#10000,#10002,#10003,.T.);
#7852=EDGE_CURVE('',#10002,#10004,#10005,.T.);
#7853=EDGE_CURVE('',#10004,#10006,#10007,.T.);
#7854=EDGE_CURVE('',#10006,#10008,#10009,.T.);
#7855=EDGE_CURVE('',#10008,#10010,#10011,.T.);
#7856=EDGE_CURVE('',#10010,#10012,#10013,.T.);
#7857=EDGE_CURVE('',#10012,#10014,#10015,.T.);
#7858=EDGE_CURVE('',#10014,#10016,#10017,.T.);
#7859=EDGE_CURVE('',#10016,#10018,#10019,.T.);
#7860=EDGE_CURVE('',#10018,#10020,#10021,.T.);
#7861=EDGE_CURVE('',#10020,#10022,#10023,.T.);
#7862=EDGE_CURVE('',#10022,#10024,#10025,.T.);
#7863=EDGE_CURVE('',#10024,#10026,#10027,.T.);
#7864=EDGE_CURVE('',#10026,#10028,#10029,.T.);
#7865=EDGE_CURVE('',#10028,#10030,#10031,.T.);
#7866=EDGE_CURVE('',#10030,#10032,#10033,.T.);
#7867=EDGE_CURVE('',#10032,#10034,#10035,.T.);
#7868=EDGE_CURVE('',#10034,#10036,#10037,.T.);
#7869=EDGE_CURVE('',#10036,#10038,#10039,.T.);
#7870=EDGE_CURVE('',#10038,#10040,#10041,.T.);
#7871=EDGE_CURVE('',#10040,#10042,#10043,.T.);
#7872=EDGE_CURVE('',#10042,#10044,#10045,.T.);
#7873=EDGE_CURVE('',#10044,#10046,#10047,.T.);
#7874=EDGE_CURVE('',#10046,#10048,#10049,.T.);
#7875=EDGE_CURVE('',#10048,#10050,#10051,.T.);
#7876=EDGE_CURVE('',#10050,#10052,#10053,.T.);
#7877=EDGE_CURVE('',#10052,#10054,#10055,.T.);
#7878=EDGE_CURVE('',#10054,#10056,#10057,.T.);
#7879=EDGE_CURVE('',#10056,#10058,#10059,.T.);
#7880=EDGE_CURVE('',#10058,#10060,#10061,.T.);
#7881=EDGE_CURVE('',#10060,#10062,#10063,.T.);
#7882=EDGE_CURVE('',#10062,#10064,#10065,.T.);
#7883=EDGE_CURVE('',#10064,#10066,#10067,.T.);
#7884=EDGE_CURVE('',#10066,#10068,#10069,.T.);
#7885=EDGE_CURVE('',#10068,#10070,#10071,.T.);
#7886=EDGE_CURVE('',#10070,#10072,#10073,.T.);
#7887=EDGE_CURVE('',#10072,#10074,#10075,.T.);
#7888=EDGE_CURVE('',#10074,#10076,#10077,.T.);
#7889=EDGE_CURVE('',#10076,#10078,#10079,.T.);
#7890=EDGE_CURVE('',#10078,#10080,#10081,.T.);
#7891=EDGE_CURVE('',#10080,#10082,#10083,.T.);
#7892=EDGE_CURVE('',#10082,#10084,#10085,.T.);
#7893=EDGE_CURVE('',#10084,#10086,#10087,.T.);
#7894=EDGE_CURVE('',#10086,#10088,#10089,.T.);
#7895=EDGE_CURVE('',#10088,#10090,#10091,.T.);
#7896=EDGE_CURVE('',#10090,#10092,#10093,.T.);
#7897=EDGE_CURVE('',#10092,#10094,#10095,.T.);
#7898=EDGE_CURVE('',#10094,#10096,#10097,.T.);
#7899=EDGE_CURVE('',#10096,#10098,#10099,.T.);
#7900=EDGE_CURVE('',#10098,#10100,#10101,.T.);
#7901=EDGE_CURVE('',#10100,#10102,#10103,.T.);
#7902=EDGE_CURVE('',#10102,#10104,#10105,.T.);
#7903=EDGE_CURVE('',#10104,#10106,#10107,.T.);
#7904=EDGE_CURVE('',#10106,#10108,#10109,.T.);
#7905=EDGE_CURVE('',#10108,#10110,#10111,.T.);
#7906=EDGE_CURVE('',#10110,#9999,#10112,.T.);
#7907=EDGE_CURVE('',#9715,#9915,#10113,.T.);
#7908=EDGE_CURVE('',#9697,#9934,#10114,.T.);
#7909=EDGE_CURVE('',#9696,#9932,#10115,.T.);
#7910=EDGE_CURVE('',#9699,#9930,#10116,.T.);
#7911=EDGE_CURVE('',#9701,#9928,#10117,.T.);
#7912=EDGE_CURVE('',#9703,#9926,#10118,.T.);
#7913=EDGE_CURVE('',#9705,#9924,#10119,.T.);
#7914=EDGE_CURVE('',#9707,#9922,#10120,.T.);
#7915=EDGE_CURVE('',#9709,#9920,#10121,.T.);
#7916=EDGE_CURVE('',#9711,#9918,#10122,.T.);
#7917=EDGE_CURVE('',#9713,#9916,#10123,.T.);
#7918=EDGE_CURVE('',#9891,#9937,#10124,.T.);
#7919=EDGE_CURVE('',#9889,#9940,#10125,.T.);
#7920=EDGE_CURVE('',#9888,#9938,#10126,.T.);
#7921=EDGE_CURVE('',#9771,#9943,#10127,.T.);
#7922=EDGE_CURVE('',#9719,#9996,#10128,.T.);
#7923=EDGE_CURVE('',#9718,#9994,#10129,.T.);
#7924=EDGE_CURVE('',#9721,#9992,#10130,.T.);
#7925=EDGE_CURVE('',#9723,#9990,#10131,.T.);
#7926=EDGE_CURVE('',#9725,#9988,#10132,.T.);
#7927=EDGE_CURVE('',#9727,#9986,#10133,.T.);
#7928=EDGE_CURVE('',#9729,#9984,#10134,.T.);
#7929=EDGE_CURVE('',#9731,#9982,#10135,.T.);
#7930=EDGE_CURVE('',#9733,#9980,#10136,.T.);
#7931=EDGE_CURVE('',#9735,#9978,#10137,.T.);
#7932=EDGE_CURVE('',#9737,#9976,#10138,.T.);
#7933=EDGE_CURVE('',#9739,#9974,#10139,.T.);
#7934=EDGE_CURVE('',#9741,#9972,#10140,.T.);
#7935=EDGE_CURVE('',#9743,#9970,#10141,.T.);
#7936=EDGE_CURVE('',#9745,#9968,#10142,.T.);
#7937=EDGE_CURVE('',#9747,#9966,#10143,.T.);
#7938=EDGE_CURVE('',#9749,#9964,#10144,.T.);
#7939=EDGE_CURVE('',#9751,#9962,#10145,.T.);
#7940=EDGE_CURVE('',#9753,#9960,#10146,.T.);
#7941=EDGE_CURVE('',#9755,#9958,#10147,.T.);
#7942=EDGE_CURVE('',#9757,#9956,#10148,.T.);
#7943=EDGE_CURVE('',#9759,#9954,#10149,.T.);
#7944=EDGE_CURVE('',#9761,#9952,#10150,.T.);
#7945=EDGE_CURVE('',#9763,#9950,#10151,.T.);
#7946=EDGE_CURVE('',#9765,#9948,#10152,.T.);
#7947=EDGE_CURVE('',#9767,#9946,#10153,.T.);
#7948=EDGE_CURVE('',#9769,#9944,#10154,.T.);
#7949=EDGE_CURVE('',#9885,#9999,#10155,.T.);
#7950=EDGE_CURVE('',#9775,#10110,#10156,.T.);
#7951=EDGE_CURVE('',#9774,#10108,#10157,.T.);
#7952=EDGE_CURVE('',#9777,#10106,#10158,.T.);
#7953=EDGE_CURVE('',#9779,#10104,#10159,.T.);
#7954=EDGE_CURVE('',#9781,#10102,#10160,.T.);
#7955=EDGE_CURVE('',#9783,#10100,#10161,.T.);
#7956=EDGE_CURVE('',#9785,#10098,#10162,.T.);
#7957=EDGE_CURVE('',#9787,#10096,#10163,.T.);
#7958=EDGE_CURVE('',#9789,#10094,#10164,.T.);
#7959=EDGE_CURVE('',#9791,#10092,#10165,.T.);
#7960=EDGE_CURVE('',#9793,#10090,#10166,.T.);
#7961=EDGE_CURVE('',#9795,#10088,#10167,.T.);
#7962=EDGE_CURVE('',#9797,#10086,#10168,.T.);
#7963=EDGE_CURVE('',#9799,#10084,#10169,.T.);
#7964=EDGE_CURVE('',#9801,#10082,#10170,.T.);
#7965=EDGE_CURVE('',#9803,#10080,#10171,.T.);
#7966=EDGE_CURVE('',#9805,#10078,#10172,.T.);
#7967=EDGE_CURVE('',#9807,#10076,#10173,.T.);
#7968=EDGE_CURVE('',#9809,#10074,#10174,.T.);
#7969=EDGE_CURVE('',#9811,#10072,#10175,.T.);
#7970=EDGE_CURVE('',#9813,#10070,#10176,.T.);
#7971=EDGE_CURVE('',#9815,#10068,#10177,.T.);
#7972=EDGE_CURVE('',#9817,#10066,#10178,.T.);
#7973=EDGE_CURVE('',#9819,#10064,#10179,.T.);
#7974=EDGE_CURVE('',#9821,#10062,#10180,.T.);
#7975=EDGE_CURVE('',#9823,#10060,#10181,.T.);
#7976=EDGE_CURVE('',#9825,#10058,#10182,.T.);
#7977=EDGE_CURVE('',#9827,#10056,#10183,.T.);
#7978=EDGE_CURVE('',#9829,#10054,#10184,.T.);
#7979=EDGE_CURVE('',#9831,#10052,#10185,.T.);
#7980=EDGE_CURVE('',#9833,#10050,#10186,.T.);
#7981=EDGE_CURVE('',#9835,#10048,#10187,.T.);
#7982=EDGE_CURVE('',#9837,#10046,#10188,.T.);
#7983=EDGE_CURVE('',#9839,#10044,#10189,.T.);
#7984=EDGE_CURVE('',#9841,#10042,#10190,.T.);
#7985=EDGE_CURVE('',#9843,#10040,#10191,.T.);
#7986=EDGE_CURVE('',#9845,#10038,#10192,.T.);
#7987=EDGE_CURVE('',#9847,#10036,#10193,.T.);
#7988=EDGE_CURVE('',#9849,#10034,#10194,.T.);
#7989=EDGE_CURVE('',#9851,#10032,#10195,.T.);
#7990=EDGE_CURVE('',#9853,#10030,#10196,.T.);
#7991=EDGE_CURVE('',#9855,#10028,#10197,.T.);
#7992=EDGE_CURVE('',#9857,#10026,#10198,.T.);
#7993=EDGE_CURVE('',#9859,#10024,#10199,.T.);
#7994=EDGE_CURVE('',#9861,#10022,#10200,.T.);
#7995=EDGE_CURVE('',#9863,#10020,#10201,.T.);
#7996=EDGE_CURVE('',#9865,#10018,#10202,.T.);
#7997=EDGE_CURVE('',#9867,#10016,#10203,.T.);
#7998=EDGE_CURVE('',#9869,#10014,#10204,.T.);
#7999=EDGE_CURVE('',#9871,#10012,#10205,.T.);
#8000=EDGE_CURVE('',#9873,#10010,#10206,.T.);
#8001=EDGE_CURVE('',#9875,#10008,#10207,.T.);
#8002=EDGE_CURVE('',#9877,#10006,#10208,.T.);
#8003=EDGE_CURVE('',#9879,#10004,#10209,.T.);
#8004=EDGE_CURVE('',#9881,#10002,#10210,.T.);
#8005=EDGE_CURVE('',#9883,#10000,#10211,.T.);
#8006=EDGE_CURVE('',#10212,#9608,#10213,.T.);
#8007=EDGE_CURVE('',#9603,#10212,#10214,.T.);
#8008=EDGE_CURVE('',#10215,#9643,#10216,.T.);
#8009=EDGE_CURVE('',#9638,#10215,#10217,.T.);
#8010=EDGE_CURVE('',#10212,#10218,#10219,.T.);
#8011=EDGE_CURVE('',#9604,#10218,#10220,.T.);
#8012=EDGE_CURVE('',#10218,#9606,#10221,.T.);
#8013=EDGE_CURVE('',#9639,#10222,#10223,.T.);
#8014=EDGE_CURVE('',#10222,#9641,#10224,.T.);
#8015=EDGE_CURVE('',#10215,#10222,#10225,.T.);
#8016=EDGE_CURVE('',#10226,#9616,#10227,.T.);
#8017=EDGE_CURVE('',#9611,#10226,#10228,.T.);
#8018=EDGE_CURVE('',#10229,#9651,#10230,.T.);
#8019=EDGE_CURVE('',#9646,#10229,#10231,.T.);
#8020=EDGE_CURVE('',#10226,#10232,#10233,.T.);
#8021=EDGE_CURVE('',#9612,#10232,#10234,.T.);
#8022=EDGE_CURVE('',#10232,#9614,#10235,.T.);
#8023=EDGE_CURVE('',#9647,#10236,#10237,.T.);
#8024=EDGE_CURVE('',#10236,#9649,#10238,.T.);
#8025=EDGE_CURVE('',#10229,#10236,#10239,.T.);
#8026=EDGE_CURVE('',#8793,#9573,#10240,.T.);
#8027=EDGE_CURVE('',#8791,#9543,#10241,.T.);
#8028=EDGE_CURVE('',#8789,#9544,#10242,.T.);
#8029=EDGE_CURVE('',#8787,#9546,#10243,.T.);
#8030=EDGE_CURVE('',#8785,#10244,#10245,.T.);
#8031=EDGE_CURVE('',#10246,#10244,#10247,.T.);
#8032=EDGE_CURVE('',#8779,#10246,#10248,.T.);
#8033=EDGE_CURVE('',#8777,#9548,#10249,.T.);
#8034=EDGE_CURVE('',#8776,#9550,#10250,.T.);
#8035=EDGE_CURVE('',#8813,#9552,#10251,.T.);
#8036=EDGE_CURVE('',#8811,#9554,#10252,.T.);
#8037=EDGE_CURVE('',#10246,#10253,#10254,.T.);
#8038=EDGE_CURVE('',#10255,#10253,#10256,.T.);
#8039=EDGE_CURVE('',#8781,#10255,#10257,.T.);
#8040=EDGE_CURVE('',#10258,#10255,#10259,.T.);
#8041=EDGE_CURVE('',#8783,#10258,#10260,.T.);
#8042=EDGE_CURVE('',#10258,#10261,#10262,.T.);
#8043=EDGE_CURVE('',#10244,#10261,#10263,.T.);
#8044=EDGE_CURVE('',#10261,#10253,#10264,.T.);
#8045=EDGE_CURVE('',#8795,#9571,#10265,.T.);
#8046=EDGE_CURVE('',#9535,#9569,#10266,.T.);
#8047=EDGE_CURVE('',#9537,#9567,#10267,.T.);
#8048=EDGE_CURVE('',#8825,#9565,#10268,.T.);
#8049=EDGE_CURVE('',#8827,#9563,#10269,.T.);
#8050=EDGE_CURVE('',#8829,#9561,#10270,.T.);
#8051=EDGE_CURVE('',#8831,#9559,#10271,.T.);
#8052=EDGE_CURVE('',#8833,#9557,#10272,.T.);
#8053=EDGE_CURVE('',#10273,#8589,#10274,.T.);
#8054=EDGE_CURVE('',#10273,#8708,#10275,.T.);
#8055=EDGE_CURVE('',#10276,#8337,#10277,.T.);
#8056=EDGE_CURVE('',#10278,#8341,#10279,.T.);
#8057=EDGE_CURVE('',#10280,#10278,#10281,.T.);
#8058=EDGE_CURVE('',#10280,#8710,#10282,.T.);
#8059=EDGE_CURVE('',#10283,#10273,#10284,.T.);
#8060=EDGE_CURVE('',#10283,#10285,#10286,.T.);
#8061=EDGE_CURVE('',#10285,#8361,#10287,.T.);
#8062=EDGE_CURVE('',#10288,#8365,#10289,.T.);
#8063=EDGE_CURVE('',#10288,#10290,#10291,.T.);
#8064=EDGE_CURVE('',#10290,#10276,#10292,.T.);
#8065=EDGE_CURVE('',#8600,#8484,#10293,.T.);
#8066=EDGE_CURVE('',#8376,#10294,#10295,.T.);
#8067=EDGE_CURVE('',#10294,#10296,#10297,.T.);
#8068=EDGE_CURVE('',#10296,#10298,#10299,.T.);
#8069=EDGE_CURVE('',#10298,#10300,#10301,.T.);
#8070=EDGE_CURVE('',#10300,#10302,#10303,.T.);
#8071=EDGE_CURVE('',#10302,#10304,#10305,.T.);
#8072=EDGE_CURVE('',#10304,#10306,#10307,.T.);
#8073=EDGE_CURVE('',#10306,#10308,#10309,.T.);
#8074=EDGE_CURVE('',#10308,#10310,#10311,.T.);
#8075=EDGE_CURVE('',#10310,#10312,#10313,.T.);
#8076=EDGE_CURVE('',#10312,#10314,#10315,.T.);
#8077=EDGE_CURVE('',#10314,#10316,#10317,.T.);
#8078=EDGE_CURVE('',#10316,#8385,#10318,.T.);
#8079=EDGE_CURVE('',#8668,#10276,#10319,.T.);
#8080=EDGE_CURVE('',#10290,#8321,#10320,.T.);
#8081=EDGE_CURVE('',#8325,#10321,#10322,.T.);
#8082=EDGE_CURVE('',#10321,#10323,#10324,.T.);
#8083=EDGE_CURVE('',#10323,#10325,#10326,.T.);
#8084=EDGE_CURVE('',#10325,#10327,#10328,.T.);
#8085=EDGE_CURVE('',#10327,#10329,#10330,.T.);
#8086=EDGE_CURVE('',#10329,#10331,#10332,.T.);
#8087=EDGE_CURVE('',#10331,#10333,#10334,.T.);
#8088=EDGE_CURVE('',#10333,#10335,#10336,.T.);
#8089=EDGE_CURVE('',#10335,#10337,#10338,.T.);
#8090=EDGE_CURVE('',#10337,#10339,#10340,.T.);
#8091=EDGE_CURVE('',#10339,#8315,#10341,.T.);
#8092=EDGE_CURVE('',#8312,#8670,#10342,.T.);
#8093=EDGE_CURVE('',#10343,#10316,#10344,.T.);
#8094=EDGE_CURVE('',#10343,#8384,#10345,.T.);
#8095=EDGE_CURVE('',#10346,#10343,#10347,.T.);
#8096=EDGE_CURVE('',#10348,#10346,#10349,.T.);
#8097=EDGE_CURVE('',#10350,#10348,#10351,.T.);
#8098=EDGE_CURVE('',#10352,#10350,#10353,.T.);
#8099=EDGE_CURVE('',#10354,#10352,#10355,.T.);
#8100=EDGE_CURVE('',#10356,#10354,#10357,.T.);
#8101=EDGE_CURVE('',#10358,#10356,#10359,.T.);
#8102=EDGE_CURVE('',#10360,#10358,#10361,.T.);
#8103=EDGE_CURVE('',#10362,#10360,#10363,.T.);
#8104=EDGE_CURVE('',#10364,#10362,#10365,.T.);
#8105=EDGE_CURVE('',#10366,#10364,#10367,.T.);
#8106=EDGE_CURVE('',#8377,#10366,#10368,.T.);
#8107=EDGE_CURVE('',#8313,#8672,#10369,.T.);
#8108=EDGE_CURVE('',#10370,#8317,#10371,.T.);
#8109=EDGE_CURVE('',#10372,#10370,#10373,.T.);
#8110=EDGE_CURVE('',#10374,#10372,#10375,.T.);
#8111=EDGE_CURVE('',#10376,#10374,#10377,.T.);
#8112=EDGE_CURVE('',#10378,#10376,#10379,.T.);
#8113=EDGE_CURVE('',#10380,#10378,#10381,.T.);
#8114=EDGE_CURVE('',#10382,#10380,#10383,.T.);
#8115=EDGE_CURVE('',#10384,#10382,#10385,.T.);
#8116=EDGE_CURVE('',#10386,#10384,#10387,.T.);
#8117=EDGE_CURVE('',#10388,#10386,#10389,.T.);
#8118=EDGE_CURVE('',#8323,#10388,#10390,.T.);
#8119=EDGE_CURVE('',#10288,#8320,#10391,.T.);
#8120=EDGE_CURVE('',#10366,#10294,#10392,.T.);
#8121=EDGE_CURVE('',#10364,#10296,#10393,.T.);
#8122=EDGE_CURVE('',#10362,#10298,#10394,.T.);
#8123=EDGE_CURVE('',#10360,#10300,#10395,.T.);
#8124=EDGE_CURVE('',#10358,#10302,#10396,.T.);
#8125=EDGE_CURVE('',#10356,#10304,#10397,.T.);
#8126=EDGE_CURVE('',#10354,#10306,#10398,.T.);
#8127=EDGE_CURVE('',#10352,#10308,#10399,.T.);
#8128=EDGE_CURVE('',#10350,#10310,#10400,.T.);
#8129=EDGE_CURVE('',#10348,#10312,#10401,.T.);
#8130=EDGE_CURVE('',#10346,#10314,#10402,.T.);
#8131=EDGE_CURVE('',#8585,#8480,#10403,.T.);
#8132=EDGE_CURVE('',#8675,#10285,#10404,.T.);
#8133=EDGE_CURVE('',#10405,#10283,#10406,.T.);
#8134=EDGE_CURVE('',#8455,#10405,#10407,.T.);
#8135=EDGE_CURVE('',#8465,#10408,#10409,.T.);
#8136=EDGE_CURVE('',#10408,#8587,#10410,.T.);
#8137=EDGE_CURVE('',#10411,#10405,#10412,.T.);
#8138=EDGE_CURVE('',#8457,#10411,#10413,.T.);
#8139=EDGE_CURVE('',#10414,#10411,#10415,.T.);
#8140=EDGE_CURVE('',#8459,#10414,#10416,.T.);
#8141=EDGE_CURVE('',#10417,#10414,#10418,.T.);
#8142=EDGE_CURVE('',#8461,#10417,#10419,.T.);
#8143=EDGE_CURVE('',#10420,#10417,#10421,.T.);
#8144=EDGE_CURVE('',#8463,#10420,#10422,.T.);
#8145=EDGE_CURVE('',#10408,#10420,#10423,.T.);
#8146=EDGE_CURVE('',#10424,#10280,#10425,.T.);
#8147=EDGE_CURVE('',#10426,#10278,#10427,.T.);
#8148=EDGE_CURVE('',#10426,#10428,#10429,.T.);
#8149=EDGE_CURVE('',#10428,#10430,#10431,.T.);
#8150=EDGE_CURVE('',#10430,#10432,#10433,.T.);
#8151=EDGE_CURVE('',#10432,#10434,#10435,.T.);
#8152=EDGE_CURVE('',#10434,#10436,#10437,.T.);
#8153=EDGE_CURVE('',#10436,#10424,#10438,.T.);
#8154=EDGE_CURVE('',#10439,#10440,#10441,.T.);
#8155=EDGE_CURVE('',#10440,#10442,#10443,.T.);
#8156=EDGE_CURVE('',#10442,#10444,#10445,.T.);
#8157=EDGE_CURVE('',#10444,#10446,#10447,.T.);
#8158=EDGE_CURVE('',#10446,#10448,#10449,.T.);
#8159=EDGE_CURVE('',#10448,#8597,#10450,.T.);
#8160=EDGE_CURVE('',#8595,#10451,#10452,.T.);
#8161=EDGE_CURVE('',#10439,#10451,#10453,.T.);
#8162=EDGE_CURVE('',#8431,#10436,#10454,.T.);
#8163=EDGE_CURVE('',#10424,#8331,#10455,.T.);
#8164=EDGE_CURVE('',#10456,#10457,#10458,.T.);
#8165=EDGE_CURVE('',#10456,#8355,#10459,.T.);
#8166=EDGE_CURVE('',#8352,#10460,#10461,.T.);
#8167=EDGE_CURVE('',#10451,#10460,#10462,.T.);
#8168=EDGE_CURVE('',#8328,#10463,#10464,.T.);
#8169=EDGE_CURVE('',#10457,#10463,#10465,.T.);
#8170=EDGE_CURVE('',#10466,#10467,#10468,.T.);
#8171=EDGE_CURVE('',#10467,#10469,#10470,.T.);
#8172=EDGE_CURVE('',#10469,#10471,#10472,.T.);
#8173=EDGE_CURVE('',#10471,#10473,#10474,.T.);
#8174=EDGE_CURVE('',#10473,#10475,#10476,.T.);
#8175=EDGE_CURVE('',#10475,#10477,#10478,.T.);
#8176=EDGE_CURVE('',#10477,#10479,#10480,.T.);
#8177=EDGE_CURVE('',#10479,#10481,#10482,.T.);
#8178=EDGE_CURVE('',#10481,#10457,#10483,.T.);
#8179=EDGE_CURVE('',#8693,#10463,#10484,.T.);
#8180=EDGE_CURVE('',#8691,#10466,#10485,.T.);
#8181=EDGE_CURVE('',#8689,#10486,#10487,.T.);
#8182=EDGE_CURVE('',#10486,#10466,#10488,.T.);
#8183=EDGE_CURVE('',#10489,#10467,#10490,.T.);
#8184=EDGE_CURVE('',#10486,#10489,#10491,.T.);
#8185=EDGE_CURVE('',#10492,#10493,#10494,.T.);
#8186=EDGE_CURVE('',#10495,#10492,#10496,.T.);
#8187=EDGE_CURVE('',#10497,#10495,#10498,.T.);
#8188=EDGE_CURVE('',#10499,#10497,#10500,.T.);
#8189=EDGE_CURVE('',#10501,#10499,#10502,.T.);
#8190=EDGE_CURVE('',#10503,#10501,#10504,.T.);
#8191=EDGE_CURVE('',#10489,#10503,#10505,.T.);
#8192=EDGE_CURVE('',#10493,#10456,#10506,.T.);
#8193=EDGE_CURVE('',#10493,#10481,#10507,.T.);
#8194=EDGE_CURVE('',#10492,#10479,#10508,.T.);
#8195=EDGE_CURVE('',#10495,#10477,#10509,.T.);
#8196=EDGE_CURVE('',#10497,#10475,#10510,.T.);
#8197=EDGE_CURVE('',#10499,#10473,#10511,.T.);
#8198=EDGE_CURVE('',#10501,#10471,#10512,.T.);
#8199=EDGE_CURVE('',#10503,#10469,#10513,.T.);
#8200=EDGE_CURVE('',#8686,#10460,#10514,.T.);
#8201=EDGE_CURVE('',#8421,#10439,#10515,.T.);
#8202=EDGE_CURVE('',#8419,#10440,#10516,.T.);
#8203=EDGE_CURVE('',#8417,#10442,#10517,.T.);
#8204=EDGE_CURVE('',#8415,#10444,#10518,.T.);
#8205=EDGE_CURVE('',#8413,#10446,#10519,.T.);
#8206=EDGE_CURVE('',#8411,#10448,#10520,.T.);
#8207=EDGE_CURVE('',#8441,#10426,#10521,.T.);
#8208=EDGE_CURVE('',#8439,#10428,#10522,.T.);
#8209=EDGE_CURVE('',#8437,#10430,#10523,.T.);
#8210=EDGE_CURVE('',#8435,#10432,#10524,.T.);
#8211=EDGE_CURVE('',#8433,#10434,#10525,.T.);
#8212=EDGE_CURVE('',#10388,#10321,#10526,.T.);
#8213=EDGE_CURVE('',#10386,#10323,#10527,.T.);
#8214=EDGE_CURVE('',#10384,#10325,#10528,.T.);
#8215=EDGE_CURVE('',#10382,#10327,#10529,.T.);
#8216=EDGE_CURVE('',#10380,#10329,#10530,.T.);
#8217=EDGE_CURVE('',#10378,#10331,#10531,.T.);
#8218=EDGE_CURVE('',#10376,#10333,#10532,.T.);
#8219=EDGE_CURVE('',#10374,#10335,#10533,.T.);
#8220=EDGE_CURVE('',#10372,#10337,#10534,.T.);
#8221=EDGE_CURVE('',#10370,#10339,#10535,.T.);
#8222=EDGE_CURVE('',#8727,#10536,#10537,.T.);
#8223=EDGE_CURVE('',#8843,#10536,#10538,.T.);
#8224=EDGE_CURVE('',#8849,#8717,#10539,.T.);
#8225=EDGE_CURVE('',#8725,#10536,#10540,.T.);
#8226=EDGE_CURVE('',#10541,#8725,#10542,.T.);
#8227=EDGE_CURVE('',#10541,#10543,#10544,.T.);
#8228=EDGE_CURVE('',#10543,#8305,#10545,.T.);
#8229=EDGE_CURVE('',#8309,#10546,#10547,.T.);
#8230=EDGE_CURVE('',#10546,#10548,#10549,.T.);
#8231=EDGE_CURVE('',#8299,#10548,#10550,.T.);
#8232=EDGE_CURVE('',#10551,#8296,#10552,.T.);
#8233=EDGE_CURVE('',#10551,#10553,#10554,.T.);
#8234=EDGE_CURVE('',#10553,#8845,#10555,.T.);
#8235=EDGE_CURVE('',#10556,#10553,#10557,.T.);
#8236=EDGE_CURVE('',#10556,#8847,#10558,.T.);
#8237=EDGE_CURVE('',#10559,#10556,#10560,.T.);
#8238=EDGE_CURVE('',#10559,#8297,#10561,.T.);
#8239=EDGE_CURVE('',#8301,#10562,#10563,.T.);
#8240=EDGE_CURVE('',#10564,#10562,#10565,.T.);
#8241=EDGE_CURVE('',#8307,#10564,#10566,.T.);
#8242=EDGE_CURVE('',#10567,#8304,#10568,.T.);
#8243=EDGE_CURVE('',#10569,#10567,#10570,.T.);
#8244=EDGE_CURVE('',#10569,#8719,#10571,.T.);
#8245=EDGE_CURVE('',#10569,#10541,#10572,.T.);
#8246=EDGE_CURVE('',#10567,#10543,#10573,.T.);
#8247=EDGE_CURVE('',#10546,#10564,#10574,.T.);
#8248=EDGE_CURVE('',#10562,#10548,#10575,.T.);
#8249=EDGE_CURVE('',#10559,#10551,#10576,.T.);
#8250=EDGE_CURVE('',#8855,#10577,#10578,.T.);
#8251=EDGE_CURVE('',#10577,#9016,#10579,.T.);
#8252=EDGE_CURVE('',#10577,#8945,#10580,.T.);
#8253=EDGE_CURVE('',#8857,#10581,#10582,.T.);
#8254=EDGE_CURVE('',#8944,#10581,#10583,.T.);
#8255=EDGE_CURVE('',#9013,#10581,#10584,.T.);
#8256=EDGE_CURVE('',#10585,#8957,#10586,.T.);
#8257=EDGE_CURVE('',#10585,#10587,#10588,.T.);
#8258=EDGE_CURVE('',#8952,#10587,#10589,.T.);
#8259=EDGE_CURVE('',#8875,#10587,#10590,.T.);
#8260=EDGE_CURVE('',#8879,#10591,#10592,.T.);
#8261=EDGE_CURVE('',#10591,#8953,#10593,.T.);
#8262=EDGE_CURVE('',#10591,#10594,#10595,.T.);
#8263=EDGE_CURVE('',#8955,#10594,#10596,.T.);
#8264=EDGE_CURVE('',#8877,#10594,#10597,.T.);
#8265=EDGE_CURVE('',#8874,#10585,#10598,.T.);
#8266=EDGE_CURVE('',#8840,#10599,#10600,.T.);
#8267=EDGE_CURVE('',#10599,#10601,#10602,.T.);
#8268=EDGE_CURVE('',#8281,#10601,#10603,.T.);
#8269=EDGE_CURVE('',#8285,#10604,#10605,.T.);
#8270=EDGE_CURVE('',#10606,#10604,#10607,.T.);
#8271=EDGE_CURVE('',#8291,#10606,#10608,.T.);
#8272=EDGE_CURVE('',#8288,#10609,#10610,.T.);
#8273=EDGE_CURVE('',#10609,#8739,#10611,.T.);
#8274=EDGE_CURVE('',#8735,#8764,#10612,.T.);
#8275=EDGE_CURVE('',#8744,#10609,#10613,.T.);
#8276=EDGE_CURVE('',#8747,#10606,#10614,.T.);
#8277=EDGE_CURVE('',#10604,#8749,#10615,.T.);
#8278=EDGE_CURVE('',#8752,#10601,#10616,.T.);
#8279=EDGE_CURVE('',#8754,#10599,#10617,.T.);
#8280=VERTEX_POINT('',#10618);
#8281=VERTEX_POINT('',#10619);
#8282=LINE('',#10620,#10621);
#8283=VERTEX_POINT('',#10622);
#8284=B_SPLINE_CURVE_WITH_KNOTS('',3,(#10623,#10624,#10625,#10626,#10627),.UNSPECIFIED.,.F.,.F.,(4,1,4),(0.0,0.5,1.0),.UNSPECIFIED.);
#8285=VERTEX_POINT('',#10628);
#8286=LINE('',#10629,#10630);
#8287=B_SPLINE_CURVE_WITH_KNOTS('',3,(#10631,#10632,#10633,#10634,#10635),.UNSPECIFIED.,.F.,.F.,(4,1,4),(0.0,0.5,1.0),.UNSPECIFIED.);
#8288=VERTEX_POINT('',#10636);
#8289=VERTEX_POINT('',#10637);
#8290=LINE('',#10638,#10639);
#8291=VERTEX_POINT('',#10640);
#8292=B_SPLINE_CURVE_WITH_KNOTS('',3,(#10641,#10642,#10643,#10644,#10645),.UNSPECIFIED.,.F.,.F.,(4,1,4),(0.0,0.5,1.0),.UNSPECIFIED.);
#8293=VERTEX_POINT('',#10646);
#8294=LINE('',#10647,#10648);
#8295=B_SPLINE_CURVE_WITH_KNOTS('',3,(#10649,#10650,#10651,#10652,#10653),.UNSPECIFIED.,.F.,.F.,(4,1,4),(0.0,0.5,1.0),.UNSPECIFIED.);
#8296=VERTEX_POINT('',#10654);
#8297=VERTEX_POINT('',#10655);
#8298=LINE('',#10656,#10657);
#8299=VERTEX_POINT('',#10658);
#8300=B_SPLINE_CURVE_WITH_KNOTS('',3,(#10659,#10660,#10661,#10662,#10663),.UNSPECIFIED.,.F.,.F.,(4,1,4),(0.0,0.5,1.0),.UNSPECIFIED.);
#8301=VERTEX_POINT('',#10664);
#8302=LINE('',#10665,#10666);
#8303=B_SPLINE_CURVE_WITH_KNOTS('',3,(#10667,#10668,#10669,#10670,#10671),.UNSPECIFIED.,.F.,.F.,(4,1,4),(0.0,0.5,1.0),.UNSPECIFIED.);
#8304=VERTEX_POINT('',#10672);
#8305=VERTEX_POINT('',#10673);
#8306=LINE('',#10674,#10675);
#8307=VERTEX_POINT('',#10676);
#8308=B_SPLINE_CURVE_WITH_KNOTS('',3,(#10677,#10678,#10679,#10680,#10681),.UNSPECIFIED.,.F.,.F.,(4,1,4),(0.0,0.5,1.0),.UNSPECIFIED.);
#8309=VERTEX_POINT('',#10682);
#8310=LINE('',#10683,#10684);
#8311=B_SPLINE_CURVE_WITH_KNOTS('',3,(#10685,#10686,#10687,#10688,#10689),.UNSPECIFIED.,.F.,.F.,(4,1,4),(0.0,0.5,1.0),.UNSPECIFIED.);
#8312=VERTEX_POINT('',#10690);
#8313=VERTEX_POINT('',#10691);
#8314=LINE('',#10692,#10693);
#8315=VERTEX_POINT('',#10694);
#8316=CIRCLE('',#10695,0.82);
#8317=VERTEX_POINT('',#10696);
#8318=LINE('',#10697,#10698);
#8319=CIRCLE('',#10699,0.82);
#8320=VERTEX_POINT('',#10700);
#8321=VERTEX_POINT('',#10701);
#8322=LINE('',#10702,#10703);
#8323=VERTEX_POINT('',#10704);
#8324=CIRCLE('',#10705,0.502);
#8325=VERTEX_POINT('',#10706);
#8326=LINE('',#10707,#10708);
#8327=CIRCLE('',#10709,0.502);
#8328=VERTEX_POINT('',#10710);
#8329=VERTEX_POINT('',#10711);
#8330=LINE('',#10712,#10713);
#8331=VERTEX_POINT('',#10714);
#8332=CIRCLE('',#10715,0.25);
#8333=VERTEX_POINT('',#10716);
#8334=LINE('',#10717,#10718);
#8335=CIRCLE('',#10719,0.25);
#8336=VERTEX_POINT('',#10720);
#8337=VERTEX_POINT('',#10721);
#8338=LINE('',#10722,#10723);
#8339=VERTEX_POINT('',#10724);
#8340=CIRCLE('',#10725,0.25);
#8341=VERTEX_POINT('',#10726);
#8342=LINE('',#10727,#10728);
#8343=CIRCLE('',#10729,0.25);
#8344=VERTEX_POINT('',#10730);
#8345=VERTEX_POINT('',#10731);
#8346=LINE('',#10732,#10733);
#8347=VERTEX_POINT('',#10734);
#8348=CIRCLE('',#10735,0.25);
#8349=VERTEX_POINT('',#10736);
#8350=LINE('',#10737,#10738);
#8351=CIRCLE('',#10739,0.25);
#8352=VERTEX_POINT('',#10740);
#8353=VERTEX_POINT('',#10741);
#8354=LINE('',#10742,#10743);
#8355=VERTEX_POINT('',#10744);
#8356=CIRCLE('',#10745,0.25);
#8357=VERTEX_POINT('',#10746);
#8358=LINE('',#10747,#10748);
#8359=CIRCLE('',#10749,0.25);
#8360=VERTEX_POINT('',#10750);
#8361=VERTEX_POINT('',#10751);
#8362=LINE('',#10752,#10753);
#8363=VERTEX_POINT('',#10754);
#8364=CIRCLE('',#10755,0.25);
#8365=VERTEX_POINT('',#10756);
#8366=LINE('',#10757,#10758);
#8367=CIRCLE('',#10759,0.25);
#8368=VERTEX_POINT('',#10760);
#8369=VERTEX_POINT('',#10761);
#8370=LINE('',#10762,#10763);
#8371=VERTEX_POINT('',#10764);
#8372=CIRCLE('',#10765,0.25);
#8373=VERTEX_POINT('',#10766);
#8374=LINE('',#10767,#10768);
#8375=CIRCLE('',#10769,0.25);
#8376=VERTEX_POINT('',#10770);
#8377=VERTEX_POINT('',#10771);
#8378=LINE('',#10772,#10773);
#8379=VERTEX_POINT('',#10774);
#8380=CIRCLE('',#10775,0.82);
#8381=VERTEX_POINT('',#10776);
#8382=LINE('',#10777,#10778);
#8383=CIRCLE('',#10779,0.82);
#8384=VERTEX_POINT('',#10780);
#8385=VERTEX_POINT('',#10781);
#8386=LINE('',#10782,#10783);
#8387=VERTEX_POINT('',#10784);
#8388=CIRCLE('',#10785,0.502);
#8389=VERTEX_POINT('',#10786);
#8390=LINE('',#10787,#10788);
#8391=CIRCLE('',#10789,0.502);
#8392=VERTEX_POINT('',#10790);
#8393=VERTEX_POINT('',#10791);
#8394=LINE('',#10792,#10793);
#8395=VERTEX_POINT('',#10794);
#8396=CIRCLE('',#10795,0.115);
#8397=VERTEX_POINT('',#10796);
#8398=LINE('',#10797,#10798);
#8399=B_SPLINE_CURVE_WITH_KNOTS('',3,(#10799,#10800,#10801,#10802,#10803,#10804,#10805,#10806,#10807),.UNSPECIFIED.,.F.,.F.,(4,1,1,1,1,1,4),(0.0,0.25,0.375,0.5,0.625,0.75,1.0),.UNSPECIFIED.);
#8400=VERTEX_POINT('',#10808);
#8401=VERTEX_POINT('',#10809);
#8402=LINE('',#10810,#10811);
#8403=VERTEX_POINT('',#10812);
#8404=B_SPLINE_CURVE_WITH_KNOTS('',3,(#10813,#10814,#10815,#10816,#10817,#10818,#10819,#10820,#10821),.UNSPECIFIED.,.F.,.F.,(4,1,1,1,1,1,4),(0.0,0.25,0.375,0.5,0.625,0.75,1.0),.UNSPECIFIED.);
#8405=VERTEX_POINT('',#10822);
#8406=LINE('',#10823,#10824);
#8407=CIRCLE('',#10825,0.115);
#8408=VERTEX_POINT('',#10826);
#8409=VERTEX_POINT('',#10827);
#8410=LINE('',#10828,#10829);
#8411=VERTEX_POINT('',#10830);
#8412=LINE('',#10831,#10832);
#8413=VERTEX_POINT('',#10833);
#8414=LINE('',#10834,#10835);
#8415=VERTEX_POINT('',#10836);
#8416=CIRCLE('',#10837,0.25);
#8417=VERTEX_POINT('',#10838);
#8418=LINE('',#10839,#10840);
#8419=VERTEX_POINT('',#10841);
#8420=CIRCLE('',#10842,0.25);
#8421=VERTEX_POINT('',#10843);
#8422=LINE('',#10844,#10845);
#8423=VERTEX_POINT('',#10846);
#8424=LINE('',#10847,#10848);
#8425=VERTEX_POINT('',#10849);
#8426=LINE('',#10850,#10851);
#8427=CIRCLE('',#10852,0.25);
#8428=VERTEX_POINT('',#10853);
#8429=VERTEX_POINT('',#10854);
#8430=LINE('',#10855,#10856);
#8431=VERTEX_POINT('',#10857);
#8432=LINE('',#10858,#10859);
#8433=VERTEX_POINT('',#10860);
#8434=LINE('',#10861,#10862);
#8435=VERTEX_POINT('',#10863);
#8436=CIRCLE('',#10864,0.25);
#8437=VERTEX_POINT('',#10865);
#8438=LINE('',#10866,#10867);
#8439=VERTEX_POINT('',#10868);
#8440=CIRCLE('',#10869,0.25);
#8441=VERTEX_POINT('',#10870);
#8442=LINE('',#10871,#10872);
#8443=VERTEX_POINT('',#10873);
#8444=LINE('',#10874,#10875);
#8445=VERTEX_POINT('',#10876);
#8446=LINE('',#10877,#10878);
#8447=CIRCLE('',#10879,0.25);
#8448=VERTEX_POINT('',#10880);
#8449=VERTEX_POINT('',#10881);
#8450=LINE('',#10882,#10883);
#8451=VERTEX_POINT('',#10884);
#8452=CIRCLE('',#10885,0.25);
#8453=VERTEX_POINT('',#10886);
#8454=LINE('',#10887,#10888);
#8455=VERTEX_POINT('',#10889);
#8456=LINE('',#10890,#10891);
#8457=VERTEX_POINT('',#10892);
#8458=LINE('',#10893,#10894);
#8459=VERTEX_POINT('',#10895);
#8460=CIRCLE('',#10896,0.25);
#8461=VERTEX_POINT('',#10897);
#8462=LINE('',#10898,#10899);
#8463=VERTEX_POINT('',#10900);
#8464=CIRCLE('',#10901,0.25);
#8465=VERTEX_POINT('',#10902);
#8466=LINE('',#10903,#10904);
#8467=VERTEX_POINT('',#10905);
#8468=LINE('',#10906,#10907);
#8469=VERTEX_POINT('',#10908);
#8470=LINE('',#10909,#10910);
#8471=CIRCLE('',#10911,0.25);
#8472=VERTEX_POINT('',#10912);
#8473=LINE('',#10913,#10914);
#8474=VERTEX_POINT('',#10915);
#8475=CIRCLE('',#10916,0.25);
#8476=LINE('',#10917,#10918);
#8477=VERTEX_POINT('',#10919);
#8478=LINE('',#10920,#10921);
#8479=LINE('',#10922,#10923);
#8480=VERTEX_POINT('',#10924);
#8481=LINE('',#10925,#10926);
#8482=CIRCLE('',#10927,0.25);
#8483=LINE('',#10928,#10929);
#8484=VERTEX_POINT('',#10930);
#8485=LINE('',#10931,#10932);
#8486=CIRCLE('',#10933,0.25);
#8487=LINE('',#10934,#10935);
#8488=VERTEX_POINT('',#10936);
#8489=VERTEX_POINT('',#10937);
#8490=LINE('',#10938,#10939);
#8491=VERTEX_POINT('',#10940);
#8492=CIRCLE('',#10941,0.13);
#8493=VERTEX_POINT('',#10942);
#8494=LINE('',#10943,#10944);
#8495=VERTEX_POINT('',#10945);
#8496=CIRCLE('',#10946,0.13);
#8497=VERTEX_POINT('',#10947);
#8498=LINE('',#10948,#10949);
#8499=VERTEX_POINT('',#10950);
#8500=CIRCLE('',#10951,0.13);
#8501=VERTEX_POINT('',#10952);
#8502=LINE('',#10953,#10954);
#8503=CIRCLE('',#10955,0.13);
#8504=VERTEX_POINT('',#10956);
#8505=VERTEX_POINT('',#10957);
#8506=CIRCLE('',#10958,0.13);
#8507=VERTEX_POINT('',#10959);
#8508=LINE('',#10960,#10961);
#8509=VERTEX_POINT('',#10962);
#8510=CIRCLE('',#10963,0.13);
#8511=VERTEX_POINT('',#10964);
#8512=LINE('',#10965,#10966);
#8513=VERTEX_POINT('',#10967);
#8514=CIRCLE('',#10968,0.13);
#8515=VERTEX_POINT('',#10969);
#8516=LINE('',#10970,#10971);
#8517=VERTEX_POINT('',#10972);
#8518=CIRCLE('',#10973,0.13);
#8519=LINE('',#10974,#10975);
#8520=VERTEX_POINT('',#10976);
#8521=LINE('',#10977,#10978);
#8522=VERTEX_POINT('',#10979);
#8523=LINE('',#10980,#10981);
#8524=LINE('',#10982,#10983);
#8525=VERTEX_POINT('',#10984);
#8526=VERTEX_POINT('',#10985);
#8527=LINE('',#10986,#10987);
#8528=VERTEX_POINT('',#10988);
#8529=LINE('',#10989,#10990);
#8530=VERTEX_POINT('',#10991);
#8531=LINE('',#10992,#10993);
#8532=LINE('',#10994,#10995);
#8533=VERTEX_POINT('',#10996);
#8534=CIRCLE('',#10997,0.13);
#8535=LINE('',#10998,#10999);
#8536=VERTEX_POINT('',#11000);
#8537=VERTEX_POINT('',#11001);
#8538=LINE('',#11002,#11003);
#8539=CIRCLE('',#11004,0.13);
#8540=CIRCLE('',#11005,0.13);
#8541=VERTEX_POINT('',#11006);
#8542=LINE('',#11007,#11008);
#8543=LINE('',#11009,#11010);
#8544=VERTEX_POINT('',#11011);
#8545=VERTEX_POINT('',#11012);
#8546=LINE('',#11013,#11014);
#8547=LINE('',#11015,#11016);
#8548=LINE('',#11017,#11018);
#8549=VERTEX_POINT('',#11019);
#8550=CIRCLE('',#11020,0.13);
#8551=LINE('',#11021,#11022);
#8552=VERTEX_POINT('',#11023);
#8553=VERTEX_POINT('',#11024);
#8554=LINE('',#11025,#11026);
#8555=CIRCLE('',#11027,0.13);
#8556=CIRCLE('',#11028,0.13);
#8557=VERTEX_POINT('',#11029);
#8558=LINE('',#11030,#11031);
#8559=LINE('',#11032,#11033);
#8560=VERTEX_POINT('',#11034);
#8561=VERTEX_POINT('',#11035);
#8562=LINE('',#11036,#11037);
#8563=LINE('',#11038,#11039);
#8564=LINE('',#11040,#11041);
#8565=VERTEX_POINT('',#11042);
#8566=CIRCLE('',#11043,0.13);
#8567=LINE('',#11044,#11045);
#8568=VERTEX_POINT('',#11046);
#8569=VERTEX_POINT('',#11047);
#8570=LINE('',#11048,#11049);
#8571=CIRCLE('',#11050,0.13);
#8572=CIRCLE('',#11051,0.13);
#8573=VERTEX_POINT('',#11052);
#8574=LINE('',#11053,#11054);
#8575=LINE('',#11055,#11056);
#8576=VERTEX_POINT('',#11057);
#8577=VERTEX_POINT('',#11058);
#8578=LINE('',#11059,#11060);
#8579=LINE('',#11061,#11062);
#8580=LINE('',#11063,#11064);
#8581=CIRCLE('',#11065,0.13);
#8582=CIRCLE('',#11066,0.13);
#8583=CIRCLE('',#11067,0.13);
#8584=LINE('',#11068,#11069);
#8585=VERTEX_POINT('',#11070);
#8586=CIRCLE('',#11071,0.25);
#8587=VERTEX_POINT('',#11072);
#8588=LINE('',#11073,#11074);
#8589=VERTEX_POINT('',#11075);
#8590=LINE('',#11076,#11077);
#8591=VERTEX_POINT('',#11078);
#8592=LINE('',#11079,#11080);
#8593=VERTEX_POINT('',#11081);
#8594=LINE('',#11082,#11083);
#8595=VERTEX_POINT('',#11084);
#8596=LINE('',#11085,#11086);
#8597=VERTEX_POINT('',#11087);
#8598=LINE('',#11088,#11089);
#8599=LINE('',#11090,#11091);
#8600=VERTEX_POINT('',#11092);
#8601=CIRCLE('',#11093,0.25);
#8602=LINE('',#11094,#11095);
#8603=VERTEX_POINT('',#11096);
#8604=VERTEX_POINT('',#11097);
#8605=LINE('',#11098,#11099);
#8606=VERTEX_POINT('',#11100);
#8607=CIRCLE('',#11101,0.13);
#8608=VERTEX_POINT('',#11102);
#8609=LINE('',#11103,#11104);
#8610=VERTEX_POINT('',#11105);
#8611=CIRCLE('',#11106,0.13);
#8612=VERTEX_POINT('',#11107);
#8613=LINE('',#11108,#11109);
#8614=VERTEX_POINT('',#11110);
#8615=CIRCLE('',#11111,0.13);
#8616=VERTEX_POINT('',#11112);
#8617=LINE('',#11113,#11114);
#8618=CIRCLE('',#11115,0.13);
#8619=LINE('',#11116,#11117);
#8620=LINE('',#11118,#11119);
#8621=VERTEX_POINT('',#11120);
#8622=VERTEX_POINT('',#11121);
#8623=LINE('',#11122,#11123);
#8624=VERTEX_POINT('',#11124);
#8625=CIRCLE('',#11125,0.13);
#8626=VERTEX_POINT('',#11126);
#8627=LINE('',#11127,#11128);
#8628=CIRCLE('',#11129,0.13);
#8629=LINE('',#11130,#11131);
#8630=VERTEX_POINT('',#11132);
#8631=VERTEX_POINT('',#11133);
#8632=LINE('',#11134,#11135);
#8633=LINE('',#11136,#11137);
#8634=LINE('',#11138,#11139);
#8635=LINE('',#11140,#11141);
#8636=VERTEX_POINT('',#11142);
#8637=VERTEX_POINT('',#11143);
#8638=LINE('',#11144,#11145);
#8639=CIRCLE('',#11146,0.13);
#8640=CIRCLE('',#11147,0.13);
#8641=LINE('',#11148,#11149);
#8642=VERTEX_POINT('',#11150);
#8643=VERTEX_POINT('',#11151);
#8644=LINE('',#11152,#11153);
#8645=LINE('',#11154,#11155);
#8646=LINE('',#11156,#11157);
#8647=LINE('',#11158,#11159);
#8648=VERTEX_POINT('',#11160);
#8649=VERTEX_POINT('',#11161);
#8650=LINE('',#11162,#11163);
#8651=CIRCLE('',#11164,0.13);
#8652=CIRCLE('',#11165,0.13);
#8653=LINE('',#11166,#11167);
#8654=VERTEX_POINT('',#11168);
#8655=VERTEX_POINT('',#11169);
#8656=LINE('',#11170,#11171);
#8657=LINE('',#11172,#11173);
#8658=LINE('',#11174,#11175);
#8659=LINE('',#11176,#11177);
#8660=VERTEX_POINT('',#11178);
#8661=VERTEX_POINT('',#11179);
#8662=LINE('',#11180,#11181);
#8663=CIRCLE('',#11182,0.13);
#8664=CIRCLE('',#11183,0.13);
#8665=LINE('',#11184,#11185);
#8666=LINE('',#11186,#11187);
#8667=LINE('',#11188,#11189);
#8668=VERTEX_POINT('',#11190);
#8669=CIRCLE('',#11191,0.25);
#8670=VERTEX_POINT('',#11192);
#8671=LINE('',#11193,#11194);
#8672=VERTEX_POINT('',#11195);
#8673=LINE('',#11196,#11197);
#8674=LINE('',#11198,#11199);
#8675=VERTEX_POINT('',#11200);
#8676=CIRCLE('',#11201,0.25);
#8677=LINE('',#11202,#11203);
#8678=VERTEX_POINT('',#11204);
#8679=LINE('',#11205,#11206);
#8680=VERTEX_POINT('',#11207);
#8681=LINE('',#11208,#11209);
#8682=LINE('',#11210,#11211);
#8683=VERTEX_POINT('',#11212);
#8684=CIRCLE('',#11213,0.25);
#8685=LINE('',#11214,#11215);
#8686=VERTEX_POINT('',#11216);
#8687=LINE('',#11217,#11218);
#8688=CIRCLE('',#11219,0.25);
#8689=VERTEX_POINT('',#11220);
#8690=LINE('',#11221,#11222);
#8691=VERTEX_POINT('',#11223);
#8692=LINE('',#11224,#11225);
#8693=VERTEX_POINT('',#11226);
#8694=LINE('',#11227,#11228);
#8695=CIRCLE('',#11229,0.25);
#8696=LINE('',#11230,#11231);
#8697=LINE('',#11232,#11233);
#8698=VERTEX_POINT('',#11234);
#8699=CIRCLE('',#11235,0.25);
#8700=VERTEX_POINT('',#11236);
#8701=LINE('',#11237,#11238);
#8702=VERTEX_POINT('',#11239);
#8703=LINE('',#11240,#11241);
#8704=VERTEX_POINT('',#11242);
#8705=CIRCLE('',#11243,0.25);
#8706=VERTEX_POINT('',#11244);
#8707=LINE('',#11245,#11246);
#8708=VERTEX_POINT('',#11247);
#8709=LINE('',#11248,#11249);
#8710=VERTEX_POINT('',#11250);
#8711=LINE('',#11251,#11252);
#8712=LINE('',#11253,#11254);
#8713=VERTEX_POINT('',#11255);
#8714=LINE('',#11256,#11257);
#8715=VERTEX_POINT('',#11258);
#8716=LINE('',#11259,#11260);
#8717=VERTEX_POINT('',#11261);
#8718=CIRCLE('',#11262,0.25);
#8719=VERTEX_POINT('',#11263);
#8720=LINE('',#11264,#11265);
#8721=VERTEX_POINT('',#11266);
#8722=LINE('',#11267,#11268);
#8723=CIRCLE('',#11269,0.25);
#8724=LINE('',#11270,#11271);
#8725=VERTEX_POINT('',#11272);
#8726=LINE('',#11273,#11274);
#8727=VERTEX_POINT('',#11275);
#8728=LINE('',#11276,#11277);
#8729=VERTEX_POINT('',#11278);
#8730=LINE('',#11279,#11280);
#8731=VERTEX_POINT('',#11281);
#8732=LINE('',#11282,#11283);
#8733=VERTEX_POINT('',#11284);
#8734=LINE('',#11285,#11286);
#8735=VERTEX_POINT('',#11287);
#8736=LINE('',#11288,#11289);
#8737=LINE('',#11290,#11291);
#8738=LINE('',#11292,#11293);
#8739=VERTEX_POINT('',#11294);
#8740=B_SPLINE_CURVE_WITH_KNOTS('',3,(#11295,#11296,#11297,#11298,#11299),.UNSPECIFIED.,.F.,.F.,(4,1,4),(0.0,0.5,1.0),.UNSPECIFIED.);
#8741=VERTEX_POINT('',#11300);
#8742=LINE('',#11301,#11302);
#8743=B_SPLINE_CURVE_WITH_KNOTS('',3,(#11303,#11304,#11305,#11306,#11307),.UNSPECIFIED.,.F.,.F.,(4,1,4),(0.0,0.5,1.0),.UNSPECIFIED.);
#8744=VERTEX_POINT('',#11308);
#8745=LINE('',#11309,#11310);
#8746=B_SPLINE_CURVE_WITH_KNOTS('',3,(#11311,#11312,#11313,#11314,#11315),.UNSPECIFIED.,.F.,.F.,(4,1,4),(0.0,0.5,1.0),.UNSPECIFIED.);
#8747=VERTEX_POINT('',#11316);
#8748=LINE('',#11317,#11318);
#8749=VERTEX_POINT('',#11319);
#8750=LINE('',#11320,#11321);
#8751=LINE('',#11322,#11323);
#8752=VERTEX_POINT('',#11324);
#8753=B_SPLINE_CURVE_WITH_KNOTS('',3,(#11325,#11326,#11327,#11328,#11329),.UNSPECIFIED.,.F.,.F.,(4,1,4),(0.0,0.5,1.0),.UNSPECIFIED.);
#8754=VERTEX_POINT('',#11330);
#8755=LINE('',#11331,#11332);
#8756=VERTEX_POINT('',#11333);
#8757=B_SPLINE_CURVE_WITH_KNOTS('',3,(#11334,#11335,#11336,#11337,#11338),.UNSPECIFIED.,.F.,.F.,(4,1,4),(0.0,0.5,1.0),.UNSPECIFIED.);
#8758=VERTEX_POINT('',#11339);
#8759=LINE('',#11340,#11341);
#8760=B_SPLINE_CURVE_WITH_KNOTS('',3,(#11342,#11343,#11344,#11345,#11346),.UNSPECIFIED.,.F.,.F.,(4,1,4),(0.0,0.5,1.0),.UNSPECIFIED.);
#8761=VERTEX_POINT('',#11347);
#8762=VERTEX_POINT('',#11348);
#8763=LINE('',#11349,#11350);
#8764=VERTEX_POINT('',#11351);
#8765=B_SPLINE_CURVE_WITH_KNOTS('',3,(#11352,#11353,#11354,#11355,#11356),.UNSPECIFIED.,.F.,.F.,(4,1,4),(0.0,0.5,1.0),.UNSPECIFIED.);
#8766=CIRCLE('',#11357,0.25);
#8767=CIRCLE('',#11358,0.25);
#8768=VERTEX_POINT('',#11359);
#8769=LINE('',#11360,#11361);
#8770=VERTEX_POINT('',#11362);
#8771=CIRCLE('',#11363,0.25);
#8772=LINE('',#11364,#11365);
#8773=VERTEX_POINT('',#11366);
#8774=CIRCLE('',#11367,0.25);
#8775=LINE('',#11368,#11369);
#8776=VERTEX_POINT('',#11370);
#8777=VERTEX_POINT('',#11371);
#8778=CIRCLE('',#11372,0.38);
#8779=VERTEX_POINT('',#11373);
#8780=LINE('',#11374,#11375);
#8781=VERTEX_POINT('',#11376);
#8782=LINE('',#11377,#11378);
#8783=VERTEX_POINT('',#11379);
#8784=LINE('',#11380,#11381);
#8785=VERTEX_POINT('',#11382);
#8786=LINE('',#11383,#11384);
#8787=VERTEX_POINT('',#11385);
#8788=LINE('',#11386,#11387);
#8789=VERTEX_POINT('',#11388);
#8790=CIRCLE('',#11389,0.38);
#8791=VERTEX_POINT('',#11390);
#8792=LINE('',#11391,#11392);
#8793=VERTEX_POINT('',#11393);
#8794=CIRCLE('',#11394,0.38);
#8795=VERTEX_POINT('',#11395);
#8796=LINE('',#11396,#11397);
#8797=VERTEX_POINT('',#11398);
#8798=LINE('',#11399,#11400);
#8799=VERTEX_POINT('',#11401);
#8800=LINE('',#11402,#11403);
#8801=VERTEX_POINT('',#11404);
#8802=CIRCLE('',#11405,0.25);
#8803=VERTEX_POINT('',#11406);
#8804=LINE('',#11407,#11408);
#8805=VERTEX_POINT('',#11409);
#8806=CIRCLE('',#11410,0.25);
#8807=VERTEX_POINT('',#11411);
#8808=LINE('',#11412,#11413);
#8809=VERTEX_POINT('',#11414);
#8810=LINE('',#11415,#11416);
#8811=VERTEX_POINT('',#11417);
#8812=LINE('',#11418,#11419);
#8813=VERTEX_POINT('',#11420);
#8814=CIRCLE('',#11421,0.38);
#8815=LINE('',#11422,#11423);
#8816=VERTEX_POINT('',#11424);
#8817=VERTEX_POINT('',#11425);
#8818=LINE('',#11426,#11427);
#8819=VERTEX_POINT('',#11428);
#8820=LINE('',#11429,#11430);
#8821=VERTEX_POINT('',#11431);
#8822=LINE('',#11432,#11433);
#8823=VERTEX_POINT('',#11434);
#8824=LINE('',#11435,#11436);
#8825=VERTEX_POINT('',#11437);
#8826=LINE('',#11438,#11439);
#8827=VERTEX_POINT('',#11440);
#8828=LINE('',#11441,#11442);
#8829=VERTEX_POINT('',#11443);
#8830=CIRCLE('',#11444,0.38);
#8831=VERTEX_POINT('',#11445);
#8832=LINE('',#11446,#11447);
#8833=VERTEX_POINT('',#11448);
#8834=CIRCLE('',#11449,0.38);
#8835=LINE('',#11450,#11451);
#8836=VERTEX_POINT('',#11452);
#8837=VERTEX_POINT('',#11453);
#8838=LINE('',#11454,#11455);
#8839=LINE('',#11456,#11457);
#8840=VERTEX_POINT('',#11458);
#8841=LINE('',#11459,#11460);
#8842=LINE('',#11461,#11462);
#8843=VERTEX_POINT('',#11463);
#8844=LINE('',#11464,#11465);
#8845=VERTEX_POINT('',#11466);
#8846=LINE('',#11467,#11468);
#8847=VERTEX_POINT('',#11469);
#8848=LINE('',#11470,#11471);
#8849=VERTEX_POINT('',#11472);
#8850=LINE('',#11473,#11474);
#8851=VERTEX_POINT('',#11475);
#8852=LINE('',#11476,#11477);
#8853=VERTEX_POINT('',#11478);
#8854=LINE('',#11479,#11480);
#8855=VERTEX_POINT('',#11481);
#8856=LINE('',#11482,#11483);
#8857=VERTEX_POINT('',#11484);
#8858=LINE('',#11485,#11486);
#8859=VERTEX_POINT('',#11487);
#8860=LINE('',#11488,#11489);
#8861=VERTEX_POINT('',#11490);
#8862=LINE('',#11491,#11492);
#8863=VERTEX_POINT('',#11493);
#8864=LINE('',#11494,#11495);
#8865=LINE('',#11496,#11497);
#8866=VERTEX_POINT('',#11498);
#8867=VERTEX_POINT('',#11499);
#8868=LINE('',#11500,#11501);
#8869=VERTEX_POINT('',#11502);
#8870=LINE('',#11503,#11504);
#8871=VERTEX_POINT('',#11505);
#8872=LINE('',#11506,#11507);
#8873=LINE('',#11508,#11509);
#8874=VERTEX_POINT('',#11510);
#8875=VERTEX_POINT('',#11511);
#8876=LINE('',#11512,#11513);
#8877=VERTEX_POINT('',#11514);
#8878=LINE('',#11515,#11516);
#8879=VERTEX_POINT('',#11517);
#8880=LINE('',#11518,#11519);
#8881=LINE('',#11520,#11521);
#8882=VERTEX_POINT('',#11522);
#8883=VERTEX_POINT('',#11523);
#8884=LINE('',#11524,#11525);
#8885=VERTEX_POINT('',#11526);
#8886=LINE('',#11527,#11528);
#8887=VERTEX_POINT('',#11529);
#8888=LINE('',#11530,#11531);
#8889=LINE('',#11532,#11533);
#8890=VERTEX_POINT('',#11534);
#8891=VERTEX_POINT('',#11535);
#8892=LINE('',#11536,#11537);
#8893=VERTEX_POINT('',#11538);
#8894=LINE('',#11539,#11540);
#8895=VERTEX_POINT('',#11541);
#8896=LINE('',#11542,#11543);
#8897=LINE('',#11544,#11545);
#8898=VERTEX_POINT('',#11546);
#8899=VERTEX_POINT('',#11547);
#8900=LINE('',#11548,#11549);
#8901=VERTEX_POINT('',#11550);
#8902=LINE('',#11551,#11552);
#8903=VERTEX_POINT('',#11553);
#8904=LINE('',#11554,#11555);
#8905=LINE('',#11556,#11557);
#8906=VERTEX_POINT('',#11558);
#8907=VERTEX_POINT('',#11559);
#8908=LINE('',#11560,#11561);
#8909=VERTEX_POINT('',#11562);
#8910=LINE('',#11563,#11564);
#8911=VERTEX_POINT('',#11565);
#8912=LINE('',#11566,#11567);
#8913=LINE('',#11568,#11569);
#8914=VERTEX_POINT('',#11570);
#8915=LINE('',#11571,#11572);
#8916=VERTEX_POINT('',#11573);
#8917=LINE('',#11574,#11575);
#8918=LINE('',#11576,#11577);
#8919=VERTEX_POINT('',#11578);
#8920=VERTEX_POINT('',#11579);
#8921=LINE('',#11580,#11581);
#8922=CIRCLE('',#11582,0.13);
#8923=CIRCLE('',#11583,0.13);
#8924=VERTEX_POINT('',#11584);
#8925=LINE('',#11585,#11586);
#8926=VERTEX_POINT('',#11587);
#8927=LINE('',#11588,#11589);
#8928=CIRCLE('',#11590,0.13);
#8929=VERTEX_POINT('',#11591);
#8930=LINE('',#11592,#11593);
#8931=VERTEX_POINT('',#11594);
#8932=LINE('',#11595,#11596);
#8933=CIRCLE('',#11597,0.13);
#8934=LINE('',#11598,#11599);
#8935=LINE('',#11600,#11601);
#8936=VERTEX_POINT('',#11602);
#8937=VERTEX_POINT('',#11603);
#8938=LINE('',#11604,#11605);
#8939=VERTEX_POINT('',#11606);
#8940=LINE('',#11607,#11608);
#8941=VERTEX_POINT('',#11609);
#8942=LINE('',#11610,#11611);
#8943=LINE('',#11612,#11613);
#8944=VERTEX_POINT('',#11614);
#8945=VERTEX_POINT('',#11615);
#8946=LINE('',#11616,#11617);
#8947=VERTEX_POINT('',#11618);
#8948=LINE('',#11619,#11620);
#8949=VERTEX_POINT('',#11621);
#8950=LINE('',#11622,#11623);
#8951=LINE('',#11624,#11625);
#8952=VERTEX_POINT('',#11626);
#8953=VERTEX_POINT('',#11627);
#8954=LINE('',#11628,#11629);
#8955=VERTEX_POINT('',#11630);
#8956=LINE('',#11631,#11632);
#8957=VERTEX_POINT('',#11633);
#8958=LINE('',#11634,#11635);
#8959=LINE('',#11636,#11637);
#8960=VERTEX_POINT('',#11638);
#8961=CIRCLE('',#11639,0.13);
#8962=VERTEX_POINT('',#11640);
#8963=LINE('',#11641,#11642);
#8964=CIRCLE('',#11643,0.13);
#8965=LINE('',#11644,#11645);
#8966=VERTEX_POINT('',#11646);
#8967=LINE('',#11647,#11648);
#8968=CIRCLE('',#11649,0.13);
#8969=VERTEX_POINT('',#11650);
#8970=LINE('',#11651,#11652);
#8971=CIRCLE('',#11653,0.13);
#8972=VERTEX_POINT('',#11654);
#8973=VERTEX_POINT('',#11655);
#8974=LINE('',#11656,#11657);
#8975=VERTEX_POINT('',#11658);
#8976=LINE('',#11659,#11660);
#8977=VERTEX_POINT('',#11661);
#8978=CIRCLE('',#11662,0.25);
#8979=VERTEX_POINT('',#11663);
#8980=LINE('',#11664,#11665);
#8981=VERTEX_POINT('',#11666);
#8982=CIRCLE('',#11667,0.25);
#8983=VERTEX_POINT('',#11668);
#8984=LINE('',#11669,#11670);
#8985=VERTEX_POINT('',#11671);
#8986=LINE('',#11672,#11673);
#8987=VERTEX_POINT('',#11674);
#8988=LINE('',#11675,#11676);
#8989=VERTEX_POINT('',#11677);
#8990=LINE('',#11678,#11679);
#8991=VERTEX_POINT('',#11680);
#8992=LINE('',#11681,#11682);
#8993=VERTEX_POINT('',#11683);
#8994=LINE('',#11684,#11685);
#8995=VERTEX_POINT('',#11686);
#8996=LINE('',#11687,#11688);
#8997=VERTEX_POINT('',#11689);
#8998=CIRCLE('',#11690,0.25);
#8999=VERTEX_POINT('',#11691);
#9000=LINE('',#11692,#11693);
#9001=VERTEX_POINT('',#11694);
#9002=CIRCLE('',#11695,0.25);
#9003=VERTEX_POINT('',#11696);
#9004=LINE('',#11697,#11698);
#9005=VERTEX_POINT('',#11699);
#9006=LINE('',#11700,#11701);
#9007=VERTEX_POINT('',#11702);
#9008=LINE('',#11703,#11704);
#9009=VERTEX_POINT('',#11705);
#9010=LINE('',#11706,#11707);
#9011=LINE('',#11708,#11709);
#9012=LINE('',#11710,#11711);
#9013=VERTEX_POINT('',#11712);
#9014=LINE('',#11713,#11714);
#9015=CIRCLE('',#11715,0.13);
#9016=VERTEX_POINT('',#11716);
#9017=CIRCLE('',#11717,0.13);
#9018=LINE('',#11718,#11719);
#9019=VERTEX_POINT('',#11720);
#9020=CIRCLE('',#11721,0.25);
#9021=VERTEX_POINT('',#11722);
#9022=LINE('',#11723,#11724);
#9023=VERTEX_POINT('',#11725);
#9024=LINE('',#11726,#11727);
#9025=VERTEX_POINT('',#11728);
#9026=LINE('',#11729,#11730);
#9027=VERTEX_POINT('',#11731);
#9028=LINE('',#11732,#11733);
#9029=VERTEX_POINT('',#11734);
#9030=LINE('',#11735,#11736);
#9031=VERTEX_POINT('',#11737);
#9032=LINE('',#11738,#11739);
#9033=VERTEX_POINT('',#11740);
#9034=LINE('',#11741,#11742);
#9035=VERTEX_POINT('',#11743);
#9036=CIRCLE('',#11744,0.25);
#9037=VERTEX_POINT('',#11745);
#9038=LINE('',#11746,#11747);
#9039=VERTEX_POINT('',#11748);
#9040=LINE('',#11749,#11750);
#9041=VERTEX_POINT('',#11751);
#9042=LINE('',#11752,#11753);
#9043=VERTEX_POINT('',#11754);
#9044=LINE('',#11755,#11756);
#9045=VERTEX_POINT('',#11757);
#9046=LINE('',#11758,#11759);
#9047=VERTEX_POINT('',#11760);
#9048=CIRCLE('',#11761,0.25);
#9049=VERTEX_POINT('',#11762);
#9050=LINE('',#11763,#11764);
#9051=VERTEX_POINT('',#11765);
#9052=LINE('',#11766,#11767);
#9053=VERTEX_POINT('',#11768);
#9054=LINE('',#11769,#11770);
#9055=VERTEX_POINT('',#11771);
#9056=LINE('',#11772,#11773);
#9057=VERTEX_POINT('',#11774);
#9058=LINE('',#11775,#11776);
#9059=VERTEX_POINT('',#11777);
#9060=LINE('',#11778,#11779);
#9061=LINE('',#11780,#11781);
#9062=LINE('',#11782,#11783);
#9063=VERTEX_POINT('',#11784);
#9064=VERTEX_POINT('',#11785);
#9065=CIRCLE('',#11786,0.25);
#9066=LINE('',#11787,#11788);
#9067=VERTEX_POINT('',#11789);
#9068=LINE('',#11790,#11791);
#9069=VERTEX_POINT('',#11792);
#9070=LINE('',#11793,#11794);
#9071=LINE('',#11795,#11796);
#9072=LINE('',#11797,#11798);
#9073=VERTEX_POINT('',#11799);
#9074=LINE('',#11800,#11801);
#9075=VERTEX_POINT('',#11802);
#9076=LINE('',#11803,#11804);
#9077=LINE('',#11805,#11806);
#9078=LINE('',#11807,#11808);
#9079=VERTEX_POINT('',#11809);
#9080=LINE('',#11810,#11811);
#9081=VERTEX_POINT('',#11812);
#9082=LINE('',#11813,#11814);
#9083=LINE('',#11815,#11816);
#9084=VERTEX_POINT('',#11817);
#9085=LINE('',#11818,#11819);
#9086=VERTEX_POINT('',#11820);
#9087=CIRCLE('',#11821,0.25);
#9088=LINE('',#11822,#11823);
#9089=VERTEX_POINT('',#11824);
#9090=VERTEX_POINT('',#11825);
#9091=LINE('',#11826,#11827);
#9092=VERTEX_POINT('',#11828);
#9093=LINE('',#11829,#11830);
#9094=VERTEX_POINT('',#11831);
#9095=LINE('',#11832,#11833);
#9096=LINE('',#11834,#11835);
#9097=VERTEX_POINT('',#11836);
#9098=VERTEX_POINT('',#11837);
#9099=LINE('',#11838,#11839);
#9100=VERTEX_POINT('',#11840);
#9101=LINE('',#11841,#11842);
#9102=VERTEX_POINT('',#11843);
#9103=LINE('',#11844,#11845);
#9104=LINE('',#11846,#11847);
#9105=VERTEX_POINT('',#11848);
#9106=VERTEX_POINT('',#11849);
#9107=LINE('',#11850,#11851);
#9108=VERTEX_POINT('',#11852);
#9109=LINE('',#11853,#11854);
#9110=VERTEX_POINT('',#11855);
#9111=LINE('',#11856,#11857);
#9112=LINE('',#11858,#11859);
#9113=VERTEX_POINT('',#11860);
#9114=LINE('',#11861,#11862);
#9115=VERTEX_POINT('',#11863);
#9116=LINE('',#11864,#11865);
#9117=LINE('',#11866,#11867);
#9118=VERTEX_POINT('',#11868);
#9119=VERTEX_POINT('',#11869);
#9120=CIRCLE('',#11870,0.25);
#9121=LINE('',#11871,#11872);
#9122=VERTEX_POINT('',#11873);
#9123=LINE('',#11874,#11875);
#9124=VERTEX_POINT('',#11876);
#9125=LINE('',#11877,#11878);
#9126=LINE('',#11879,#11880);
#9127=LINE('',#11881,#11882);
#9128=LINE('',#11883,#11884);
#9129=VERTEX_POINT('',#11885);
#9130=LINE('',#11886,#11887);
#9131=VERTEX_POINT('',#11888);
#9132=LINE('',#11889,#11890);
#9133=LINE('',#11891,#11892);
#9134=LINE('',#11893,#11894);
#9135=VERTEX_POINT('',#11895);
#9136=LINE('',#11896,#11897);
#9137=VERTEX_POINT('',#11898);
#9138=LINE('',#11899,#11900);
#9139=LINE('',#11901,#11902);
#9140=VERTEX_POINT('',#11903);
#9141=LINE('',#11904,#11905);
#9142=VERTEX_POINT('',#11906);
#9143=CIRCLE('',#11907,0.25);
#9144=LINE('',#11908,#11909);
#9145=VERTEX_POINT('',#11910);
#9146=VERTEX_POINT('',#11911);
#9147=LINE('',#11912,#11913);
#9148=VERTEX_POINT('',#11914);
#9149=LINE('',#11915,#11916);
#9150=VERTEX_POINT('',#11917);
#9151=LINE('',#11918,#11919);
#9152=LINE('',#11920,#11921);
#9153=VERTEX_POINT('',#11922);
#9154=LINE('',#11923,#11924);
#9155=VERTEX_POINT('',#11925);
#9156=LINE('',#11926,#11927);
#9157=LINE('',#11928,#11929);
#9158=VERTEX_POINT('',#11930);
#9159=LINE('',#11931,#11932);
#9160=LINE('',#11933,#11934);
#9161=VERTEX_POINT('',#11935);
#9162=LINE('',#11936,#11937);
#9163=LINE('',#11938,#11939);
#9164=LINE('',#11940,#11941);
#9165=VERTEX_POINT('',#11942);
#9166=LINE('',#11943,#11944);
#9167=VERTEX_POINT('',#11945);
#9168=LINE('',#11946,#11947);
#9169=LINE('',#11948,#11949);
#9170=LINE('',#11950,#11951);
#9171=LINE('',#11952,#11953);
#9172=VERTEX_POINT('',#11954);
#9173=LINE('',#11955,#11956);
#9174=VERTEX_POINT('',#11957);
#9175=LINE('',#11958,#11959);
#9176=LINE('',#11960,#11961);
#9177=VERTEX_POINT('',#11962);
#9178=LINE('',#11963,#11964);
#9179=VERTEX_POINT('',#11965);
#9180=LINE('',#11966,#11967);
#9181=LINE('',#11968,#11969);
#9182=VERTEX_POINT('',#11970);
#9183=LINE('',#11971,#11972);
#9184=LINE('',#11973,#11974);
#9185=VERTEX_POINT('',#11975);
#9186=LINE('',#11976,#11977);
#9187=LINE('',#11978,#11979);
#9188=VERTEX_POINT('',#11980);
#9189=LINE('',#11981,#11982);
#9190=VERTEX_POINT('',#11983);
#9191=LINE('',#11984,#11985);
#9192=LINE('',#11986,#11987);
#9193=LINE('',#11988,#11989);
#9194=LINE('',#11990,#11991);
#9195=LINE('',#11992,#11993);
#9196=VERTEX_POINT('',#11994);
#9197=LINE('',#11995,#11996);
#9198=VERTEX_POINT('',#11997);
#9199=LINE('',#11998,#11999);
#9200=LINE('',#12000,#12001);
#9201=VERTEX_POINT('',#12002);
#9202=LINE('',#12003,#12004);
#9203=VERTEX_POINT('',#12005);
#9204=LINE('',#12006,#12007);
#9205=LINE('',#12008,#12009);
#9206=VERTEX_POINT('',#12010);
#9207=CIRCLE('',#12011,0.25);
#9208=LINE('',#12012,#12013);
#9209=LINE('',#12014,#12015);
#9210=VERTEX_POINT('',#12016);
#9211=LINE('',#12017,#12018);
#9212=LINE('',#12019,#12020);
#9213=VERTEX_POINT('',#12021);
#9214=LINE('',#12022,#12023);
#9215=VERTEX_POINT('',#12024);
#9216=LINE('',#12025,#12026);
#9217=LINE('',#12027,#12028);
#9218=VERTEX_POINT('',#12029);
#9219=CIRCLE('',#12030,0.25);
#9220=LINE('',#12031,#12032);
#9221=LINE('',#12033,#12034);
#9222=VERTEX_POINT('',#12035);
#9223=LINE('',#12036,#12037);
#9224=LINE('',#12038,#12039);
#9225=CIRCLE('',#12040,0.25);
#9226=VERTEX_POINT('',#12041);
#9227=LINE('',#12042,#12043);
#9228=VERTEX_POINT('',#12044);
#9229=LINE('',#12045,#12046);
#9230=LINE('',#12047,#12048);
#9231=CIRCLE('',#12049,0.25);
#9232=VERTEX_POINT('',#12050);
#9233=CIRCLE('',#12051,0.25);
#9234=LINE('',#12052,#12053);
#9235=VERTEX_POINT('',#12054);
#9236=LINE('',#12055,#12056);
#9237=LINE('',#12057,#12058);
#9238=CIRCLE('',#12059,0.25);
#9239=VERTEX_POINT('',#12060);
#9240=VERTEX_POINT('',#12061);
#9241=LINE('',#12062,#12063);
#9242=CIRCLE('',#12064,0.25);
#9243=VERTEX_POINT('',#12065);
#9244=CIRCLE('',#12066,0.25);
#9245=VERTEX_POINT('',#12067);
#9246=LINE('',#12068,#12069);
#9247=VERTEX_POINT('',#12070);
#9248=LINE('',#12071,#12072);
#9249=VERTEX_POINT('',#12073);
#9250=LINE('',#12074,#12075);
#9251=VERTEX_POINT('',#12076);
#9252=LINE('',#12077,#12078);
#9253=VERTEX_POINT('',#12079);
#9254=LINE('',#12080,#12081);
#9255=VERTEX_POINT('',#12082);
#9256=LINE('',#12083,#12084);
#9257=VERTEX_POINT('',#12085);
#9258=LINE('',#12086,#12087);
#9259=LINE('',#12088,#12089);
#9260=VERTEX_POINT('',#12090);
#9261=LINE('',#12091,#12092);
#9262=LINE('',#12093,#12094);
#9263=LINE('',#12095,#12096);
#9264=LINE('',#12097,#12098);
#9265=LINE('',#12099,#12100);
#9266=LINE('',#12101,#12102);
#9267=VERTEX_POINT('',#12103);
#9268=LINE('',#12104,#12105);
#9269=LINE('',#12106,#12107);
#9270=VERTEX_POINT('',#12108);
#9271=LINE('',#12109,#12110);
#9272=LINE('',#12111,#12112);
#9273=VERTEX_POINT('',#12113);
#9274=LINE('',#12114,#12115);
#9275=LINE('',#12116,#12117);
#9276=VERTEX_POINT('',#12118);
#9277=LINE('',#12119,#12120);
#9278=VERTEX_POINT('',#12121);
#9279=LINE('',#12122,#12123);
#9280=LINE('',#12124,#12125);
#9281=LINE('',#12126,#12127);
#9282=VERTEX_POINT('',#12128);
#9283=VERTEX_POINT('',#12129);
#9284=LINE('',#12130,#12131);
#9285=VERTEX_POINT('',#12132);
#9286=LINE('',#12133,#12134);
#9287=VERTEX_POINT('',#12135);
#9288=LINE('',#12136,#12137);
#9289=LINE('',#12138,#12139);
#9290=VERTEX_POINT('',#12140);
#9291=VERTEX_POINT('',#12141);
#9292=LINE('',#12142,#12143);
#9293=VERTEX_POINT('',#12144);
#9294=LINE('',#12145,#12146);
#9295=VERTEX_POINT('',#12147);
#9296=LINE('',#12148,#12149);
#9297=LINE('',#12150,#12151);
#9298=VERTEX_POINT('',#12152);
#9299=VERTEX_POINT('',#12153);
#9300=LINE('',#12154,#12155);
#9301=VERTEX_POINT('',#12156);
#9302=LINE('',#12157,#12158);
#9303=VERTEX_POINT('',#12159);
#9304=LINE('',#12160,#12161);
#9305=LINE('',#12162,#12163);
#9306=VERTEX_POINT('',#12164);
#9307=VERTEX_POINT('',#12165);
#9308=LINE('',#12166,#12167);
#9309=VERTEX_POINT('',#12168);
#9310=LINE('',#12169,#12170);
#9311=VERTEX_POINT('',#12171);
#9312=LINE('',#12172,#12173);
#9313=LINE('',#12174,#12175);
#9314=VERTEX_POINT('',#12176);
#9315=VERTEX_POINT('',#12177);
#9316=LINE('',#12178,#12179);
#9317=VERTEX_POINT('',#12180);
#9318=LINE('',#12181,#12182);
#9319=VERTEX_POINT('',#12183);
#9320=LINE('',#12184,#12185);
#9321=LINE('',#12186,#12187);
#9322=VERTEX_POINT('',#12188);
#9323=VERTEX_POINT('',#12189);
#9324=LINE('',#12190,#12191);
#9325=VERTEX_POINT('',#12192);
#9326=LINE('',#12193,#12194);
#9327=VERTEX_POINT('',#12195);
#9328=LINE('',#12196,#12197);
#9329=LINE('',#12198,#12199);
#9330=VERTEX_POINT('',#12200);
#9331=VERTEX_POINT('',#12201);
#9332=LINE('',#12202,#12203);
#9333=VERTEX_POINT('',#12204);
#9334=LINE('',#12205,#12206);
#9335=VERTEX_POINT('',#12207);
#9336=LINE('',#12208,#12209);
#9337=LINE('',#12210,#12211);
#9338=VERTEX_POINT('',#12212);
#9339=VERTEX_POINT('',#12213);
#9340=LINE('',#12214,#12215);
#9341=VERTEX_POINT('',#12216);
#9342=LINE('',#12217,#12218);
#9343=VERTEX_POINT('',#12219);
#9344=LINE('',#12220,#12221);
#9345=LINE('',#12222,#12223);
#9346=VERTEX_POINT('',#12224);
#9347=LINE('',#12225,#12226);
#9348=VERTEX_POINT('',#12227);
#9349=LINE('',#12228,#12229);
#9350=LINE('',#12230,#12231);
#9351=VERTEX_POINT('',#12232);
#9352=LINE('',#12233,#12234);
#9353=VERTEX_POINT('',#12235);
#9354=LINE('',#12236,#12237);
#9355=LINE('',#12238,#12239);
#9356=VERTEX_POINT('',#12240);
#9357=LINE('',#12241,#12242);
#9358=VERTEX_POINT('',#12243);
#9359=CIRCLE('',#12244,0.5);
#9360=LINE('',#12245,#12246);
#9361=VERTEX_POINT('',#12247);
#9362=LINE('',#12248,#12249);
#9363=VERTEX_POINT('',#12250);
#9364=CIRCLE('',#12251,0.25);
#9365=LINE('',#12252,#12253);
#9366=VERTEX_POINT('',#12254);
#9367=LINE('',#12255,#12256);
#9368=VERTEX_POINT('',#12257);
#9369=CIRCLE('',#12258,0.5);
#9370=LINE('',#12259,#12260);
#9371=VERTEX_POINT('',#12261);
#9372=LINE('',#12262,#12263);
#9373=VERTEX_POINT('',#12264);
#9374=CIRCLE('',#12265,0.25);
#9375=LINE('',#12266,#12267);
#9376=VERTEX_POINT('',#12268);
#9377=LINE('',#12269,#12270);
#9378=LINE('',#12271,#12272);
#9379=VERTEX_POINT('',#12273);
#9380=LINE('',#12274,#12275);
#9381=LINE('',#12276,#12277);
#9382=VERTEX_POINT('',#12278);
#9383=LINE('',#12279,#12280);
#9384=LINE('',#12281,#12282);
#9385=VERTEX_POINT('',#12283);
#9386=LINE('',#12284,#12285);
#9387=VERTEX_POINT('',#12286);
#9388=LINE('',#12287,#12288);
#9389=LINE('',#12289,#12290);
#9390=VERTEX_POINT('',#12291);
#9391=LINE('',#12292,#12293);
#9392=CIRCLE('',#12294,0.25);
#9393=VERTEX_POINT('',#12295);
#9394=LINE('',#12296,#12297);
#9395=VERTEX_POINT('',#12298);
#9396=CIRCLE('',#12299,0.5);
#9397=LINE('',#12300,#12301);
#9398=VERTEX_POINT('',#12302);
#9399=LINE('',#12303,#12304);
#9400=VERTEX_POINT('',#12305);
#9401=CIRCLE('',#12306,0.25);
#9402=LINE('',#12307,#12308);
#9403=VERTEX_POINT('',#12309);
#9404=LINE('',#12310,#12311);
#9405=VERTEX_POINT('',#12312);
#9406=CIRCLE('',#12313,0.5);
#9407=LINE('',#12314,#12315);
#9408=LINE('',#12316,#12317);
#9409=LINE('',#12318,#12319);
#9410=LINE('',#12320,#12321);
#9411=LINE('',#12322,#12323);
#9412=LINE('',#12324,#12325);
#9413=LINE('',#12326,#12327);
#9414=LINE('',#12328,#12329);
#9415=LINE('',#12330,#12331);
#9416=LINE('',#12332,#12333);
#9417=LINE('',#12334,#12335);
#9418=VERTEX_POINT('',#12336);
#9419=LINE('',#12337,#12338);
#9420=VERTEX_POINT('',#12339);
#9421=LINE('',#12340,#12341);
#9422=LINE('',#12342,#12343);
#9423=VERTEX_POINT('',#12344);
#9424=LINE('',#12345,#12346);
#9425=VERTEX_POINT('',#12347);
#9426=LINE('',#12348,#12349);
#9427=LINE('',#12350,#12351);
#9428=VERTEX_POINT('',#12352);
#9429=VERTEX_POINT('',#12353);
#9430=CIRCLE('',#12354,0.25);
#9431=LINE('',#12355,#12356);
#9432=VERTEX_POINT('',#12357);
#9433=LINE('',#12358,#12359);
#9434=VERTEX_POINT('',#12360);
#9435=CIRCLE('',#12361,0.5);
#9436=LINE('',#12362,#12363);
#9437=LINE('',#12364,#12365);
#9438=VERTEX_POINT('',#12366);
#9439=VERTEX_POINT('',#12367);
#9440=CIRCLE('',#12368,0.25);
#9441=LINE('',#12369,#12370);
#9442=VERTEX_POINT('',#12371);
#9443=LINE('',#12372,#12373);
#9444=VERTEX_POINT('',#12374);
#9445=CIRCLE('',#12375,0.5);
#9446=LINE('',#12376,#12377);
#9447=LINE('',#12378,#12379);
#9448=VERTEX_POINT('',#12380);
#9449=LINE('',#12381,#12382);
#9450=LINE('',#12383,#12384);
#9451=VERTEX_POINT('',#12385);
#9452=LINE('',#12386,#12387);
#9453=LINE('',#12388,#12389);
#9454=VERTEX_POINT('',#12390);
#9455=LINE('',#12391,#12392);
#9456=LINE('',#12393,#12394);
#9457=VERTEX_POINT('',#12395);
#9458=LINE('',#12396,#12397);
#9459=VERTEX_POINT('',#12398);
#9460=LINE('',#12399,#12400);
#9461=LINE('',#12401,#12402);
#9462=VERTEX_POINT('',#12403);
#9463=LINE('',#12404,#12405);
#9464=VERTEX_POINT('',#12406);
#9465=CIRCLE('',#12407,0.5);
#9466=LINE('',#12408,#12409);
#9467=VERTEX_POINT('',#12410);
#9468=LINE('',#12411,#12412);
#9469=VERTEX_POINT('',#12413);
#9470=CIRCLE('',#12414,0.25);
#9471=LINE('',#12415,#12416);
#9472=VERTEX_POINT('',#12417);
#9473=LINE('',#12418,#12419);
#9474=VERTEX_POINT('',#12420);
#9475=CIRCLE('',#12421,0.5);
#9476=LINE('',#12422,#12423);
#9477=VERTEX_POINT('',#12424);
#9478=LINE('',#12425,#12426);
#9479=CIRCLE('',#12427,0.25);
#9480=LINE('',#12428,#12429);
#9481=LINE('',#12430,#12431);
#9482=LINE('',#12432,#12433);
#9483=LINE('',#12434,#12435);
#9484=LINE('',#12436,#12437);
#9485=LINE('',#12438,#12439);
#9486=LINE('',#12440,#12441);
#9487=LINE('',#12442,#12443);
#9488=LINE('',#12444,#12445);
#9489=LINE('',#12446,#12447);
#9490=LINE('',#12448,#12449);
#9491=LINE('',#12450,#12451);
#9492=VERTEX_POINT('',#12452);
#9493=LINE('',#12453,#12454);
#9494=LINE('',#12455,#12456);
#9495=VERTEX_POINT('',#12457);
#9496=LINE('',#12458,#12459);
#9497=LINE('',#12460,#12461);
#9498=VERTEX_POINT('',#12462);
#9499=LINE('',#12463,#12464);
#9500=VERTEX_POINT('',#12465);
#9501=LINE('',#12466,#12467);
#9502=LINE('',#12468,#12469);
#9503=VERTEX_POINT('',#12470);
#9504=LINE('',#12471,#12472);
#9505=VERTEX_POINT('',#12473);
#9506=LINE('',#12474,#12475);
#9507=LINE('',#12476,#12477);
#9508=LINE('',#12478,#12479);
#9509=VERTEX_POINT('',#12480);
#9510=LINE('',#12481,#12482);
#9511=VERTEX_POINT('',#12483);
#9512=LINE('',#12484,#12485);
#9513=LINE('',#12486,#12487);
#9514=LINE('',#12488,#12489);
#9515=LINE('',#12490,#12491);
#9516=LINE('',#12492,#12493);
#9517=LINE('',#12494,#12495);
#9518=LINE('',#12496,#12497);
#9519=LINE('',#12498,#12499);
#9520=LINE('',#12500,#12501);
#9521=LINE('',#12502,#12503);
#9522=VERTEX_POINT('',#12504);
#9523=VERTEX_POINT('',#12505);
#9524=LINE('',#12506,#12507);
#9525=LINE('',#12508,#12509);
#9526=VERTEX_POINT('',#12510);
#9527=LINE('',#12511,#12512);
#9528=LINE('',#12513,#12514);
#9529=VERTEX_POINT('',#12515);
#9530=VERTEX_POINT('',#12516);
#9531=LINE('',#12517,#12518);
#9532=LINE('',#12519,#12520);
#9533=LINE('',#12521,#12522);
#9534=LINE('',#12523,#12524);
#9535=VERTEX_POINT('',#12525);
#9536=LINE('',#12526,#12527);
#9537=VERTEX_POINT('',#12528);
#9538=LINE('',#12529,#12530);
#9539=LINE('',#12531,#12532);
#9540=VERTEX_POINT('',#12533);
#9541=LINE('',#12534,#12535);
#9542=LINE('',#12536,#12537);
#9543=VERTEX_POINT('',#12538);
#9544=VERTEX_POINT('',#12539);
#9545=LINE('',#12540,#12541);
#9546=VERTEX_POINT('',#12542);
#9547=CIRCLE('',#12543,0.38);
#9548=VERTEX_POINT('',#12544);
#9549=LINE('',#12545,#12546);
#9550=VERTEX_POINT('',#12547);
#9551=CIRCLE('',#12548,0.38);
#9552=VERTEX_POINT('',#12549);
#9553=LINE('',#12550,#12551);
#9554=VERTEX_POINT('',#12552);
#9555=CIRCLE('',#12553,0.38);
#9556=LINE('',#12554,#12555);
#9557=VERTEX_POINT('',#12556);
#9558=LINE('',#12557,#12558);
#9559=VERTEX_POINT('',#12559);
#9560=CIRCLE('',#12560,0.38);
#9561=VERTEX_POINT('',#12561);
#9562=LINE('',#12562,#12563);
#9563=VERTEX_POINT('',#12564);
#9564=CIRCLE('',#12565,0.38);
#9565=VERTEX_POINT('',#12566);
#9566=LINE('',#12567,#12568);
#9567=VERTEX_POINT('',#12569);
#9568=LINE('',#12570,#12571);
#9569=VERTEX_POINT('',#12572);
#9570=LINE('',#12573,#12574);
#9571=VERTEX_POINT('',#12575);
#9572=LINE('',#12576,#12577);
#9573=VERTEX_POINT('',#12578);
#9574=LINE('',#12579,#12580);
#9575=CIRCLE('',#12581,0.38);
#9576=VERTEX_POINT('',#12582);
#9577=VERTEX_POINT('',#12583);
#9578=CIRCLE('',#12584,0.3);
#9579=LINE('',#12585,#12586);
#9580=VERTEX_POINT('',#12587);
#9581=CIRCLE('',#12588,0.115);
#9582=VERTEX_POINT('',#12589);
#9583=LINE('',#12590,#12591);
#9584=VERTEX_POINT('',#12592);
#9585=CIRCLE('',#12593,0.3);
#9586=VERTEX_POINT('',#12594);
#9587=LINE('',#12595,#12596);
#9588=VERTEX_POINT('',#12597);
#9589=CIRCLE('',#12598,0.3);
#9590=VERTEX_POINT('',#12599);
#9591=LINE('',#12600,#12601);
#9592=CIRCLE('',#12602,0.115);
#9593=VERTEX_POINT('',#12603);
#9594=LINE('',#12604,#12605);
#9595=VERTEX_POINT('',#12606);
#9596=CIRCLE('',#12607,0.3);
#9597=LINE('',#12608,#12609);
#9598=VERTEX_POINT('',#12610);
#9599=VERTEX_POINT('',#12611);
#9600=LINE('',#12612,#12613);
#9601=LINE('',#12614,#12615);
#9602=LINE('',#12616,#12617);
#9603=VERTEX_POINT('',#12618);
#9604=VERTEX_POINT('',#12619);
#9605=LINE('',#12620,#12621);
#9606=VERTEX_POINT('',#12622);
#9607=LINE('',#12623,#12624);
#9608=VERTEX_POINT('',#12625);
#9609=LINE('',#12626,#12627);
#9610=LINE('',#12628,#12629);
#9611=VERTEX_POINT('',#12630);
#9612=VERTEX_POINT('',#12631);
#9613=LINE('',#12632,#12633);
#9614=VERTEX_POINT('',#12634);
#9615=LINE('',#12635,#12636);
#9616=VERTEX_POINT('',#12637);
#9617=LINE('',#12638,#12639);
#9618=LINE('',#12640,#12641);
#9619=VERTEX_POINT('',#12642);
#9620=VERTEX_POINT('',#12643);
#9621=B_SPLINE_CURVE_WITH_KNOTS('',3,(#12644,#12645,#12646,#12647,#12648,#12649),.UNSPECIFIED.,.F.,.F.,(4,1,1,4),(0.0,0.5,0.75,1.0),.UNSPECIFIED.);
#9622=B_SPLINE_CURVE_WITH_KNOTS('',3,(#12650,#12651,#12652,#12653),.UNSPECIFIED.,.F.,.F.,(4,4),(0.0,1.0),.UNSPECIFIED.);
#9623=LINE('',#12654,#12655);
#9624=VERTEX_POINT('',#12656);
#9625=VERTEX_POINT('',#12657);
#9626=LINE('',#12658,#12659);
#9627=LINE('',#12660,#12661);
#9628=LINE('',#12662,#12663);
#9629=LINE('',#12664,#12665);
#9630=VERTEX_POINT('',#12666);
#9631=VERTEX_POINT('',#12667);
#9632=B_SPLINE_CURVE_WITH_KNOTS('',3,(#12668,#12669,#12670,#12671),.UNSPECIFIED.,.F.,.F.,(4,4),(0.0,1.0),.UNSPECIFIED.);
#9633=B_SPLINE_CURVE_WITH_KNOTS('',3,(#12672,#12673,#12674,#12675,#12676,#12677),.UNSPECIFIED.,.F.,.F.,(4,1,1,4),(0.0,0.25,0.5,1.0),.UNSPECIFIED.);
#9634=LINE('',#12678,#12679);
#9635=VERTEX_POINT('',#12680);
#9636=LINE('',#12681,#12682);
#9637=LINE('',#12683,#12684);
#9638=VERTEX_POINT('',#12685);
#9639=VERTEX_POINT('',#12686);
#9640=LINE('',#12687,#12688);
#9641=VERTEX_POINT('',#12689);
#9642=LINE('',#12690,#12691);
#9643=VERTEX_POINT('',#12692);
#9644=LINE('',#12693,#12694);
#9645=LINE('',#12695,#12696);
#9646=VERTEX_POINT('',#12697);
#9647=VERTEX_POINT('',#12698);
#9648=LINE('',#12699,#12700);
#9649=VERTEX_POINT('',#12701);
#9650=LINE('',#12702,#12703);
#9651=VERTEX_POINT('',#12704);
#9652=LINE('',#12705,#12706);
#9653=LINE('',#12707,#12708);
#9654=VERTEX_POINT('',#12709);
#9655=B_SPLINE_CURVE_WITH_KNOTS('',3,(#12710,#12711,#12712,#12713),.UNSPECIFIED.,.F.,.F.,(4,4),(0.0,1.0),.UNSPECIFIED.);
#9656=VERTEX_POINT('',#12714);
#9657=LINE('',#12715,#12716);
#9658=VERTEX_POINT('',#12717);
#9659=LINE('',#12718,#12719);
#9660=LINE('',#12720,#12721);
#9661=VERTEX_POINT('',#12722);
#9662=LINE('',#12723,#12724);
#9663=LINE('',#12725,#12726);
#9664=B_SPLINE_CURVE_WITH_KNOTS('',3,(#12727,#12728,#12729,#12730,#12731,#12732,#12733,#12734,#12735),.UNSPECIFIED.,.F.,.F.,(4,1,1,1,1,1,4),(0.0,0.25,0.375,0.5,0.625,0.75,1.0),.UNSPECIFIED.);
#9665=VERTEX_POINT('',#12736);
#9666=LINE('',#12737,#12738);
#9667=VERTEX_POINT('',#12739);
#9668=LINE('',#12740,#12741);
#9669=B_SPLINE_CURVE_WITH_KNOTS('',3,(#12742,#12743,#12744,#12745),.UNSPECIFIED.,.F.,.F.,(4,4),(0.0,1.0),.UNSPECIFIED.);
#9670=VERTEX_POINT('',#12746);
#9671=B_SPLINE_CURVE_WITH_KNOTS('',3,(#12747,#12748,#12749,#12750,#12751,#12752),.UNSPECIFIED.,.F.,.F.,(4,1,1,4),(0.0,0.25,0.5,1.0),.UNSPECIFIED.);
#9672=LINE('',#12753,#12754);
#9673=VERTEX_POINT('',#12755);
#9674=LINE('',#12756,#12757);
#9675=VERTEX_POINT('',#12758);
#9676=LINE('',#12759,#12760);
#9677=LINE('',#12761,#12762);
#9678=LINE('',#12763,#12764);
#9679=B_SPLINE_CURVE_WITH_KNOTS('',3,(#12765,#12766,#12767,#12768,#12769,#12770),.UNSPECIFIED.,.F.,.F.,(4,1,1,4),(0.0,0.5,0.75,1.0),.UNSPECIFIED.);
#9680=B_SPLINE_CURVE_WITH_KNOTS('',3,(#12771,#12772,#12773,#12774,#12775,#12776,#12777,#12778,#12779),.UNSPECIFIED.,.F.,.F.,(4,1,1,1,1,1,4),(0.0,0.25,0.375,0.5,0.625,0.75,1.0),.UNSPECIFIED.);
#9681=LINE('',#12780,#12781);
#9682=VERTEX_POINT('',#12782);
#9683=VERTEX_POINT('',#12783);
#9684=LINE('',#12784,#12785);
#9685=VERTEX_POINT('',#12786);
#9686=LINE('',#12787,#12788);
#9687=VERTEX_POINT('',#12789);
#9688=LINE('',#12790,#12791);
#9689=VERTEX_POINT('',#12792);
#9690=LINE('',#12793,#12794);
#9691=VERTEX_POINT('',#12795);
#9692=LINE('',#12796,#12797);
#9693=VERTEX_POINT('',#12798);
#9694=LINE('',#12799,#12800);
#9695=LINE('',#12801,#12802);
#9696=VERTEX_POINT('',#12803);
#9697=VERTEX_POINT('',#12804);
#9698=LINE('',#12805,#12806);
#9699=VERTEX_POINT('',#12807);
#9700=LINE('',#12808,#12809);
#9701=VERTEX_POINT('',#12810);
#9702=LINE('',#12811,#12812);
#9703=VERTEX_POINT('',#12813);
#9704=LINE('',#12814,#12815);
#9705=VERTEX_POINT('',#12816);
#9706=LINE('',#12817,#12818);
#9707=VERTEX_POINT('',#12819);
#9708=LINE('',#12820,#12821);
#9709=VERTEX_POINT('',#12822);
#9710=LINE('',#12823,#12824);
#9711=VERTEX_POINT('',#12825);
#9712=LINE('',#12826,#12827);
#9713=VERTEX_POINT('',#12828);
#9714=LINE('',#12829,#12830);
#9715=VERTEX_POINT('',#12831);
#9716=LINE('',#12832,#12833);
#9717=LINE('',#12834,#12835);
#9718=VERTEX_POINT('',#12836);
#9719=VERTEX_POINT('',#12837);
#9720=LINE('',#12838,#12839);
#9721=VERTEX_POINT('',#12840);
#9722=LINE('',#12841,#12842);
#9723=VERTEX_POINT('',#12843);
#9724=LINE('',#12844,#12845);
#9725=VERTEX_POINT('',#12846);
#9726=LINE('',#12847,#12848);
#9727=VERTEX_POINT('',#12849);
#9728=LINE('',#12850,#12851);
#9729=VERTEX_POINT('',#12852);
#9730=LINE('',#12853,#12854);
#9731=VERTEX_POINT('',#12855);
#9732=LINE('',#12856,#12857);
#9733=VERTEX_POINT('',#12858);
#9734=LINE('',#12859,#12860);
#9735=VERTEX_POINT('',#12861);
#9736=LINE('',#12862,#12863);
#9737=VERTEX_POINT('',#12864);
#9738=LINE('',#12865,#12866);
#9739=VERTEX_POINT('',#12867);
#9740=LINE('',#12868,#12869);
#9741=VERTEX_POINT('',#12870);
#9742=LINE('',#12871,#12872);
#9743=VERTEX_POINT('',#12873);
#9744=LINE('',#12874,#12875);
#9745=VERTEX_POINT('',#12876);
#9746=LINE('',#12877,#12878);
#9747=VERTEX_POINT('',#12879);
#9748=LINE('',#12880,#12881);
#9749=VERTEX_POINT('',#12882);
#9750=LINE('',#12883,#12884);
#9751=VERTEX_POINT('',#12885);
#9752=LINE('',#12886,#12887);
#9753=VERTEX_POINT('',#12888);
#9754=LINE('',#12889,#12890);
#9755=VERTEX_POINT('',#12891);
#9756=LINE('',#12892,#12893);
#9757=VERTEX_POINT('',#12894);
#9758=LINE('',#12895,#12896);
#9759=VERTEX_POINT('',#12897);
#9760=LINE('',#12898,#12899);
#9761=VERTEX_POINT('',#12900);
#9762=LINE('',#12901,#12902);
#9763=VERTEX_POINT('',#12903);
#9764=LINE('',#12904,#12905);
#9765=VERTEX_POINT('',#12906);
#9766=LINE('',#12907,#12908);
#9767=VERTEX_POINT('',#12909);
#9768=LINE('',#12910,#12911);
#9769=VERTEX_POINT('',#12912);
#9770=LINE('',#12913,#12914);
#9771=VERTEX_POINT('',#12915);
#9772=LINE('',#12916,#12917);
#9773=LINE('',#12918,#12919);
#9774=VERTEX_POINT('',#12920);
#9775=VERTEX_POINT('',#12921);
#9776=LINE('',#12922,#12923);
#9777=VERTEX_POINT('',#12924);
#9778=LINE('',#12925,#12926);
#9779=VERTEX_POINT('',#12927);
#9780=LINE('',#12928,#12929);
#9781=VERTEX_POINT('',#12930);
#9782=LINE('',#12931,#12932);
#9783=VERTEX_POINT('',#12933);
#9784=LINE('',#12934,#12935);
#9785=VERTEX_POINT('',#12936);
#9786=LINE('',#12937,#12938);
#9787=VERTEX_POINT('',#12939);
#9788=LINE('',#12940,#12941);
#9789=VERTEX_POINT('',#12942);
#9790=LINE('',#12943,#12944);
#9791=VERTEX_POINT('',#12945);
#9792=LINE('',#12946,#12947);
#9793=VERTEX_POINT('',#12948);
#9794=LINE('',#12949,#12950);
#9795=VERTEX_POINT('',#12951);
#9796=LINE('',#12952,#12953);
#9797=VERTEX_POINT('',#12954);
#9798=LINE('',#12955,#12956);
#9799=VERTEX_POINT('',#12957);
#9800=LINE('',#12958,#12959);
#9801=VERTEX_POINT('',#12960);
#9802=LINE('',#12961,#12962);
#9803=VERTEX_POINT('',#12963);
#9804=LINE('',#12964,#12965);
#9805=VERTEX_POINT('',#12966);
#9806=LINE('',#12967,#12968);
#9807=VERTEX_POINT('',#12969);
#9808=LINE('',#12970,#12971);
#9809=VERTEX_POINT('',#12972);
#9810=LINE('',#12973,#12974);
#9811=VERTEX_POINT('',#12975);
#9812=LINE('',#12976,#12977);
#9813=VERTEX_POINT('',#12978);
#9814=LINE('',#12979,#12980);
#9815=VERTEX_POINT('',#12981);
#9816=LINE('',#12982,#12983);
#9817=VERTEX_POINT('',#12984);
#9818=LINE('',#12985,#12986);
#9819=VERTEX_POINT('',#12987);
#9820=LINE('',#12988,#12989);
#9821=VERTEX_POINT('',#12990);
#9822=LINE('',#12991,#12992);
#9823=VERTEX_POINT('',#12993);
#9824=LINE('',#12994,#12995);
#9825=VERTEX_POINT('',#12996);
#9826=LINE('',#12997,#12998);
#9827=VERTEX_POINT('',#12999);
#9828=LINE('',#13000,#13001);
#9829=VERTEX_POINT('',#13002);
#9830=LINE('',#13003,#13004);
#9831=VERTEX_POINT('',#13005);
#9832=LINE('',#13006,#13007);
#9833=VERTEX_POINT('',#13008);
#9834=LINE('',#13009,#13010);
#9835=VERTEX_POINT('',#13011);
#9836=LINE('',#13012,#13013);
#9837=VERTEX_POINT('',#13014);
#9838=LINE('',#13015,#13016);
#9839=VERTEX_POINT('',#13017);
#9840=LINE('',#13018,#13019);
#9841=VERTEX_POINT('',#13020);
#9842=LINE('',#13021,#13022);
#9843=VERTEX_POINT('',#13023);
#9844=LINE('',#13024,#13025);
#9845=VERTEX_POINT('',#13026);
#9846=LINE('',#13027,#13028);
#9847=VERTEX_POINT('',#13029);
#9848=LINE('',#13030,#13031);
#9849=VERTEX_POINT('',#13032);
#9850=LINE('',#13033,#13034);
#9851=VERTEX_POINT('',#13035);
#9852=LINE('',#13036,#13037);
#9853=VERTEX_POINT('',#13038);
#9854=LINE('',#13039,#13040);
#9855=VERTEX_POINT('',#13041);
#9856=LINE('',#13042,#13043);
#9857=VERTEX_POINT('',#13044);
#9858=LINE('',#13045,#13046);
#9859=VERTEX_POINT('',#13047);
#9860=LINE('',#13048,#13049);
#9861=VERTEX_POINT('',#13050);
#9862=LINE('',#13051,#13052);
#9863=VERTEX_POINT('',#13053);
#9864=LINE('',#13054,#13055);
#9865=VERTEX_POINT('',#13056);
#9866=LINE('',#13057,#13058);
#9867=VERTEX_POINT('',#13059);
#9868=LINE('',#13060,#13061);
#9869=VERTEX_POINT('',#13062);
#9870=LINE('',#13063,#13064);
#9871=VERTEX_POINT('',#13065);
#9872=LINE('',#13066,#13067);
#9873=VERTEX_POINT('',#13068);
#9874=LINE('',#13069,#13070);
#9875=VERTEX_POINT('',#13071);
#9876=LINE('',#13072,#13073);
#9877=VERTEX_POINT('',#13074);
#9878=LINE('',#13075,#13076);
#9879=VERTEX_POINT('',#13077);
#9880=LINE('',#13078,#13079);
#9881=VERTEX_POINT('',#13080);
#9882=LINE('',#13081,#13082);
#9883=VERTEX_POINT('',#13083);
#9884=LINE('',#13084,#13085);
#9885=VERTEX_POINT('',#13086);
#9886=LINE('',#13087,#13088);
#9887=LINE('',#13089,#13090);
#9888=VERTEX_POINT('',#13091);
#9889=VERTEX_POINT('',#13092);
#9890=LINE('',#13093,#13094);
#9891=VERTEX_POINT('',#13095);
#9892=LINE('',#13096,#13097);
#9893=LINE('',#13098,#13099);
#9894=VERTEX_POINT('',#13100);
#9895=LINE('',#13101,#13102);
#9896=VERTEX_POINT('',#13103);
#9897=LINE('',#13104,#13105);
#9898=LINE('',#13106,#13107);
#9899=VERTEX_POINT('',#13108);
#9900=LINE('',#13109,#13110);
#9901=LINE('',#13111,#13112);
#9902=VERTEX_POINT('',#13113);
#9903=LINE('',#13114,#13115);
#9904=LINE('',#13116,#13117);
#9905=VERTEX_POINT('',#13118);
#9906=LINE('',#13119,#13120);
#9907=LINE('',#13121,#13122);
#9908=VERTEX_POINT('',#13123);
#9909=LINE('',#13124,#13125);
#9910=LINE('',#13126,#13127);
#9911=VERTEX_POINT('',#13128);
#9912=LINE('',#13129,#13130);
#9913=LINE('',#13131,#13132);
#9914=LINE('',#13133,#13134);
#9915=VERTEX_POINT('',#13135);
#9916=VERTEX_POINT('',#13136);
#9917=LINE('',#13137,#13138);
#9918=VERTEX_POINT('',#13139);
#9919=LINE('',#13140,#13141);
#9920=VERTEX_POINT('',#13142);
#9921=LINE('',#13143,#13144);
#9922=VERTEX_POINT('',#13145);
#9923=LINE('',#13146,#13147);
#9924=VERTEX_POINT('',#13148);
#9925=LINE('',#13149,#13150);
#9926=VERTEX_POINT('',#13151);
#9927=LINE('',#13152,#13153);
#9928=VERTEX_POINT('',#13154);
#9929=LINE('',#13155,#13156);
#9930=VERTEX_POINT('',#13157);
#9931=LINE('',#13158,#13159);
#9932=VERTEX_POINT('',#13160);
#9933=LINE('',#13161,#13162);
#9934=VERTEX_POINT('',#13163);
#9935=LINE('',#13164,#13165);
#9936=LINE('',#13166,#13167);
#9937=VERTEX_POINT('',#13168);
#9938=VERTEX_POINT('',#13169);
#9939=LINE('',#13170,#13171);
#9940=VERTEX_POINT('',#13172);
#9941=LINE('',#13173,#13174);
#9942=LINE('',#13175,#13176);
#9943=VERTEX_POINT('',#13177);
#9944=VERTEX_POINT('',#13178);
#9945=LINE('',#13179,#13180);
#9946=VERTEX_POINT('',#13181);
#9947=LINE('',#13182,#13183);
#9948=VERTEX_POINT('',#13184);
#9949=LINE('',#13185,#13186);
#9950=VERTEX_POINT('',#13187);
#9951=LINE('',#13188,#13189);
#9952=VERTEX_POINT('',#13190);
#9953=LINE('',#13191,#13192);
#9954=VERTEX_POINT('',#13193);
#9955=LINE('',#13194,#13195);
#9956=VERTEX_POINT('',#13196);
#9957=LINE('',#13197,#13198);
#9958=VERTEX_POINT('',#13199);
#9959=LINE('',#13200,#13201);
#9960=VERTEX_POINT('',#13202);
#9961=LINE('',#13203,#13204);
#9962=VERTEX_POINT('',#13205);
#9963=LINE('',#13206,#13207);
#9964=VERTEX_POINT('',#13208);
#9965=LINE('',#13209,#13210);
#9966=VERTEX_POINT('',#13211);
#9967=LINE('',#13212,#13213);
#9968=VERTEX_POINT('',#13214);
#9969=LINE('',#13215,#13216);
#9970=VERTEX_POINT('',#13217);
#9971=LINE('',#13218,#13219);
#9972=VERTEX_POINT('',#13220);
#9973=LINE('',#13221,#13222);
#9974=VERTEX_POINT('',#13223);
#9975=LINE('',#13224,#13225);
#9976=VERTEX_POINT('',#13226);
#9977=LINE('',#13227,#13228);
#9978=VERTEX_POINT('',#13229);
#9979=LINE('',#13230,#13231);
#9980=VERTEX_POINT('',#13232);
#9981=LINE('',#13233,#13234);
#9982=VERTEX_POINT('',#13235);
#9983=LINE('',#13236,#13237);
#9984=VERTEX_POINT('',#13238);
#9985=LINE('',#13239,#13240);
#9986=VERTEX_POINT('',#13241);
#9987=LINE('',#13242,#13243);
#9988=VERTEX_POINT('',#13244);
#9989=LINE('',#13245,#13246);
#9990=VERTEX_POINT('',#13247);
#9991=LINE('',#13248,#13249);
#9992=VERTEX_POINT('',#13250);
#9993=LINE('',#13251,#13252);
#9994=VERTEX_POINT('',#13253);
#9995=LINE('',#13254,#13255);
#9996=VERTEX_POINT('',#13256);
#9997=LINE('',#13257,#13258);
#9998=LINE('',#13259,#13260);
#9999=VERTEX_POINT('',#13261);
#10000=VERTEX_POINT('',#13262);
#10001=LINE('',#13263,#13264);
#10002=VERTEX_POINT('',#13265);
#10003=LINE('',#13266,#13267);
#10004=VERTEX_POINT('',#13268);
#10005=LINE('',#13269,#13270);
#10006=VERTEX_POINT('',#13271);
#10007=LINE('',#13272,#13273);
#10008=VERTEX_POINT('',#13274);
#10009=LINE('',#13275,#13276);
#10010=VERTEX_POINT('',#13277);
#10011=LINE('',#13278,#13279);
#10012=VERTEX_POINT('',#13280);
#10013=LINE('',#13281,#13282);
#10014=VERTEX_POINT('',#13283);
#10015=LINE('',#13284,#13285);
#10016=VERTEX_POINT('',#13286);
#10017=LINE('',#13287,#13288);
#10018=VERTEX_POINT('',#13289);
#10019=LINE('',#13290,#13291);
#10020=VERTEX_POINT('',#13292);
#10021=LINE('',#13293,#13294);
#10022=VERTEX_POINT('',#13295);
#10023=LINE('',#13296,#13297);
#10024=VERTEX_POINT('',#13298);
#10025=LINE('',#13299,#13300);
#10026=VERTEX_POINT('',#13301);
#10027=LINE('',#13302,#13303);
#10028=VERTEX_POINT('',#13304);
#10029=LINE('',#13305,#13306);
#10030=VERTEX_POINT('',#13307);
#10031=LINE('',#13308,#13309);
#10032=VERTEX_POINT('',#13310);
#10033=LINE('',#13311,#13312);
#10034=VERTEX_POINT('',#13313);
#10035=LINE('',#13314,#13315);
#10036=VERTEX_POINT('',#13316);
#10037=LINE('',#13317,#13318);
#10038=VERTEX_POINT('',#13319);
#10039=LINE('',#13320,#13321);
#10040=VERTEX_POINT('',#13322);
#10041=LINE('',#13323,#13324);
#10042=VERTEX_POINT('',#13325);
#10043=LINE('',#13326,#13327);
#10044=VERTEX_POINT('',#13328);
#10045=LINE('',#13329,#13330);
#10046=VERTEX_POINT('',#13331);
#10047=LINE('',#13332,#13333);
#10048=VERTEX_POINT('',#13334);
#10049=LINE('',#13335,#13336);
#10050=VERTEX_POINT('',#13337);
#10051=LINE('',#13338,#13339);
#10052=VERTEX_POINT('',#13340);
#10053=LINE('',#13341,#13342);
#10054=VERTEX_POINT('',#13343);
#10055=LINE('',#13344,#13345);
#10056=VERTEX_POINT('',#13346);
#10057=LINE('',#13347,#13348);
#10058=VERTEX_POINT('',#13349);
#10059=LINE('',#13350,#13351);
#10060=VERTEX_POINT('',#13352);
#10061=LINE('',#13353,#13354);
#10062=VERTEX_POINT('',#13355);
#10063=LINE('',#13356,#13357);
#10064=VERTEX_POINT('',#13358);
#10065=LINE('',#13359,#13360);
#10066=VERTEX_POINT('',#13361);
#10067=LINE('',#13362,#13363);
#10068=VERTEX_POINT('',#13364);
#10069=LINE('',#13365,#13366);
#10070=VERTEX_POINT('',#13367);
#10071=LINE('',#13368,#13369);
#10072=VERTEX_POINT('',#13370);
#10073=LINE('',#13371,#13372);
#10074=VERTEX_POINT('',#13373);
#10075=LINE('',#13374,#13375);
#10076=VERTEX_POINT('',#13376);
#10077=LINE('',#13377,#13378);
#10078=VERTEX_POINT('',#13379);
#10079=LINE('',#13380,#13381);
#10080=VERTEX_POINT('',#13382);
#10081=LINE('',#13383,#13384);
#10082=VERTEX_POINT('',#13385);
#10083=LINE('',#13386,#13387);
#10084=VERTEX_POINT('',#13388);
#10085=LINE('',#13389,#13390);
#10086=VERTEX_POINT('',#13391);
#10087=LINE('',#13392,#13393);
#10088=VERTEX_POINT('',#13394);
#10089=LINE('',#13395,#13396);
#10090=VERTEX_POINT('',#13397);
#10091=LINE('',#13398,#13399);
#10092=VERTEX_POINT('',#13400);
#10093=LINE('',#13401,#13402);
#10094=VERTEX_POINT('',#13403);
#10095=LINE('',#13404,#13405);
#10096=VERTEX_POINT('',#13406);
#10097=LINE('',#13407,#13408);
#10098=VERTEX_POINT('',#13409);
#10099=LINE('',#13410,#13411);
#10100=VERTEX_POINT('',#13412);
#10101=LINE('',#13413,#13414);
#10102=VERTEX_POINT('',#13415);
#10103=LINE('',#13416,#13417);
#10104=VERTEX_POINT('',#13418);
#10105=LINE('',#13419,#13420);
#10106=VERTEX_POINT('',#13421);
#10107=LINE('',#13422,#13423);
#10108=VERTEX_POINT('',#13424);
#10109=LINE('',#13425,#13426);
#10110=VERTEX_POINT('',#13427);
#10111=LINE('',#13428,#13429);
#10112=LINE('',#13430,#13431);
#10113=LINE('',#13432,#13433);
#10114=LINE('',#13434,#13435);
#10115=LINE('',#13436,#13437);
#10116=LINE('',#13438,#13439);
#10117=LINE('',#13440,#13441);
#10118=LINE('',#13442,#13443);
#10119=LINE('',#13444,#13445);
#10120=LINE('',#13446,#13447);
#10121=LINE('',#13448,#13449);
#10122=LINE('',#13450,#13451);
#10123=LINE('',#13452,#13453);
#10124=LINE('',#13454,#13455);
#10125=LINE('',#13456,#13457);
#10126=LINE('',#13458,#13459);
#10127=LINE('',#13460,#13461);
#10128=LINE('',#13462,#13463);
#10129=LINE('',#13464,#13465);
#10130=LINE('',#13466,#13467);
#10131=LINE('',#13468,#13469);
#10132=LINE('',#13470,#13471);
#10133=LINE('',#13472,#13473);
#10134=LINE('',#13474,#13475);
#10135=LINE('',#13476,#13477);
#10136=LINE('',#13478,#13479);
#10137=LINE('',#13480,#13481);
#10138=LINE('',#13482,#13483);
#10139=LINE('',#13484,#13485);
#10140=LINE('',#13486,#13487);
#10141=LINE('',#13488,#13489);
#10142=LINE('',#13490,#13491);
#10143=LINE('',#13492,#13493);
#10144=LINE('',#13494,#13495);
#10145=LINE('',#13496,#13497);
#10146=LINE('',#13498,#13499);
#10147=LINE('',#13500,#13501);
#10148=LINE('',#13502,#13503);
#10149=LINE('',#13504,#13505);
#10150=LINE('',#13506,#13507);
#10151=LINE('',#13508,#13509);
#10152=LINE('',#13510,#13511);
#10153=LINE('',#13512,#13513);
#10154=LINE('',#13514,#13515);
#10155=LINE('',#13516,#13517);
#10156=LINE('',#13518,#13519);
#10157=LINE('',#13520,#13521);
#10158=LINE('',#13522,#13523);
#10159=LINE('',#13524,#13525);
#10160=LINE('',#13526,#13527);
#10161=LINE('',#13528,#13529);
#10162=LINE('',#13530,#13531);
#10163=LINE('',#13532,#13533);
#10164=LINE('',#13534,#13535);
#10165=LINE('',#13536,#13537);
#10166=LINE('',#13538,#13539);
#10167=LINE('',#13540,#13541);
#10168=LINE('',#13542,#13543);
#10169=LINE('',#13544,#13545);
#10170=LINE('',#13546,#13547);
#10171=LINE('',#13548,#13549);
#10172=LINE('',#13550,#13551);
#10173=LINE('',#13552,#13553);
#10174=LINE('',#13554,#13555);
#10175=LINE('',#13556,#13557);
#10176=LINE('',#13558,#13559);
#10177=LINE('',#13560,#13561);
#10178=LINE('',#13562,#13563);
#10179=LINE('',#13564,#13565);
#10180=LINE('',#13566,#13567);
#10181=LINE('',#13568,#13569);
#10182=LINE('',#13570,#13571);
#10183=LINE('',#13572,#13573);
#10184=LINE('',#13574,#13575);
#10185=LINE('',#13576,#13577);
#10186=LINE('',#13578,#13579);
#10187=LINE('',#13580,#13581);
#10188=LINE('',#13582,#13583);
#10189=LINE('',#13584,#13585);
#10190=LINE('',#13586,#13587);
#10191=LINE('',#13588,#13589);
#10192=LINE('',#13590,#13591);
#10193=LINE('',#13592,#13593);
#10194=LINE('',#13594,#13595);
#10195=LINE('',#13596,#13597);
#10196=LINE('',#13598,#13599);
#10197=LINE('',#13600,#13601);
#10198=LINE('',#13602,#13603);
#10199=LINE('',#13604,#13605);
#10200=LINE('',#13606,#13607);
#10201=LINE('',#13608,#13609);
#10202=LINE('',#13610,#13611);
#10203=LINE('',#13612,#13613);
#10204=LINE('',#13614,#13615);
#10205=LINE('',#13616,#13617);
#10206=LINE('',#13618,#13619);
#10207=LINE('',#13620,#13621);
#10208=LINE('',#13622,#13623);
#10209=LINE('',#13624,#13625);
#10210=LINE('',#13626,#13627);
#10211=LINE('',#13628,#13629);
#10212=VERTEX_POINT('',#13630);
#10213=LINE('',#13631,#13632);
#10214=CIRCLE('',#13633,1.27);
#10215=VERTEX_POINT('',#13634);
#10216=CIRCLE('',#13635,1.27);
#10217=LINE('',#13636,#13637);
#10218=VERTEX_POINT('',#13638);
#10219=LINE('',#13639,#13640);
#10220=CIRCLE('',#13641,1.27);
#10221=LINE('',#13642,#13643);
#10222=VERTEX_POINT('',#13644);
#10223=LINE('',#13645,#13646);
#10224=CIRCLE('',#13647,1.27);
#10225=LINE('',#13648,#13649);
#10226=VERTEX_POINT('',#13650);
#10227=LINE('',#13651,#13652);
#10228=CIRCLE('',#13653,1.27);
#10229=VERTEX_POINT('',#13654);
#10230=CIRCLE('',#13655,1.27);
#10231=LINE('',#13656,#13657);
#10232=VERTEX_POINT('',#13658);
#10233=LINE('',#13659,#13660);
#10234=CIRCLE('',#13661,1.27);
#10235=LINE('',#13662,#13663);
#10236=VERTEX_POINT('',#13664);
#10237=LINE('',#13665,#13666);
#10238=CIRCLE('',#13667,1.27);
#10239=LINE('',#13668,#13669);
#10240=LINE('',#13670,#13671);
#10241=LINE('',#13672,#13673);
#10242=LINE('',#13674,#13675);
#10243=LINE('',#13676,#13677);
#10244=VERTEX_POINT('',#13678);
#10245=LINE('',#13679,#13680);
#10246=VERTEX_POINT('',#13681);
#10247=LINE('',#13682,#13683);
#10248=LINE('',#13684,#13685);
#10249=LINE('',#13686,#13687);
#10250=LINE('',#13688,#13689);
#10251=LINE('',#13690,#13691);
#10252=LINE('',#13692,#13693);
#10253=VERTEX_POINT('',#13694);
#10254=LINE('',#13695,#13696);
#10255=VERTEX_POINT('',#13697);
#10256=LINE('',#13698,#13699);
#10257=LINE('',#13700,#13701);
#10258=VERTEX_POINT('',#13702);
#10259=LINE('',#13703,#13704);
#10260=LINE('',#13705,#13706);
#10261=VERTEX_POINT('',#13707);
#10262=LINE('',#13708,#13709);
#10263=LINE('',#13710,#13711);
#10264=LINE('',#13712,#13713);
#10265=LINE('',#13714,#13715);
#10266=LINE('',#13716,#13717);
#10267=LINE('',#13718,#13719);
#10268=LINE('',#13720,#13721);
#10269=LINE('',#13722,#13723);
#10270=LINE('',#13724,#13725);
#10271=LINE('',#13726,#13727);
#10272=LINE('',#13728,#13729);
#10273=VERTEX_POINT('',#13730);
#10274=LINE('',#13731,#13732);
#10275=LINE('',#13733,#13734);
#10276=VERTEX_POINT('',#13735);
#10277=CIRCLE('',#13736,0.25);
#10278=VERTEX_POINT('',#13737);
#10279=LINE('',#13738,#13739);
#10280=VERTEX_POINT('',#13740);
#10281=LINE('',#13741,#13742);
#10282=LINE('',#13743,#13744);
#10283=VERTEX_POINT('',#13745);
#10284=LINE('',#13746,#13747);
#10285=VERTEX_POINT('',#13748);
#10286=LINE('',#13749,#13750);
#10287=CIRCLE('',#13751,0.25);
#10288=VERTEX_POINT('',#13752);
#10289=LINE('',#13753,#13754);
#10290=VERTEX_POINT('',#13755);
#10291=LINE('',#13756,#13757);
#10292=LINE('',#13758,#13759);
#10293=LINE('',#13760,#13761);
#10294=VERTEX_POINT('',#13762);
#10295=CIRCLE('',#13763,0.82);
#10296=VERTEX_POINT('',#13764);
#10297=LINE('',#13765,#13766);
#10298=VERTEX_POINT('',#13767);
#10299=CIRCLE('',#13768,0.68);
#10300=VERTEX_POINT('',#13769);
#10301=LINE('',#13770,#13771);
#10302=VERTEX_POINT('',#13772);
#10303=CIRCLE('',#13773,0.62);
#10304=VERTEX_POINT('',#13774);
#10305=LINE('',#13775,#13776);
#10306=VERTEX_POINT('',#13777);
#10307=LINE('',#13778,#13779);
#10308=VERTEX_POINT('',#13780);
#10309=LINE('',#13781,#13782);
#10310=VERTEX_POINT('',#13783);
#10311=CIRCLE('',#13784,0.302);
#10312=VERTEX_POINT('',#13785);
#10313=LINE('',#13786,#13787);
#10314=VERTEX_POINT('',#13788);
#10315=CIRCLE('',#13789,0.998);
#10316=VERTEX_POINT('',#13790);
#10317=LINE('',#13791,#13792);
#10318=CIRCLE('',#13793,0.502);
#10319=LINE('',#13794,#13795);
#10320=CIRCLE('',#13796,0.502);
#10321=VERTEX_POINT('',#13797);
#10322=LINE('',#13798,#13799);
#10323=VERTEX_POINT('',#13800);
#10324=CIRCLE('',#13801,0.998);
#10325=VERTEX_POINT('',#13802);
#10326=LINE('',#13803,#13804);
#10327=VERTEX_POINT('',#13805);
#10328=CIRCLE('',#13806,0.302);
#10329=VERTEX_POINT('',#13807);
#10330=LINE('',#13808,#13809);
#10331=VERTEX_POINT('',#13810);
#10332=LINE('',#13811,#13812);
#10333=VERTEX_POINT('',#13813);
#10334=LINE('',#13814,#13815);
#10335=VERTEX_POINT('',#13816);
#10336=CIRCLE('',#13817,0.62);
#10337=VERTEX_POINT('',#13818);
#10338=LINE('',#13819,#13820);
#10339=VERTEX_POINT('',#13821);
#10340=CIRCLE('',#13822,0.68);
#10341=LINE('',#13823,#13824);
#10342=CIRCLE('',#13825,0.82);
#10343=VERTEX_POINT('',#13826);
#10344=LINE('',#13827,#13828);
#10345=CIRCLE('',#13829,0.502);
#10346=VERTEX_POINT('',#13830);
#10347=LINE('',#13831,#13832);
#10348=VERTEX_POINT('',#13833);
#10349=CIRCLE('',#13834,0.998);
#10350=VERTEX_POINT('',#13835);
#10351=LINE('',#13836,#13837);
#10352=VERTEX_POINT('',#13838);
#10353=CIRCLE('',#13839,0.302);
#10354=VERTEX_POINT('',#13840);
#10355=LINE('',#13841,#13842);
#10356=VERTEX_POINT('',#13843);
#10357=LINE('',#13844,#13845);
#10358=VERTEX_POINT('',#13846);
#10359=LINE('',#13847,#13848);
#10360=VERTEX_POINT('',#13849);
#10361=CIRCLE('',#13850,0.62);
#10362=VERTEX_POINT('',#13851);
#10363=LINE('',#13852,#13853);
#10364=VERTEX_POINT('',#13854);
#10365=CIRCLE('',#13855,0.68);
#10366=VERTEX_POINT('',#13856);
#10367=LINE('',#13857,#13858);
#10368=CIRCLE('',#13859,0.82);
#10369=CIRCLE('',#13860,0.82);
#10370=VERTEX_POINT('',#13861);
#10371=LINE('',#13862,#13863);
#10372=VERTEX_POINT('',#13864);
#10373=CIRCLE('',#13865,0.68);
#10374=VERTEX_POINT('',#13866);
#10375=LINE('',#13867,#13868);
#10376=VERTEX_POINT('',#13869);
#10377=CIRCLE('',#13870,0.62);
#10378=VERTEX_POINT('',#13871);
#10379=LINE('',#13872,#13873);
#10380=VERTEX_POINT('',#13874);
#10381=LINE('',#13875,#13876);
#10382=VERTEX_POINT('',#13877);
#10383=LINE('',#13878,#13879);
#10384=VERTEX_POINT('',#13880);
#10385=CIRCLE('',#13881,0.302);
#10386=VERTEX_POINT('',#13882);
#10387=LINE('',#13883,#13884);
#10388=VERTEX_POINT('',#13885);
#10389=CIRCLE('',#13886,0.998);
#10390=LINE('',#13887,#13888);
#10391=CIRCLE('',#13889,0.502);
#10392=LINE('',#13890,#13891);
#10393=LINE('',#13892,#13893);
#10394=LINE('',#13894,#13895);
#10395=LINE('',#13896,#13897);
#10396=LINE('',#13898,#13899);
#10397=LINE('',#13900,#13901);
#10398=LINE('',#13902,#13903);
#10399=LINE('',#13904,#13905);
#10400=LINE('',#13906,#13907);
#10401=LINE('',#13908,#13909);
#10402=LINE('',#13910,#13911);
#10403=LINE('',#13912,#13913);
#10404=LINE('',#13914,#13915);
#10405=VERTEX_POINT('',#13916);
#10406=LINE('',#13917,#13918);
#10407=LINE('',#13919,#13920);
#10408=VERTEX_POINT('',#13921);
#10409=LINE('',#13922,#13923);
#10410=LINE('',#13924,#13925);
#10411=VERTEX_POINT('',#13926);
#10412=LINE('',#13927,#13928);
#10413=LINE('',#13929,#13930);
#10414=VERTEX_POINT('',#13931);
#10415=CIRCLE('',#13932,0.25);
#10416=LINE('',#13933,#13934);
#10417=VERTEX_POINT('',#13935);
#10418=LINE('',#13936,#13937);
#10419=LINE('',#13938,#13939);
#10420=VERTEX_POINT('',#13940);
#10421=CIRCLE('',#13941,0.25);
#10422=LINE('',#13942,#13943);
#10423=LINE('',#13944,#13945);
#10424=VERTEX_POINT('',#13946);
#10425=LINE('',#13947,#13948);
#10426=VERTEX_POINT('',#13949);
#10427=LINE('',#13950,#13951);
#10428=VERTEX_POINT('',#13952);
#10429=LINE('',#13953,#13954);
#10430=VERTEX_POINT('',#13955);
#10431=CIRCLE('',#13956,0.25);
#10432=VERTEX_POINT('',#13957);
#10433=LINE('',#13958,#13959);
#10434=VERTEX_POINT('',#13960);
#10435=CIRCLE('',#13961,0.25);
#10436=VERTEX_POINT('',#13962);
#10437=LINE('',#13963,#13964);
#10438=LINE('',#13965,#13966);
#10439=VERTEX_POINT('',#13967);
#10440=VERTEX_POINT('',#13968);
#10441=LINE('',#13969,#13970);
#10442=VERTEX_POINT('',#13971);
#10443=CIRCLE('',#13972,0.25);
#10444=VERTEX_POINT('',#13973);
#10445=LINE('',#13974,#13975);
#10446=VERTEX_POINT('',#13976);
#10447=CIRCLE('',#13977,0.25);
#10448=VERTEX_POINT('',#13978);
#10449=LINE('',#13979,#13980);
#10450=LINE('',#13981,#13982);
#10451=VERTEX_POINT('',#13983);
#10452=LINE('',#13984,#13985);
#10453=LINE('',#13986,#13987);
#10454=LINE('',#13988,#13989);
#10455=LINE('',#13990,#13991);
#10456=VERTEX_POINT('',#13992);
#10457=VERTEX_POINT('',#13993);
#10458=LINE('',#13994,#13995);
#10459=LINE('',#13996,#13997);
#10460=VERTEX_POINT('',#13998);
#10461=CIRCLE('',#13999,0.25);
#10462=LINE('',#14000,#14001);
#10463=VERTEX_POINT('',#14002);
#10464=CIRCLE('',#14003,0.25);
#10465=LINE('',#14004,#14005);
#10466=VERTEX_POINT('',#14006);
#10467=VERTEX_POINT('',#14007);
#10468=LINE('',#14008,#14009);
#10469=VERTEX_POINT('',#14010);
#10470=CIRCLE('',#14011,0.638);
#10471=VERTEX_POINT('',#14012);
#10472=CIRCLE('',#14013,4.5);
#10473=VERTEX_POINT('',#14014);
#10474=CIRCLE('',#14015,0.2);
#10475=VERTEX_POINT('',#14016);
#10476=LINE('',#14017,#14018);
#10477=VERTEX_POINT('',#14019);
#10478=CIRCLE('',#14020,4.818);
#10479=VERTEX_POINT('',#14021);
#10480=CIRCLE('',#14022,0.32);
#10481=VERTEX_POINT('',#14023);
#10482=LINE('',#14024,#14025);
#10483=CIRCLE('',#14026,0.32);
#10484=LINE('',#14027,#14028);
#10485=CIRCLE('',#14029,0.638);
#10486=VERTEX_POINT('',#14030);
#10487=CIRCLE('',#14031,0.638);
#10488=LINE('',#14032,#14033);
#10489=VERTEX_POINT('',#14034);
#10490=LINE('',#14035,#14036);
#10491=LINE('',#14037,#14038);
#10492=VERTEX_POINT('',#14039);
#10493=VERTEX_POINT('',#14040);
#10494=LINE('',#14041,#14042);
#10495=VERTEX_POINT('',#14043);
#10496=CIRCLE('',#14044,0.32);
#10497=VERTEX_POINT('',#14045);
#10498=CIRCLE('',#14046,4.818);
#10499=VERTEX_POINT('',#14047);
#10500=LINE('',#14048,#14049);
#10501=VERTEX_POINT('',#14050);
#10502=CIRCLE('',#14051,0.2);
#10503=VERTEX_POINT('',#14052);
#10504=CIRCLE('',#14053,4.5);
#10505=CIRCLE('',#14054,0.638);
#10506=CIRCLE('',#14055,0.32);
#10507=LINE('',#14056,#14057);
#10508=LINE('',#14058,#14059);
#10509=LINE('',#14060,#14061);
#10510=LINE('',#14062,#14063);
#10511=LINE('',#14064,#14065);
#10512=LINE('',#14066,#14067);
#10513=LINE('',#14068,#14069);
#10514=LINE('',#14070,#14071);
#10515=LINE('',#14072,#14073);
#10516=LINE('',#14074,#14075);
#10517=LINE('',#14076,#14077);
#10518=LINE('',#14078,#14079);
#10519=LINE('',#14080,#14081);
#10520=LINE('',#14082,#14083);
#10521=LINE('',#14084,#14085);
#10522=LINE('',#14086,#14087);
#10523=LINE('',#14088,#14089);
#10524=LINE('',#14090,#14091);
#10525=LINE('',#14092,#14093);
#10526=LINE('',#14094,#14095);
#10527=LINE('',#14096,#14097);
#10528=LINE('',#14098,#14099);
#10529=LINE('',#14100,#14101);
#10530=LINE('',#14102,#14103);
#10531=LINE('',#14104,#14105);
#10532=LINE('',#14106,#14107);
#10533=LINE('',#14108,#14109);
#10534=LINE('',#14110,#14111);
#10535=LINE('',#14112,#14113);
#10536=VERTEX_POINT('',#14114);
#10537=CIRCLE('',#14115,0.25);
#10538=B_SPLINE_CURVE_WITH_KNOTS('',3,(#14116,#14117,#14118,#14119,#14120),.UNSPECIFIED.,.F.,.F.,(4,1,4),(0.0,0.5,1.0),.UNSPECIFIED.);
#10539=B_SPLINE_CURVE_WITH_KNOTS('',3,(#14121,#14122,#14123,#14124,#14125),.UNSPECIFIED.,.F.,.F.,(4,1,4),(0.0,0.5,1.0),.UNSPECIFIED.);
#10540=LINE('',#14126,#14127);
#10541=VERTEX_POINT('',#14128);
#10542=B_SPLINE_CURVE_WITH_KNOTS('',3,(#14129,#14130,#14131,#14132,#14133),.UNSPECIFIED.,.F.,.F.,(4,1,4),(0.0,0.5,1.0),.UNSPECIFIED.);
#10543=VERTEX_POINT('',#14134);
#10544=LINE('',#14135,#14136);
#10545=B_SPLINE_CURVE_WITH_KNOTS('',3,(#14137,#14138,#14139,#14140,#14141),.UNSPECIFIED.,.F.,.F.,(4,1,4),(0.0,0.5,1.0),.UNSPECIFIED.);
#10546=VERTEX_POINT('',#14142);
#10547=LINE('',#14143,#14144);
#10548=VERTEX_POINT('',#14145);
#10549=LINE('',#14146,#14147);
#10550=LINE('',#14148,#14149);
#10551=VERTEX_POINT('',#14150);
#10552=B_SPLINE_CURVE_WITH_KNOTS('',3,(#14151,#14152,#14153,#14154,#14155),.UNSPECIFIED.,.F.,.F.,(4,1,4),(0.0,0.5,1.0),.UNSPECIFIED.);
#10553=VERTEX_POINT('',#14156);
#10554=LINE('',#14157,#14158);
#10555=B_SPLINE_CURVE_WITH_KNOTS('',3,(#14159,#14160,#14161,#14162,#14163),.UNSPECIFIED.,.F.,.F.,(4,1,4),(0.0,0.5,1.0),.UNSPECIFIED.);
#10556=VERTEX_POINT('',#14164);
#10557=LINE('',#14165,#14166);
#10558=B_SPLINE_CURVE_WITH_KNOTS('',3,(#14167,#14168,#14169,#14170,#14171),.UNSPECIFIED.,.F.,.F.,(4,1,4),(0.0,0.5,1.0),.UNSPECIFIED.);
#10559=VERTEX_POINT('',#14172);
#10560=LINE('',#14173,#14174);
#10561=B_SPLINE_CURVE_WITH_KNOTS('',3,(#14175,#14176,#14177,#14178,#14179),.UNSPECIFIED.,.F.,.F.,(4,1,4),(0.0,0.5,1.0),.UNSPECIFIED.);
#10562=VERTEX_POINT('',#14180);
#10563=LINE('',#14181,#14182);
#10564=VERTEX_POINT('',#14183);
#10565=LINE('',#14184,#14185);
#10566=LINE('',#14186,#14187);
#10567=VERTEX_POINT('',#14188);
#10568=B_SPLINE_CURVE_WITH_KNOTS('',3,(#14189,#14190,#14191,#14192,#14193),.UNSPECIFIED.,.F.,.F.,(4,1,4),(0.0,0.5,1.0),.UNSPECIFIED.);
#10569=VERTEX_POINT('',#14194);
#10570=LINE('',#14195,#14196);
#10571=B_SPLINE_CURVE_WITH_KNOTS('',3,(#14197,#14198,#14199,#14200,#14201),.UNSPECIFIED.,.F.,.F.,(4,1,4),(0.0,0.5,1.0),.UNSPECIFIED.);
#10572=LINE('',#14202,#14203);
#10573=LINE('',#14204,#14205);
#10574=CIRCLE('',#14206,0.54);
#10575=CIRCLE('',#14207,0.54);
#10576=LINE('',#14208,#14209);
#10577=VERTEX_POINT('',#14210);
#10578=LINE('',#14211,#14212);
#10579=LINE('',#14213,#14214);
#10580=CIRCLE('',#14215,0.13);
#10581=VERTEX_POINT('',#14216);
#10582=LINE('',#14217,#14218);
#10583=CIRCLE('',#14219,0.13);
#10584=LINE('',#14220,#14221);
#10585=VERTEX_POINT('',#14222);
#10586=CIRCLE('',#14223,0.13);
#10587=VERTEX_POINT('',#14224);
#10588=LINE('',#14225,#14226);
#10589=CIRCLE('',#14227,0.13);
#10590=LINE('',#14228,#14229);
#10591=VERTEX_POINT('',#14230);
#10592=LINE('',#14231,#14232);
#10593=CIRCLE('',#14233,0.13);
#10594=VERTEX_POINT('',#14234);
#10595=LINE('',#14235,#14236);
#10596=CIRCLE('',#14237,0.13);
#10597=LINE('',#14238,#14239);
#10598=LINE('',#14240,#14241);
#10599=VERTEX_POINT('',#14242);
#10600=B_SPLINE_CURVE_WITH_KNOTS('',3,(#14243,#14244,#14245,#14246,#14247),.UNSPECIFIED.,.F.,.F.,(4,1,4),(0.0,0.5,1.0),.UNSPECIFIED.);
#10601=VERTEX_POINT('',#14248);
#10602=LINE('',#14249,#14250);
#10603=B_SPLINE_CURVE_WITH_KNOTS('',3,(#14251,#14252,#14253,#14254,#14255),.UNSPECIFIED.,.F.,.F.,(4,1,4),(0.0,0.5,1.0),.UNSPECIFIED.);
#10604=VERTEX_POINT('',#14256);
#10605=LINE('',#14257,#14258);
#10606=VERTEX_POINT('',#14259);
#10607=LINE('',#14260,#14261);
#10608=LINE('',#14262,#14263);
#10609=VERTEX_POINT('',#14264);
#10610=B_SPLINE_CURVE_WITH_KNOTS('',3,(#14265,#14266,#14267,#14268,#14269),.UNSPECIFIED.,.F.,.F.,(4,1,4),(0.0,0.5,1.0),.UNSPECIFIED.);
#10611=LINE('',#14270,#14271);
#10612=LINE('',#14272,#14273);
#10613=LINE('',#14274,#14275);
#10614=CIRCLE('',#14276,0.54);
#10615=CIRCLE('',#14277,0.54);
#10616=LINE('',#14278,#14279);
#10617=LINE('',#14280,#14281);
#10618=CARTESIAN_POINT('',(6.877,-7.73000000000007,-11.0385493196515));
#10619=CARTESIAN_POINT('',(6.877,-7.73000000000007,-9.52145068034808));
#10620=CARTESIAN_POINT('',(6.877,-7.73,-10.279999999999));
#10621=VECTOR('',#14282,1.0);
#10622=CARTESIAN_POINT('',(6.866309591641,-7.777753184621,-11.03127847474));
#10623=CARTESIAN_POINT('',(6.866309591641,-7.777753184621,-11.03127847474));
#10624=CARTESIAN_POINT('',(6.876402899817,-7.756339975477,-11.03488286459));
#10625=CARTESIAN_POINT('',(6.880844615346,-7.715402271529,-11.0408093882));
#10626=CARTESIAN_POINT('',(6.86637860174,-7.676732685976,-11.0451960767));
#10627=CARTESIAN_POINT('',(6.851094366595,-7.658363696071,-11.04673373332));
#10628=CARTESIAN_POINT('',(6.866309591641,-7.777753184621,-9.528721525259));
#10629=CARTESIAN_POINT('',(6.866309591641,-7.777753184621,-11.03127847474));
#10630=VECTOR('',#14283,1.502556949482);
#10631=CARTESIAN_POINT('',(6.866309591641,-7.777753184621,-9.528721525259));
#10632=CARTESIAN_POINT('',(6.876402899817,-7.756339975477,-9.525117135408));
#10633=CARTESIAN_POINT('',(6.880844615346,-7.715402271529,-9.519190611804));
#10634=CARTESIAN_POINT('',(6.86637860174,-7.676732685976,-9.514803923303));
#10635=CARTESIAN_POINT('',(6.851094366595,-7.658363696071,-9.513266266678));
#10636=CARTESIAN_POINT('',(7.195,-7.73000000000025,-9.50080667426365));
#10637=CARTESIAN_POINT('',(7.195,-7.73000000000025,-11.059193325736));
#10638=CARTESIAN_POINT('',(7.195,-7.73,-10.2799999999995));
#10639=VECTOR('',#14284,1.0);
#10640=CARTESIAN_POINT('',(7.153956467909,-7.913338119527,-9.528721525259));
#10641=CARTESIAN_POINT('',(7.153956467909,-7.913338119527,-9.528721525259));
#10642=CARTESIAN_POINT('',(7.192707561798,-7.831126691562,-9.514883242796));
#10643=CARTESIAN_POINT('',(7.209760576776,-7.673955149621,-9.492129625389));
#10644=CARTESIAN_POINT('',(7.154221417394,-7.525491562228,-9.475287874893));
#10645=CARTESIAN_POINT('',(7.095540871749,-7.454967761701,-9.469384371779));
#10646=CARTESIAN_POINT('',(7.153956467909,-7.913338119527,-11.03127847474));
#10647=CARTESIAN_POINT('',(7.153956467909,-7.913338119527,-11.03127847474));
#10648=VECTOR('',#14285,1.502556949482);
#10649=CARTESIAN_POINT('',(7.153956467909,-7.913338119527,-11.03127847474));
#10650=CARTESIAN_POINT('',(7.192707561798,-7.831126691562,-11.0451167572));
#10651=CARTESIAN_POINT('',(7.209760576776,-7.673955149621,-11.06787037461));
#10652=CARTESIAN_POINT('',(7.154221417394,-7.525491562228,-11.08471212511));
#10653=CARTESIAN_POINT('',(7.095540871749,-7.454967761701,-11.09061562822));
#10654=CARTESIAN_POINT('',(-6.877,-7.73000000000007,-9.52145068034846));
#10655=CARTESIAN_POINT('',(-6.877,-7.73000000000007,-11.0385493196519));
#10656=CARTESIAN_POINT('',(-6.877,-7.73,-10.279999999999));
#10657=VECTOR('',#14286,1.0);
#10658=CARTESIAN_POINT('',(-6.866309591641,-7.777753184621,-9.528721525259));
#10659=CARTESIAN_POINT('',(-6.851094366595,-7.658363696071,-9.513266266678));
#10660=CARTESIAN_POINT('',(-6.86637860174,-7.676732685976,-9.514803923303));
#10661=CARTESIAN_POINT('',(-6.880844615346,-7.715402271529,-9.519190611804));
#10662=CARTESIAN_POINT('',(-6.876402899817,-7.756339975477,-9.525117135408));
#10663=CARTESIAN_POINT('',(-6.866309591641,-7.777753184621,-9.528721525259));
#10664=CARTESIAN_POINT('',(-6.866309591641,-7.777753184621,-11.03127847474));
#10665=CARTESIAN_POINT('',(-6.866309591641,-7.777753184621,-11.03127847474));
#10666=VECTOR('',#14287,1.502556949482);
#10667=CARTESIAN_POINT('',(-6.851094366595,-7.658363696071,-11.04673373332));
#10668=CARTESIAN_POINT('',(-6.86637860174,-7.676732685976,-11.0451960767));
#10669=CARTESIAN_POINT('',(-6.880844615346,-7.715402271529,-11.0408093882));
#10670=CARTESIAN_POINT('',(-6.876402899817,-7.756339975477,-11.03488286459));
#10671=CARTESIAN_POINT('',(-6.866309591641,-7.777753184621,-11.03127847474));
#10672=CARTESIAN_POINT('',(-7.195,-7.73000000000025,-11.0591933257364));
#10673=CARTESIAN_POINT('',(-7.195,-7.73000000000025,-9.50080667426403));
#10674=CARTESIAN_POINT('',(-7.195,-7.73,-10.2799999999995));
#10675=VECTOR('',#14288,1.0);
#10676=CARTESIAN_POINT('',(-7.153956467909,-7.913338119527,-11.03127847474));
#10677=CARTESIAN_POINT('',(-7.095540871749,-7.454967761701,-11.09061562822));
#10678=CARTESIAN_POINT('',(-7.154221417394,-7.525491562228,-11.08471212511));
#10679=CARTESIAN_POINT('',(-7.209760576776,-7.673955149621,-11.06787037461));
#10680=CARTESIAN_POINT('',(-7.192707561798,-7.831126691562,-11.0451167572));
#10681=CARTESIAN_POINT('',(-7.153956467909,-7.913338119527,-11.03127847474));
#10682=CARTESIAN_POINT('',(-7.153956467909,-7.913338119527,-9.528721525259));
#10683=CARTESIAN_POINT('',(-7.153956467909,-7.913338119527,-11.03127847474));
#10684=VECTOR('',#14289,1.502556949482);
#10685=CARTESIAN_POINT('',(-7.095540871749,-7.454967761701,-9.469384371779));
#10686=CARTESIAN_POINT('',(-7.154221417394,-7.525491562228,-9.475287874893));
#10687=CARTESIAN_POINT('',(-7.209760576776,-7.673955149621,-9.492129625389));
#10688=CARTESIAN_POINT('',(-7.192707561798,-7.831126691562,-9.514883242796));
#10689=CARTESIAN_POINT('',(-7.153956467909,-7.913338119527,-9.528721525259));
#10690=CARTESIAN_POINT('',(5.195,0.95,-0.5));
#10691=CARTESIAN_POINT('',(5.195,-2.55,-0.5));
#10692=CARTESIAN_POINT('',(5.195,-2.55,-0.5));
#10693=VECTOR('',#14290,1.0);
#10694=CARTESIAN_POINT('',(4.375,0.95,-1.32));
#10695=AXIS2_PLACEMENT_3D('',#14291,#14292,#14293);
#10696=CARTESIAN_POINT('',(4.375,-2.55,-1.32));
#10697=CARTESIAN_POINT('',(4.375,-2.55,-1.32));
#10698=VECTOR('',#14294,3.5);
#10699=AXIS2_PLACEMENT_3D('',#14295,#14296,#14297);
#10700=CARTESIAN_POINT('',(5.195,-2.55,-0.818));
#10701=CARTESIAN_POINT('',(5.195,0.95,-0.818));
#10702=CARTESIAN_POINT('',(5.195,-2.55,-0.818));
#10703=VECTOR('',#14298,1.0);
#10704=CARTESIAN_POINT('',(4.693,-2.55,-1.32));
#10705=AXIS2_PLACEMENT_3D('',#14299,#14300,#14301);
#10706=CARTESIAN_POINT('',(4.693,0.95,-1.32));
#10707=CARTESIAN_POINT('',(4.693,-2.55,-1.32));
#10708=VECTOR('',#14302,3.5);
#10709=AXIS2_PLACEMENT_3D('',#14303,#14304,#14305);
#10710=CARTESIAN_POINT('',(1.0,5.482,-1.4));
#10711=CARTESIAN_POINT('',(1.0,5.8,-1.4));
#10712=CARTESIAN_POINT('',(1.0,5.8,-1.4));
#10713=VECTOR('',#14306,1.0);
#10714=CARTESIAN_POINT('',(1.25,5.482,-1.15));
#10715=AXIS2_PLACEMENT_3D('',#14307,#14308,#14309);
#10716=CARTESIAN_POINT('',(1.25,5.8,-1.15));
#10717=CARTESIAN_POINT('',(1.25,5.8,-1.15));
#10718=VECTOR('',#14310,0.318);
#10719=AXIS2_PLACEMENT_3D('',#14311,#14312,#14313);
#10720=CARTESIAN_POINT('',(6.015,1.2,-2.5));
#10721=CARTESIAN_POINT('',(5.697,1.2,-2.5));
#10722=CARTESIAN_POINT('',(5.856,1.2,-2.5));
#10723=VECTOR('',#14314,1.0);
#10724=CARTESIAN_POINT('',(6.015,1.45,-2.25));
#10725=AXIS2_PLACEMENT_3D('',#14315,#14316,#14317);
#10726=CARTESIAN_POINT('',(5.697,1.45,-2.25));
#10727=CARTESIAN_POINT('',(6.015,1.45,-2.25));
#10728=VECTOR('',#14318,0.318);
#10729=AXIS2_PLACEMENT_3D('',#14319,#14320,#14321);
#10730=CARTESIAN_POINT('',(-5.697,1.2,-2.5));
#10731=CARTESIAN_POINT('',(-6.015,1.2,-2.5));
#10732=CARTESIAN_POINT('',(-5.856,1.2,-2.5));
#10733=VECTOR('',#14322,1.0);
#10734=CARTESIAN_POINT('',(-5.697,1.45,-2.25));
#10735=AXIS2_PLACEMENT_3D('',#14323,#14324,#14325);
#10736=CARTESIAN_POINT('',(-6.015,1.45,-2.25));
#10737=CARTESIAN_POINT('',(-5.697,1.45,-2.25));
#10738=VECTOR('',#14326,0.318);
#10739=AXIS2_PLACEMENT_3D('',#14327,#14328,#14329);
#10740=CARTESIAN_POINT('',(-1.0,5.482,-1.4));
#10741=CARTESIAN_POINT('',(-1.0,5.8,-1.4));
#10742=CARTESIAN_POINT('',(-1.0,5.8,-1.4));
#10743=VECTOR('',#14330,1.0);
#10744=CARTESIAN_POINT('',(-0.75,5.482,-1.15));
#10745=AXIS2_PLACEMENT_3D('',#14331,#14332,#14333);
#10746=CARTESIAN_POINT('',(-0.75,5.8,-1.15));
#10747=CARTESIAN_POINT('',(-0.75,5.8,-1.15));
#10748=VECTOR('',#14334,0.318);
#10749=AXIS2_PLACEMENT_3D('',#14335,#14336,#14337);
#10750=CARTESIAN_POINT('',(6.015,-2.8,-2.5));
#10751=CARTESIAN_POINT('',(5.697,-2.8,-2.5));
#10752=CARTESIAN_POINT('',(5.856,-2.8,-2.5));
#10753=VECTOR('',#14338,1.0);
#10754=CARTESIAN_POINT('',(6.015,-2.55,-2.25));
#10755=AXIS2_PLACEMENT_3D('',#14339,#14340,#14341);
#10756=CARTESIAN_POINT('',(5.697,-2.55,-2.25));
#10757=CARTESIAN_POINT('',(6.015,-2.55,-2.25));
#10758=VECTOR('',#14342,0.318);
#10759=AXIS2_PLACEMENT_3D('',#14343,#14344,#14345);
#10760=CARTESIAN_POINT('',(-5.697,-2.8,-2.5));
#10761=CARTESIAN_POINT('',(-6.015,-2.8,-2.5));
#10762=CARTESIAN_POINT('',(-5.856,-2.8,-2.5));
#10763=VECTOR('',#14346,1.0);
#10764=CARTESIAN_POINT('',(-5.697,-2.55,-2.25));
#10765=AXIS2_PLACEMENT_3D('',#14347,#14348,#14349);
#10766=CARTESIAN_POINT('',(-6.015,-2.55,-2.25));
#10767=CARTESIAN_POINT('',(-5.697,-2.55,-2.25));
#10768=VECTOR('',#14350,0.318);
#10769=AXIS2_PLACEMENT_3D('',#14351,#14352,#14353);
#10770=CARTESIAN_POINT('',(-5.195,0.95,-0.5));
#10771=CARTESIAN_POINT('',(-5.195,-2.55,-0.5));
#10772=CARTESIAN_POINT('',(-5.195,-2.55,-0.5));
#10773=VECTOR('',#14354,1.0);
#10774=CARTESIAN_POINT('',(-6.015,0.95,-1.32));
#10775=AXIS2_PLACEMENT_3D('',#14355,#14356,#14357);
#10776=CARTESIAN_POINT('',(-6.015,-2.55,-1.32));
#10777=CARTESIAN_POINT('',(-6.015,-2.55,-1.32));
#10778=VECTOR('',#14358,3.5);
#10779=AXIS2_PLACEMENT_3D('',#14359,#14360,#14361);
#10780=CARTESIAN_POINT('',(-5.195,-2.55,-0.818));
#10781=CARTESIAN_POINT('',(-5.195,0.95,-0.818));
#10782=CARTESIAN_POINT('',(-5.195,-2.55,-0.818));
#10783=VECTOR('',#14362,1.0);
#10784=CARTESIAN_POINT('',(-5.697,-2.55,-1.32));
#10785=AXIS2_PLACEMENT_3D('',#14363,#14364,#14365);
#10786=CARTESIAN_POINT('',(-5.697,0.95,-1.32));
#10787=CARTESIAN_POINT('',(-5.697,-2.55,-1.32));
#10788=VECTOR('',#14366,3.5);
#10789=AXIS2_PLACEMENT_3D('',#14367,#14368,#14369);
#10790=CARTESIAN_POINT('',(-2.915,1.40829730689573E-17,-8.87));
#10791=CARTESIAN_POINT('',(-2.915,7.90884827246707E-18,-1.56521124665481));
#10792=CARTESIAN_POINT('',(-2.915,1.40829730689573E-17,-8.87));
#10793=VECTOR('',#14370,1.0);
#10794=CARTESIAN_POINT('',(-2.8,-0.115,-8.87));
#10795=AXIS2_PLACEMENT_3D('',#14371,#14372,#14373);
#10796=CARTESIAN_POINT('',(-2.8,-0.115,-1.366025403784));
#10797=CARTESIAN_POINT('',(-2.8,-0.115,-1.366025403784));
#10798=VECTOR('',#14374,7.503974596216);
#10799=CARTESIAN_POINT('',(-2.8,0.115,-1.366025403784));
#10800=CARTESIAN_POINT('',(-2.827105759945,0.115,-1.412973957188));
#10801=CARTESIAN_POINT('',(-2.874887867363,0.09787788973428,-1.495734994927));
#10802=CARTESIAN_POINT('',(-2.910103473923,0.04248868995223,-1.556730214709));
#10803=CARTESIAN_POINT('',(-2.917448263039,0.0,-1.569451762628));
#10804=CARTESIAN_POINT('',(-2.910103473923,-0.04248868995223,-1.556730214709));
#10805=CARTESIAN_POINT('',(-2.874887867363,-0.09787788973428,-1.495734994927));
#10806=CARTESIAN_POINT('',(-2.827105759945,-0.115,-1.412973957188));
#10807=CARTESIAN_POINT('',(-2.8,-0.115,-1.366025403784));
#10808=CARTESIAN_POINT('',(2.915,-7.90884827246707E-18,-1.565211246655));
#10809=CARTESIAN_POINT('',(2.915,-1.40829730689573E-17,-8.87));
#10810=CARTESIAN_POINT('',(2.915,-1.40829730689573E-17,-8.87));
#10811=VECTOR('',#14375,1.0);
#10812=CARTESIAN_POINT('',(2.8,-0.115,-1.366025403784));
#10813=CARTESIAN_POINT('',(2.8,-0.115,-1.366025403784));
#10814=CARTESIAN_POINT('',(2.827105759945,-0.115,-1.412973957188));
#10815=CARTESIAN_POINT('',(2.874887867363,-0.09787788973428,-1.495734994927));
#10816=CARTESIAN_POINT('',(2.910103473923,-0.04248868995223,-1.556730214709));
#10817=CARTESIAN_POINT('',(2.917448263039,0.0,-1.569451762628));
#10818=CARTESIAN_POINT('',(2.910103473923,0.04248868995223,-1.556730214709));
#10819=CARTESIAN_POINT('',(2.874887867363,0.09787788973428,-1.495734994927));
#10820=CARTESIAN_POINT('',(2.827105759945,0.115,-1.412973957188));
#10821=CARTESIAN_POINT('',(2.8,0.115,-1.366025403784));
#10822=CARTESIAN_POINT('',(2.8,-0.115,-8.87));
#10823=CARTESIAN_POINT('',(2.8,-0.115,-1.366025403784));
#10824=VECTOR('',#14376,7.503974596216);
#10825=AXIS2_PLACEMENT_3D('',#14377,#14378,#14379);
#10826=CARTESIAN_POINT('',(-6.015,1.45,0.0));
#10827=CARTESIAN_POINT('',(-6.015,5.55,0.0));
#10828=CARTESIAN_POINT('',(-6.015,1.45,0.0));
#10829=VECTOR('',#14380,4.1);
#10830=CARTESIAN_POINT('',(-4.575,1.45,0.0));
#10831=CARTESIAN_POINT('',(-4.575,1.45,0.0));
#10832=VECTOR('',#14381,1.44);
#10833=CARTESIAN_POINT('',(-4.575,2.415,0.0));
#10834=CARTESIAN_POINT('',(-4.575,2.415,0.0));
#10835=VECTOR('',#14382,0.965);
#10836=CARTESIAN_POINT('',(-4.501776695297,2.591776695297,0.0));
#10837=AXIS2_PLACEMENT_3D('',#14383,#14384,#14385);
#10838=CARTESIAN_POINT('',(-2.921776695297,4.171776695297,0.0));
#10839=CARTESIAN_POINT('',(-2.921776695297,4.171776695297,0.0));
#10840=VECTOR('',#14386,2.234457428549);
#10841=CARTESIAN_POINT('',(-2.745,4.245,0.0));
#10842=AXIS2_PLACEMENT_3D('',#14387,#14388,#14389);
#10843=CARTESIAN_POINT('',(-1.25,4.245,0.0));
#10844=CARTESIAN_POINT('',(-1.25,4.245,0.0));
#10845=VECTOR('',#14390,1.495);
#10846=CARTESIAN_POINT('',(-1.25,5.8,0.0));
#10847=CARTESIAN_POINT('',(-1.25,4.245,0.0));
#10848=VECTOR('',#14391,1.555);
#10849=CARTESIAN_POINT('',(-5.765,5.8,0.0));
#10850=CARTESIAN_POINT('',(-5.765,5.8,0.0));
#10851=VECTOR('',#14392,4.515);
#10852=AXIS2_PLACEMENT_3D('',#14393,#14394,#14395);
#10853=CARTESIAN_POINT('',(1.25,5.8,0.0));
#10854=CARTESIAN_POINT('',(5.765,5.8,0.0));
#10855=CARTESIAN_POINT('',(1.25,5.8,0.0));
#10856=VECTOR('',#14396,4.515);
#10857=CARTESIAN_POINT('',(1.25,4.245,0.0));
#10858=CARTESIAN_POINT('',(1.25,4.245,0.0));
#10859=VECTOR('',#14397,1.555);
#10860=CARTESIAN_POINT('',(2.745,4.245,0.0));
#10861=CARTESIAN_POINT('',(2.745,4.245,0.0));
#10862=VECTOR('',#14398,1.495);
#10863=CARTESIAN_POINT('',(2.921776695297,4.171776695297,0.0));
#10864=AXIS2_PLACEMENT_3D('',#14399,#14400,#14401);
#10865=CARTESIAN_POINT('',(4.501776695297,2.591776695297,0.0));
#10866=CARTESIAN_POINT('',(4.501776695297,2.591776695297,0.0));
#10867=VECTOR('',#14402,2.234457428549);
#10868=CARTESIAN_POINT('',(4.575,2.415,0.0));
#10869=AXIS2_PLACEMENT_3D('',#14403,#14404,#14405);
#10870=CARTESIAN_POINT('',(4.575,1.45,0.0));
#10871=CARTESIAN_POINT('',(4.575,1.45,0.0));
#10872=VECTOR('',#14406,0.965);
#10873=CARTESIAN_POINT('',(6.015,1.45,0.0));
#10874=CARTESIAN_POINT('',(4.575,1.45,0.0));
#10875=VECTOR('',#14407,1.44);
#10876=CARTESIAN_POINT('',(6.015,5.55,0.0));
#10877=CARTESIAN_POINT('',(6.015,5.55,0.0));
#10878=VECTOR('',#14408,4.1);
#10879=AXIS2_PLACEMENT_3D('',#14409,#14410,#14411);
#10880=CARTESIAN_POINT('',(5.765,-5.25,0.0));
#10881=CARTESIAN_POINT('',(-5.765,-5.25,0.0));
#10882=CARTESIAN_POINT('',(5.765,-5.25,0.0));
#10883=VECTOR('',#14412,11.53);
#10884=CARTESIAN_POINT('',(6.015,-5.0,0.0));
#10885=AXIS2_PLACEMENT_3D('',#14413,#14414,#14415);
#10886=CARTESIAN_POINT('',(6.015,-3.05,0.0));
#10887=CARTESIAN_POINT('',(6.015,-3.05,0.0));
#10888=VECTOR('',#14416,1.95);
#10889=CARTESIAN_POINT('',(4.575,-3.05,0.0));
#10890=CARTESIAN_POINT('',(4.575,-3.05,0.0));
#10891=VECTOR('',#14417,1.44);
#10892=CARTESIAN_POINT('',(4.575,-3.995,0.0));
#10893=CARTESIAN_POINT('',(4.575,-3.995,0.0));
#10894=VECTOR('',#14418,0.9449999999999);
#10895=CARTESIAN_POINT('',(4.325,-4.245,0.0));
#10896=AXIS2_PLACEMENT_3D('',#14419,#14420,#14421);
#10897=CARTESIAN_POINT('',(-4.325,-4.245,0.0));
#10898=CARTESIAN_POINT('',(-4.325,-4.245,0.0));
#10899=VECTOR('',#14422,8.65);
#10900=CARTESIAN_POINT('',(-4.575,-3.995,0.0));
#10901=AXIS2_PLACEMENT_3D('',#14423,#14424,#14425);
#10902=CARTESIAN_POINT('',(-4.575,-3.05,0.0));
#10903=CARTESIAN_POINT('',(-4.575,-3.05,0.0));
#10904=VECTOR('',#14426,0.9449999999999);
#10905=CARTESIAN_POINT('',(-6.015,-3.05,0.0));
#10906=CARTESIAN_POINT('',(-4.575,-3.05,0.0));
#10907=VECTOR('',#14427,1.44);
#10908=CARTESIAN_POINT('',(-6.015,-5.0,0.0));
#10909=CARTESIAN_POINT('',(-6.015,-5.0,0.0));
#10910=VECTOR('',#14428,1.95);
#10911=AXIS2_PLACEMENT_3D('',#14429,#14430,#14431);
#10912=CARTESIAN_POINT('',(-5.765,5.8,-11.3));
#10913=CARTESIAN_POINT('',(-5.765,5.8,-11.3));
#10914=VECTOR('',#14432,11.3);
#10915=CARTESIAN_POINT('',(-6.015,5.55,-11.3));
#10916=AXIS2_PLACEMENT_3D('',#14433,#14434,#14435);
#10917=CARTESIAN_POINT('',(-6.015,5.55,-11.3));
#10918=VECTOR('',#14436,11.3);
#10919=CARTESIAN_POINT('',(-6.015,-5.0,-11.3));
#10920=CARTESIAN_POINT('',(-6.015,-5.0,-11.3));
#10921=VECTOR('',#14437,10.55);
#10922=CARTESIAN_POINT('',(-6.015,-5.0,-11.3));
#10923=VECTOR('',#14438,11.3);
#10924=CARTESIAN_POINT('',(-6.015,-3.05,-2.25));
#10925=CARTESIAN_POINT('',(-6.015,-3.05,0.0));
#10926=VECTOR('',#14439,2.25);
#10927=AXIS2_PLACEMENT_3D('',#14440,#14441,#14442);
#10928=CARTESIAN_POINT('',(-6.015,-2.55,-2.25));
#10929=VECTOR('',#14443,0.9300000000001);
#10930=CARTESIAN_POINT('',(-6.015,0.95,-2.25));
#10931=CARTESIAN_POINT('',(-6.015,0.95,-1.32));
#10932=VECTOR('',#14444,0.9300000000001);
#10933=AXIS2_PLACEMENT_3D('',#14445,#14446,#14447);
#10934=CARTESIAN_POINT('',(-6.015,1.45,-2.25));
#10935=VECTOR('',#14448,2.25);
#10936=CARTESIAN_POINT('',(-6.015,1.5,-7.788));
#10937=CARTESIAN_POINT('',(-6.015,1.5,-9.638));
#10938=CARTESIAN_POINT('',(-6.015,1.5,-7.788));
#10939=VECTOR('',#14449,1.85);
#10940=CARTESIAN_POINT('',(-6.015,1.63,-9.768));
#10941=AXIS2_PLACEMENT_3D('',#14450,#14451,#14452);
#10942=CARTESIAN_POINT('',(-6.015,3.37,-9.768));
#10943=CARTESIAN_POINT('',(-6.015,1.63,-9.768));
#10944=VECTOR('',#14453,1.74);
#10945=CARTESIAN_POINT('',(-6.015,3.5,-9.638));
#10946=AXIS2_PLACEMENT_3D('',#14454,#14455,#14456);
#10947=CARTESIAN_POINT('',(-6.015,3.5,-7.788));
#10948=CARTESIAN_POINT('',(-6.015,3.5,-9.638));
#10949=VECTOR('',#14457,1.85);
#10950=CARTESIAN_POINT('',(-6.015,3.37,-7.658));
#10951=AXIS2_PLACEMENT_3D('',#14458,#14459,#14460);
#10952=CARTESIAN_POINT('',(-6.015,1.63,-7.658));
#10953=CARTESIAN_POINT('',(-6.015,3.37,-7.658));
#10954=VECTOR('',#14461,1.74);
#10955=AXIS2_PLACEMENT_3D('',#14462,#14463,#14464);
#10956=CARTESIAN_POINT('',(-6.015,-3.37,-7.658));
#10957=CARTESIAN_POINT('',(-6.015,-3.5,-7.788));
#10958=AXIS2_PLACEMENT_3D('',#14465,#14466,#14467);
#10959=CARTESIAN_POINT('',(-6.015,-3.5,-9.638));
#10960=CARTESIAN_POINT('',(-6.015,-3.5,-7.788));
#10961=VECTOR('',#14468,1.85);
#10962=CARTESIAN_POINT('',(-6.015,-3.37,-9.768));
#10963=AXIS2_PLACEMENT_3D('',#14469,#14470,#14471);
#10964=CARTESIAN_POINT('',(-6.015,-1.63,-9.768));
#10965=CARTESIAN_POINT('',(-6.015,-3.37,-9.768));
#10966=VECTOR('',#14472,1.74);
#10967=CARTESIAN_POINT('',(-6.015,-1.5,-9.638));
#10968=AXIS2_PLACEMENT_3D('',#14473,#14474,#14475);
#10969=CARTESIAN_POINT('',(-6.015,-1.5,-7.788));
#10970=CARTESIAN_POINT('',(-6.015,-1.5,-9.638));
#10971=VECTOR('',#14476,1.85);
#10972=CARTESIAN_POINT('',(-6.015,-1.63,-7.658));
#10973=AXIS2_PLACEMENT_3D('',#14477,#14478,#14479);
#10974=CARTESIAN_POINT('',(-6.015,-1.63,-7.658));
#10975=VECTOR('',#14480,1.74);
#10976=CARTESIAN_POINT('',(-5.697,-1.63,-7.658));
#10977=CARTESIAN_POINT('',(-5.697,-1.63,-7.658));
#10978=VECTOR('',#14481,0.318);
#10979=CARTESIAN_POINT('',(-5.697,-3.37,-7.658));
#10980=CARTESIAN_POINT('',(-5.697,-1.63,-7.658));
#10981=VECTOR('',#14482,1.74);
#10982=CARTESIAN_POINT('',(-5.697,-3.37,-7.658));
#10983=VECTOR('',#14483,0.318);
#10984=CARTESIAN_POINT('',(6.015,-3.37,-7.658));
#10985=CARTESIAN_POINT('',(5.697,-3.37,-7.658));
#10986=CARTESIAN_POINT('',(6.015,-3.37,-7.658));
#10987=VECTOR('',#14484,0.318);
#10988=CARTESIAN_POINT('',(5.697,-1.63,-7.658));
#10989=CARTESIAN_POINT('',(5.697,-1.63,-7.658));
#10990=VECTOR('',#14485,1.74);
#10991=CARTESIAN_POINT('',(6.015,-1.63,-7.658));
#10992=CARTESIAN_POINT('',(6.015,-1.63,-7.658));
#10993=VECTOR('',#14486,0.318);
#10994=CARTESIAN_POINT('',(6.015,-1.63,-7.658));
#10995=VECTOR('',#14487,1.74);
#10996=CARTESIAN_POINT('',(-5.697,-3.5,-7.788));
#10997=AXIS2_PLACEMENT_3D('',#14488,#14489,#14490);
#10998=CARTESIAN_POINT('',(-5.697,-3.5,-7.788));
#10999=VECTOR('',#14491,0.318);
#11000=CARTESIAN_POINT('',(6.015,-3.5,-7.788));
#11001=CARTESIAN_POINT('',(5.697,-3.5,-7.788));
#11002=CARTESIAN_POINT('',(6.015,-3.5,-7.788));
#11003=VECTOR('',#14492,0.318);
#11004=AXIS2_PLACEMENT_3D('',#14493,#14494,#14495);
#11005=AXIS2_PLACEMENT_3D('',#14496,#14497,#14498);
#11006=CARTESIAN_POINT('',(-5.697,-3.5,-9.638));
#11007=CARTESIAN_POINT('',(-5.697,-3.5,-7.788));
#11008=VECTOR('',#14499,1.85);
#11009=CARTESIAN_POINT('',(-5.697,-3.5,-9.638));
#11010=VECTOR('',#14500,0.318);
#11011=CARTESIAN_POINT('',(6.015,-3.5,-9.638));
#11012=CARTESIAN_POINT('',(5.697,-3.5,-9.638));
#11013=CARTESIAN_POINT('',(6.015,-3.5,-9.638));
#11014=VECTOR('',#14501,0.318);
#11015=CARTESIAN_POINT('',(5.697,-3.5,-7.788));
#11016=VECTOR('',#14502,1.85);
#11017=CARTESIAN_POINT('',(6.015,-3.5,-7.788));
#11018=VECTOR('',#14503,1.85);
#11019=CARTESIAN_POINT('',(-5.697,-3.37,-9.768));
#11020=AXIS2_PLACEMENT_3D('',#14504,#14505,#14506);
#11021=CARTESIAN_POINT('',(-5.697,-3.37,-9.768));
#11022=VECTOR('',#14507,0.318);
#11023=CARTESIAN_POINT('',(6.015,-3.37,-9.768));
#11024=CARTESIAN_POINT('',(5.697,-3.37,-9.768));
#11025=CARTESIAN_POINT('',(6.015,-3.37,-9.768));
#11026=VECTOR('',#14508,0.318);
#11027=AXIS2_PLACEMENT_3D('',#14509,#14510,#14511);
#11028=AXIS2_PLACEMENT_3D('',#14512,#14513,#14514);
#11029=CARTESIAN_POINT('',(-5.697,-1.63,-9.768));
#11030=CARTESIAN_POINT('',(-5.697,-3.37,-9.768));
#11031=VECTOR('',#14515,1.74);
#11032=CARTESIAN_POINT('',(-5.697,-1.63,-9.768));
#11033=VECTOR('',#14516,0.318);
#11034=CARTESIAN_POINT('',(6.015,-1.63,-9.768));
#11035=CARTESIAN_POINT('',(5.697,-1.63,-9.768));
#11036=CARTESIAN_POINT('',(6.015,-1.63,-9.768));
#11037=VECTOR('',#14517,0.318);
#11038=CARTESIAN_POINT('',(5.697,-3.37,-9.768));
#11039=VECTOR('',#14518,1.74);
#11040=CARTESIAN_POINT('',(6.015,-3.37,-9.768));
#11041=VECTOR('',#14519,1.74);
#11042=CARTESIAN_POINT('',(-5.697,-1.5,-9.638));
#11043=AXIS2_PLACEMENT_3D('',#14520,#14521,#14522);
#11044=CARTESIAN_POINT('',(-5.697,-1.5,-9.638));
#11045=VECTOR('',#14523,0.318);
#11046=CARTESIAN_POINT('',(6.015,-1.5,-9.638));
#11047=CARTESIAN_POINT('',(5.697,-1.5,-9.638));
#11048=CARTESIAN_POINT('',(6.015,-1.5,-9.638));
#11049=VECTOR('',#14524,0.318);
#11050=AXIS2_PLACEMENT_3D('',#14525,#14526,#14527);
#11051=AXIS2_PLACEMENT_3D('',#14528,#14529,#14530);
#11052=CARTESIAN_POINT('',(-5.697,-1.5,-7.788));
#11053=CARTESIAN_POINT('',(-5.697,-1.5,-9.638));
#11054=VECTOR('',#14531,1.85);
#11055=CARTESIAN_POINT('',(-5.697,-1.5,-7.788));
#11056=VECTOR('',#14532,0.318);
#11057=CARTESIAN_POINT('',(6.015,-1.5,-7.788));
#11058=CARTESIAN_POINT('',(5.697,-1.5,-7.788));
#11059=CARTESIAN_POINT('',(6.015,-1.5,-7.788));
#11060=VECTOR('',#14533,0.318);
#11061=CARTESIAN_POINT('',(5.697,-1.5,-9.638));
#11062=VECTOR('',#14534,1.85);
#11063=CARTESIAN_POINT('',(6.015,-1.5,-9.638));
#11064=VECTOR('',#14535,1.85);
#11065=AXIS2_PLACEMENT_3D('',#14536,#14537,#14538);
#11066=AXIS2_PLACEMENT_3D('',#14539,#14540,#14541);
#11067=AXIS2_PLACEMENT_3D('',#14542,#14543,#14544);
#11068=CARTESIAN_POINT('',(-5.697,-2.55,-1.32));
#11069=VECTOR('',#14545,0.9300000000001);
#11070=CARTESIAN_POINT('',(-5.697,-3.05,-2.25));
#11071=AXIS2_PLACEMENT_3D('',#14546,#14547,#14548);
#11072=CARTESIAN_POINT('',(-5.697,-3.05,-0.318));
#11073=CARTESIAN_POINT('',(-5.697,-3.05,-0.318));
#11074=VECTOR('',#14549,1.932);
#11075=CARTESIAN_POINT('',(-5.697,-4.932,-0.318));
#11076=CARTESIAN_POINT('',(-5.697,-4.932,-0.318));
#11077=VECTOR('',#14550,1.882);
#11078=CARTESIAN_POINT('',(-5.697,-4.932,-11.3));
#11079=CARTESIAN_POINT('',(-5.697,-4.932,-0.318));
#11080=VECTOR('',#14551,10.982);
#11081=CARTESIAN_POINT('',(-5.697,5.482,-11.3));
#11082=CARTESIAN_POINT('',(-5.697,-4.932,-11.3));
#11083=VECTOR('',#14552,10.414);
#11084=CARTESIAN_POINT('',(-5.697,5.482,-0.318));
#11085=CARTESIAN_POINT('',(-5.697,5.482,-0.318));
#11086=VECTOR('',#14553,10.982);
#11087=CARTESIAN_POINT('',(-5.697,1.45,-0.318));
#11088=CARTESIAN_POINT('',(-5.697,1.45,-0.318));
#11089=VECTOR('',#14554,4.032);
#11090=CARTESIAN_POINT('',(-5.697,1.45,-0.318));
#11091=VECTOR('',#14555,1.932);
#11092=CARTESIAN_POINT('',(-5.697,0.95,-2.25));
#11093=AXIS2_PLACEMENT_3D('',#14556,#14557,#14558);
#11094=CARTESIAN_POINT('',(-5.697,0.95,-1.32));
#11095=VECTOR('',#14559,0.9300000000001);
#11096=CARTESIAN_POINT('',(-5.697,3.37,-7.658));
#11097=CARTESIAN_POINT('',(-5.697,1.63,-7.658));
#11098=CARTESIAN_POINT('',(-5.697,3.37,-7.658));
#11099=VECTOR('',#14560,1.74);
#11100=CARTESIAN_POINT('',(-5.697,3.5,-7.788));
#11101=AXIS2_PLACEMENT_3D('',#14561,#14562,#14563);
#11102=CARTESIAN_POINT('',(-5.697,3.5,-9.638));
#11103=CARTESIAN_POINT('',(-5.697,3.5,-9.638));
#11104=VECTOR('',#14564,1.85);
#11105=CARTESIAN_POINT('',(-5.697,3.37,-9.768));
#11106=AXIS2_PLACEMENT_3D('',#14565,#14566,#14567);
#11107=CARTESIAN_POINT('',(-5.697,1.63,-9.768));
#11108=CARTESIAN_POINT('',(-5.697,1.63,-9.768));
#11109=VECTOR('',#14568,1.74);
#11110=CARTESIAN_POINT('',(-5.697,1.5,-9.638));
#11111=AXIS2_PLACEMENT_3D('',#14569,#14570,#14571);
#11112=CARTESIAN_POINT('',(-5.697,1.5,-7.788));
#11113=CARTESIAN_POINT('',(-5.697,1.5,-7.788));
#11114=VECTOR('',#14572,1.85);
#11115=AXIS2_PLACEMENT_3D('',#14573,#14574,#14575);
#11116=CARTESIAN_POINT('',(-5.697,1.63,-7.658));
#11117=VECTOR('',#14576,0.318);
#11118=CARTESIAN_POINT('',(-5.697,1.5,-7.788));
#11119=VECTOR('',#14577,0.318);
#11120=CARTESIAN_POINT('',(6.015,1.5,-7.788));
#11121=CARTESIAN_POINT('',(5.697,1.5,-7.788));
#11122=CARTESIAN_POINT('',(6.015,1.5,-7.788));
#11123=VECTOR('',#14578,0.318);
#11124=CARTESIAN_POINT('',(5.697,1.63,-7.658));
#11125=AXIS2_PLACEMENT_3D('',#14579,#14580,#14581);
#11126=CARTESIAN_POINT('',(6.015,1.63,-7.658));
#11127=CARTESIAN_POINT('',(6.015,1.63,-7.658));
#11128=VECTOR('',#14582,0.318);
#11129=AXIS2_PLACEMENT_3D('',#14583,#14584,#14585);
#11130=CARTESIAN_POINT('',(-5.697,1.5,-9.638));
#11131=VECTOR('',#14586,0.318);
#11132=CARTESIAN_POINT('',(6.015,1.5,-9.638));
#11133=CARTESIAN_POINT('',(5.697,1.5,-9.638));
#11134=CARTESIAN_POINT('',(6.015,1.5,-9.638));
#11135=VECTOR('',#14587,0.318);
#11136=CARTESIAN_POINT('',(5.697,1.5,-7.788));
#11137=VECTOR('',#14588,1.85);
#11138=CARTESIAN_POINT('',(6.015,1.5,-7.788));
#11139=VECTOR('',#14589,1.85);
#11140=CARTESIAN_POINT('',(-5.697,1.63,-9.768));
#11141=VECTOR('',#14590,0.318);
#11142=CARTESIAN_POINT('',(6.015,1.63,-9.768));
#11143=CARTESIAN_POINT('',(5.697,1.63,-9.768));
#11144=CARTESIAN_POINT('',(6.015,1.63,-9.768));
#11145=VECTOR('',#14591,0.318);
#11146=AXIS2_PLACEMENT_3D('',#14592,#14593,#14594);
#11147=AXIS2_PLACEMENT_3D('',#14595,#14596,#14597);
#11148=CARTESIAN_POINT('',(-5.697,3.37,-9.768));
#11149=VECTOR('',#14598,0.318);
#11150=CARTESIAN_POINT('',(6.015,3.37,-9.768));
#11151=CARTESIAN_POINT('',(5.697,3.37,-9.768));
#11152=CARTESIAN_POINT('',(6.015,3.37,-9.768));
#11153=VECTOR('',#14599,0.318);
#11154=CARTESIAN_POINT('',(5.697,1.63,-9.768));
#11155=VECTOR('',#14600,1.74);
#11156=CARTESIAN_POINT('',(6.015,1.63,-9.768));
#11157=VECTOR('',#14601,1.74);
#11158=CARTESIAN_POINT('',(-5.697,3.5,-9.638));
#11159=VECTOR('',#14602,0.318);
#11160=CARTESIAN_POINT('',(6.015,3.5,-9.638));
#11161=CARTESIAN_POINT('',(5.697,3.5,-9.638));
#11162=CARTESIAN_POINT('',(6.015,3.5,-9.638));
#11163=VECTOR('',#14603,0.318);
#11164=AXIS2_PLACEMENT_3D('',#14604,#14605,#14606);
#11165=AXIS2_PLACEMENT_3D('',#14607,#14608,#14609);
#11166=CARTESIAN_POINT('',(-5.697,3.5,-7.788));
#11167=VECTOR('',#14610,0.318);
#11168=CARTESIAN_POINT('',(6.015,3.5,-7.788));
#11169=CARTESIAN_POINT('',(5.697,3.5,-7.788));
#11170=CARTESIAN_POINT('',(6.015,3.5,-7.788));
#11171=VECTOR('',#14611,0.318);
#11172=CARTESIAN_POINT('',(5.697,3.5,-9.638));
#11173=VECTOR('',#14612,1.85);
#11174=CARTESIAN_POINT('',(6.015,3.5,-9.638));
#11175=VECTOR('',#14613,1.85);
#11176=CARTESIAN_POINT('',(-5.697,3.37,-7.658));
#11177=VECTOR('',#14614,0.318);
#11178=CARTESIAN_POINT('',(6.015,3.37,-7.658));
#11179=CARTESIAN_POINT('',(5.697,3.37,-7.658));
#11180=CARTESIAN_POINT('',(6.015,3.37,-7.658));
#11181=VECTOR('',#14615,0.318);
#11182=AXIS2_PLACEMENT_3D('',#14616,#14617,#14618);
#11183=AXIS2_PLACEMENT_3D('',#14619,#14620,#14621);
#11184=CARTESIAN_POINT('',(5.697,3.37,-7.658));
#11185=VECTOR('',#14622,1.74);
#11186=CARTESIAN_POINT('',(6.015,3.37,-7.658));
#11187=VECTOR('',#14623,1.74);
#11188=CARTESIAN_POINT('',(6.015,1.45,0.0));
#11189=VECTOR('',#14624,2.25);
#11190=CARTESIAN_POINT('',(6.015,0.95,-2.25));
#11191=AXIS2_PLACEMENT_3D('',#14625,#14626,#14627);
#11192=CARTESIAN_POINT('',(6.015,0.95,-1.32));
#11193=CARTESIAN_POINT('',(6.015,0.95,-1.32));
#11194=VECTOR('',#14628,0.9300000000001);
#11195=CARTESIAN_POINT('',(6.015,-2.55,-1.32));
#11196=CARTESIAN_POINT('',(6.015,-2.55,-1.32));
#11197=VECTOR('',#14629,3.5);
#11198=CARTESIAN_POINT('',(6.015,-2.55,-2.25));
#11199=VECTOR('',#14630,0.9300000000001);
#11200=CARTESIAN_POINT('',(6.015,-3.05,-2.25));
#11201=AXIS2_PLACEMENT_3D('',#14631,#14632,#14633);
#11202=CARTESIAN_POINT('',(6.015,-3.05,-2.25));
#11203=VECTOR('',#14634,2.25);
#11204=CARTESIAN_POINT('',(6.015,-5.0,-11.3));
#11205=CARTESIAN_POINT('',(6.015,-5.0,-11.3));
#11206=VECTOR('',#14635,11.3);
#11207=CARTESIAN_POINT('',(6.015,5.55,-11.3));
#11208=CARTESIAN_POINT('',(6.015,5.55,-11.3));
#11209=VECTOR('',#14636,10.55);
#11210=CARTESIAN_POINT('',(6.015,5.55,-11.3));
#11211=VECTOR('',#14637,11.3);
#11212=CARTESIAN_POINT('',(5.765,5.8,-11.3));
#11213=AXIS2_PLACEMENT_3D('',#14638,#14639,#14640);
#11214=CARTESIAN_POINT('',(5.765,5.8,-11.3));
#11215=VECTOR('',#14641,11.3);
#11216=CARTESIAN_POINT('',(-1.25,5.8,-1.15));
#11217=CARTESIAN_POINT('',(-1.25,5.8,0.0));
#11218=VECTOR('',#14642,1.15);
#11219=AXIS2_PLACEMENT_3D('',#14643,#14644,#14645);
#11220=CARTESIAN_POINT('',(-0.75,5.8,-0.638));
#11221=CARTESIAN_POINT('',(-0.75,5.8,-0.638));
#11222=VECTOR('',#14646,0.512);
#11223=CARTESIAN_POINT('',(0.75,5.8,-0.638));
#11224=CARTESIAN_POINT('',(-0.75,5.8,-0.638));
#11225=VECTOR('',#14647,1.5);
#11226=CARTESIAN_POINT('',(0.75,5.8,-1.15));
#11227=CARTESIAN_POINT('',(0.75,5.8,-1.15));
#11228=VECTOR('',#14648,0.512);
#11229=AXIS2_PLACEMENT_3D('',#14649,#14650,#14651);
#11230=CARTESIAN_POINT('',(1.25,5.8,-1.15));
#11231=VECTOR('',#14652,1.15);
#11232=CARTESIAN_POINT('',(-5.765,5.8,-11.3));
#11233=VECTOR('',#14653,11.53);
#11234=CARTESIAN_POINT('',(5.765,-5.25,-11.3));
#11235=AXIS2_PLACEMENT_3D('',#14654,#14655,#14656);
#11236=CARTESIAN_POINT('',(5.643,-5.25,-11.3));
#11237=CARTESIAN_POINT('',(5.765,-5.25,-11.3));
#11238=VECTOR('',#14657,0.122);
#11239=CARTESIAN_POINT('',(5.552102663962,-5.207154725441,-11.3));
#11240=CARTESIAN_POINT('',(5.643,-5.25,-11.3));
#11241=VECTOR('',#14658,0.100489020549);
#11242=CARTESIAN_POINT('',(5.6,-5.06,-11.3));
#11243=AXIS2_PLACEMENT_3D('',#14659,#14660,#14661);
#11244=CARTESIAN_POINT('',(5.6,-4.932,-11.3));
#11245=CARTESIAN_POINT('',(5.6,-4.932,-11.3));
#11246=VECTOR('',#14662,0.128);
#11247=CARTESIAN_POINT('',(5.697,-4.932,-11.3));
#11248=CARTESIAN_POINT('',(5.697,-4.932,-11.3));
#11249=VECTOR('',#14663,0.097);
#11250=CARTESIAN_POINT('',(5.697,5.482,-11.3));
#11251=CARTESIAN_POINT('',(5.697,5.482,-11.3));
#11252=VECTOR('',#14664,10.414);
#11253=CARTESIAN_POINT('',(-5.697,5.482,-11.3));
#11254=VECTOR('',#14665,11.394);
#11255=CARTESIAN_POINT('',(-5.6,-4.932,-11.3));
#11256=CARTESIAN_POINT('',(-5.6,-4.932,-11.3));
#11257=VECTOR('',#14666,0.097);
#11258=CARTESIAN_POINT('',(-5.6,-5.06,-11.3));
#11259=CARTESIAN_POINT('',(-5.6,-5.06,-11.3));
#11260=VECTOR('',#14667,0.128);
#11261=CARTESIAN_POINT('',(-5.552102663962,-5.207154725441,-11.3));
#11262=AXIS2_PLACEMENT_3D('',#14668,#14669,#14670);
#11263=CARTESIAN_POINT('',(-5.643,-5.25,-11.3));
#11264=CARTESIAN_POINT('',(-5.643,-5.25,-11.3));
#11265=VECTOR('',#14671,0.100489020549);
#11266=CARTESIAN_POINT('',(-5.765,-5.25,-11.3));
#11267=CARTESIAN_POINT('',(-5.643,-5.25,-11.3));
#11268=VECTOR('',#14672,0.122);
#11269=AXIS2_PLACEMENT_3D('',#14673,#14674,#14675);
#11270=CARTESIAN_POINT('',(-5.765,-5.25,-11.3));
#11271=VECTOR('',#14676,11.3);
#11272=CARTESIAN_POINT('',(-5.643,-5.25,-9.26));
#11273=CARTESIAN_POINT('',(-5.643,-5.25,-11.3));
#11274=VECTOR('',#14677,2.04);
#11275=CARTESIAN_POINT('',(-5.512480768093,-5.25,-9.26));
#11276=CARTESIAN_POINT('',(-5.512480768093,-5.25,-9.26));
#11277=VECTOR('',#14678,0.1305192319073);
#11278=CARTESIAN_POINT('',(-5.512480768093,-5.25,-0.4));
#11279=CARTESIAN_POINT('',(-5.512480768093,-5.25,-0.4));
#11280=VECTOR('',#14679,8.86);
#11281=CARTESIAN_POINT('',(5.512480768093,-5.25,-0.4));
#11282=CARTESIAN_POINT('',(-5.512480768093,-5.25,-0.4));
#11283=VECTOR('',#14680,11.02496153619);
#11284=CARTESIAN_POINT('',(5.512480768093,-5.25,-9.26));
#11285=CARTESIAN_POINT('',(5.512480768093,-5.25,-0.4));
#11286=VECTOR('',#14681,8.86);
#11287=CARTESIAN_POINT('',(5.643,-5.25,-9.26));
#11288=CARTESIAN_POINT('',(5.643,-5.25,-9.26));
#11289=VECTOR('',#14682,0.1305192319073);
#11290=CARTESIAN_POINT('',(5.643,-5.25,-11.3));
#11291=VECTOR('',#14683,2.04);
#11292=CARTESIAN_POINT('',(5.765,-5.25,-11.3));
#11293=VECTOR('',#14684,11.3);
#11294=CARTESIAN_POINT('',(5.936751378789,-6.062304517766,-9.352805405015));
#11295=CARTESIAN_POINT('',(5.643,-5.25,-9.26));
#11296=CARTESIAN_POINT('',(5.643,-5.402529863323,-9.281007286802));
#11297=CARTESIAN_POINT('',(5.696128789752,-5.688983357992,-9.317010275035));
#11298=CARTESIAN_POINT('',(5.838474100227,-5.944192337427,-9.342918308471));
#11299=CARTESIAN_POINT('',(5.936751378789,-6.062304517766,-9.352805405015));
#11300=CARTESIAN_POINT('',(5.936751378789,-6.062304517766,-11.20719459499));
#11301=CARTESIAN_POINT('',(5.936751378789,-6.062304517766,-11.20719459499));
#11302=VECTOR('',#14685,1.854389189971);
#11303=CARTESIAN_POINT('',(5.643,-5.25,-11.3));
#11304=CARTESIAN_POINT('',(5.643,-5.402529863323,-11.2789927132));
#11305=CARTESIAN_POINT('',(5.696128789752,-5.688983357992,-11.24298972497));
#11306=CARTESIAN_POINT('',(5.838474100227,-5.944192337427,-11.21708169153));
#11307=CARTESIAN_POINT('',(5.936751378789,-6.062304517766,-11.20719459499));
#11308=CARTESIAN_POINT('',(7.095540871749,-7.454967761701,-11.09061562822));
#11309=CARTESIAN_POINT('',(7.095540871749,-7.454967761701,-11.09061562822));
#11310=VECTOR('',#14686,1.815459901923);
#11311=CARTESIAN_POINT('',(7.153956467909,-7.913338119527,-11.03127847474));
#11312=CARTESIAN_POINT('',(7.192707561798,-7.831126691562,-11.0451167572));
#11313=CARTESIAN_POINT('',(7.209760576776,-7.673955149621,-11.06787037461));
#11314=CARTESIAN_POINT('',(7.154221417394,-7.525491562228,-11.08471212511));
#11315=CARTESIAN_POINT('',(7.095540871749,-7.454967761701,-11.09061562822));
#11316=CARTESIAN_POINT('',(6.545088207927,-9.205067566929,-10.81384742652));
#11317=CARTESIAN_POINT('',(7.153956467909,-7.913338119527,-11.03127847474));
#11318=VECTOR('',#14687,1.444493608165);
#11319=CARTESIAN_POINT('',(6.25744133166,-9.069482632023,-10.81384742652));
#11320=CARTESIAN_POINT('',(6.545088207927,-9.205067566929,-10.81384742652));
#11321=VECTOR('',#14688,0.318);
#11322=CARTESIAN_POINT('',(6.866309591641,-7.777753184621,-11.03127847474));
#11323=VECTOR('',#14689,1.444493608165);
#11324=CARTESIAN_POINT('',(6.851094366595,-7.658363696071,-11.04673373332));
#11325=CARTESIAN_POINT('',(6.866309591641,-7.777753184621,-11.03127847474));
#11326=CARTESIAN_POINT('',(6.876402899817,-7.756339975477,-11.03488286459));
#11327=CARTESIAN_POINT('',(6.880844615346,-7.715402271529,-11.0408093882));
#11328=CARTESIAN_POINT('',(6.86637860174,-7.676732685976,-11.0451960767));
#11329=CARTESIAN_POINT('',(6.851094366595,-7.658363696071,-11.04673373332));
#11330=CARTESIAN_POINT('',(5.692304873635,-6.265700452136,-11.16331270009));
#11331=CARTESIAN_POINT('',(5.692304873635,-6.265700452136,-11.16331270009));
#11332=VECTOR('',#14690,1.815459901923);
#11333=CARTESIAN_POINT('',(5.32613390609,-5.31,-11.27116606131));
#11334=CARTESIAN_POINT('',(5.32613390609,-5.31,-11.27116606131));
#11335=CARTESIAN_POINT('',(5.33291825016,-5.489430759555,-11.24689425673));
#11336=CARTESIAN_POINT('',(5.404828032542,-5.826623241833,-11.20512243371));
#11337=CARTESIAN_POINT('',(5.576651864852,-6.126705668907,-11.17494786622));
#11338=CARTESIAN_POINT('',(5.692304873635,-6.265700452136,-11.16331270009));
#11339=CARTESIAN_POINT('',(5.35,-5.31,-11.27271540656));
#11340=CARTESIAN_POINT('',(5.32613390609,-5.31,-11.27116606131));
#11341=VECTOR('',#14691,0.02391633143254);
#11342=CARTESIAN_POINT('',(5.552102663962,-5.207154725441,-11.3));
#11343=CARTESIAN_POINT('',(5.527252762129,-5.241283642093,-11.29368635769));
#11344=CARTESIAN_POINT('',(5.467267067145,-5.289761130047,-11.28311559343));
#11345=CARTESIAN_POINT('',(5.392597131282,-5.31,-11.27548073812));
#11346=CARTESIAN_POINT('',(5.35,-5.31,-11.27271540656));
#11347=CARTESIAN_POINT('',(5.35,-5.31,-0.4));
#11348=CARTESIAN_POINT('',(5.35,-5.31,-9.287284593443));
#11349=CARTESIAN_POINT('',(5.35,-5.31,-0.4));
#11350=VECTOR('',#14692,8.887284593443);
#11351=CARTESIAN_POINT('',(5.552102663962,-5.207154725441,-9.26));
#11352=CARTESIAN_POINT('',(5.552102663962,-5.207154725441,-9.26));
#11353=CARTESIAN_POINT('',(5.527252762129,-5.241283642093,-9.266313642308));
#11354=CARTESIAN_POINT('',(5.467267067145,-5.289761130047,-9.276884406566));
#11355=CARTESIAN_POINT('',(5.392597131282,-5.31,-9.284519261879));
#11356=CARTESIAN_POINT('',(5.35,-5.31,-9.287284593443));
#11357=AXIS2_PLACEMENT_3D('',#14693,#14694,#14695);
#11358=AXIS2_PLACEMENT_3D('',#14696,#14697,#14698);
#11359=CARTESIAN_POINT('',(5.35,-5.31,-15.7));
#11360=CARTESIAN_POINT('',(5.35,-5.31,-11.27271540656));
#11361=VECTOR('',#14699,4.427284593443);
#11362=CARTESIAN_POINT('',(5.6,-5.06,-15.7));
#11363=AXIS2_PLACEMENT_3D('',#14700,#14701,#14702);
#11364=CARTESIAN_POINT('',(5.6,-5.06,-11.3));
#11365=VECTOR('',#14703,4.4);
#11366=CARTESIAN_POINT('',(-5.35,-5.31,-0.4));
#11367=AXIS2_PLACEMENT_3D('',#14704,#14705,#14706);
#11368=CARTESIAN_POINT('',(5.35,-5.31,-0.4));
#11369=VECTOR('',#14707,10.7);
#11370=CARTESIAN_POINT('',(-2.705855738514,3.781184551151,-0.4));
#11371=CARTESIAN_POINT('',(-2.439662314071,3.89,-0.4));
#11372=AXIS2_PLACEMENT_3D('',#14708,#14709,#14710);
#11373=CARTESIAN_POINT('',(-1.25,3.89,-0.4));
#11374=CARTESIAN_POINT('',(-1.25,3.89,-0.4));
#11375=VECTOR('',#14711,1.189662314071);
#11376=CARTESIAN_POINT('',(-1.25,4.339059892324,-0.4));
#11377=CARTESIAN_POINT('',(-1.25,3.89,-0.4));
#11378=VECTOR('',#14712,0.4490598923241);
#11379=CARTESIAN_POINT('',(1.25,4.339059892324,-0.4));
#11380=CARTESIAN_POINT('',(-1.25,4.339059892324,-0.4));
#11381=VECTOR('',#14713,2.5);
#11382=CARTESIAN_POINT('',(1.25,3.89,-0.4));
#11383=CARTESIAN_POINT('',(1.25,3.89,-0.4));
#11384=VECTOR('',#14714,0.4490598923241);
#11385=CARTESIAN_POINT('',(2.437598846298,3.89,-0.4));
#11386=CARTESIAN_POINT('',(2.437598846298,3.89,-0.4));
#11387=VECTOR('',#14715,1.187598846298);
#11388=CARTESIAN_POINT('',(2.706299423149,3.778700576851,-0.4));
#11389=AXIS2_PLACEMENT_3D('',#14716,#14717,#14718);
#11390=CARTESIAN_POINT('',(4.113700576851,2.371299423149,-0.4));
#11391=CARTESIAN_POINT('',(4.113700576851,2.371299423149,-0.4));
#11392=VECTOR('',#14719,1.990365799265);
#11393=CARTESIAN_POINT('',(4.225,2.102598846298,-0.4));
#11394=AXIS2_PLACEMENT_3D('',#14720,#14721,#14722);
#11395=CARTESIAN_POINT('',(4.225,1.45,-0.4));
#11396=CARTESIAN_POINT('',(4.225,1.45,-0.4));
#11397=VECTOR('',#14723,0.6525988462982);
#11398=CARTESIAN_POINT('',(5.6,1.45,-0.4));
#11399=CARTESIAN_POINT('',(4.225,1.45,-0.4));
#11400=VECTOR('',#14724,1.375);
#11401=CARTESIAN_POINT('',(5.6,5.06,-0.4));
#11402=CARTESIAN_POINT('',(5.6,5.06,-0.4));
#11403=VECTOR('',#14725,3.61);
#11404=CARTESIAN_POINT('',(5.35,5.31,-0.4));
#11405=AXIS2_PLACEMENT_3D('',#14726,#14727,#14728);
#11406=CARTESIAN_POINT('',(-5.35,5.31,-0.4));
#11407=CARTESIAN_POINT('',(-5.35,5.31,-0.4));
#11408=VECTOR('',#14729,10.7);
#11409=CARTESIAN_POINT('',(-5.6,5.06,-0.4));
#11410=AXIS2_PLACEMENT_3D('',#14730,#14731,#14732);
#11411=CARTESIAN_POINT('',(-5.6,1.45,-0.4));
#11412=CARTESIAN_POINT('',(-5.6,1.45,-0.4));
#11413=VECTOR('',#14733,3.61);
#11414=CARTESIAN_POINT('',(-4.225,1.45,-0.4));
#11415=CARTESIAN_POINT('',(-5.6,1.45,-0.4));
#11416=VECTOR('',#14734,1.375);
#11417=CARTESIAN_POINT('',(-4.225,2.130527424855,-0.4));
#11418=CARTESIAN_POINT('',(-4.225,2.130527424855,-0.4));
#11419=VECTOR('',#14735,0.6805274248552);
#11420=CARTESIAN_POINT('',(-4.111193424443,2.401711976007,-0.4));
#11421=AXIS2_PLACEMENT_3D('',#14736,#14737,#14738);
#11422=CARTESIAN_POINT('',(-2.705855738514,3.781184551151,-0.4));
#11423=VECTOR('',#14739,1.969243153363);
#11424=CARTESIAN_POINT('',(-4.225,-3.05,-0.4));
#11425=CARTESIAN_POINT('',(-5.6,-3.05,-0.4));
#11426=CARTESIAN_POINT('',(-4.225,-3.05,-0.4));
#11427=VECTOR('',#14740,1.375);
#11428=CARTESIAN_POINT('',(-5.6,-4.932,-0.4));
#11429=CARTESIAN_POINT('',(-5.6,-4.932,-0.4));
#11430=VECTOR('',#14741,1.882);
#11431=CARTESIAN_POINT('',(5.6,-4.932,-0.4));
#11432=CARTESIAN_POINT('',(-5.6,-4.932,-0.4));
#11433=VECTOR('',#14742,11.2);
#11434=CARTESIAN_POINT('',(5.6,-3.05,-0.4));
#11435=CARTESIAN_POINT('',(5.6,-3.05,-0.4));
#11436=VECTOR('',#14743,1.882);
#11437=CARTESIAN_POINT('',(4.225,-3.05,-0.4));
#11438=CARTESIAN_POINT('',(5.6,-3.05,-0.4));
#11439=VECTOR('',#14744,1.375);
#11440=CARTESIAN_POINT('',(4.225,-3.51,-0.4));
#11441=CARTESIAN_POINT('',(4.225,-3.51,-0.4));
#11442=VECTOR('',#14745,0.46);
#11443=CARTESIAN_POINT('',(3.845,-3.89,-0.4));
#11444=AXIS2_PLACEMENT_3D('',#14746,#14747,#14748);
#11445=CARTESIAN_POINT('',(-3.845,-3.89,-0.4));
#11446=CARTESIAN_POINT('',(-3.845,-3.89,-0.4));
#11447=VECTOR('',#14749,7.69);
#11448=CARTESIAN_POINT('',(-4.225,-3.51,-0.4));
#11449=AXIS2_PLACEMENT_3D('',#14750,#14751,#14752);
#11450=CARTESIAN_POINT('',(-4.225,-3.05,-0.4));
#11451=VECTOR('',#14753,0.46);
#11452=CARTESIAN_POINT('',(2.65,-5.31,-15.7));
#11453=CARTESIAN_POINT('',(2.65,-5.31,-9.17));
#11454=CARTESIAN_POINT('',(2.65,-5.31,-15.7));
#11455=VECTOR('',#14754,6.53);
#11456=CARTESIAN_POINT('',(5.35,-5.31,-15.7));
#11457=VECTOR('',#14755,2.7);
#11458=CARTESIAN_POINT('',(5.32613390609,-5.31,-9.288833938688));
#11459=CARTESIAN_POINT('',(5.32613390609,-5.31,-11.27116606131));
#11460=VECTOR('',#14756,1.982332122624);
#11461=CARTESIAN_POINT('',(5.32613390609,-5.31,-9.288833938688));
#11462=VECTOR('',#14757,0.02391633143254);
#11463=CARTESIAN_POINT('',(-5.35,-5.31,-9.287284593443));
#11464=CARTESIAN_POINT('',(-5.35,-5.31,-0.4));
#11465=VECTOR('',#14758,8.887284593443);
#11466=CARTESIAN_POINT('',(-5.32613390609,-5.31,-9.288833938688));
#11467=CARTESIAN_POINT('',(-5.32613390609,-5.31,-9.288833938688));
#11468=VECTOR('',#14759,0.02391633143254);
#11469=CARTESIAN_POINT('',(-5.32613390609,-5.31,-11.27116606131));
#11470=CARTESIAN_POINT('',(-5.32613390609,-5.31,-11.27116606131));
#11471=VECTOR('',#14760,1.982332122624);
#11472=CARTESIAN_POINT('',(-5.35,-5.31,-11.27271540656));
#11473=CARTESIAN_POINT('',(-5.32613390609,-5.31,-11.27116606131));
#11474=VECTOR('',#14761,0.02391633143254);
#11475=CARTESIAN_POINT('',(-5.35,-5.31,-15.7));
#11476=CARTESIAN_POINT('',(-5.35,-5.31,-11.27271540656));
#11477=VECTOR('',#14762,4.427284593443);
#11478=CARTESIAN_POINT('',(-2.65,-5.31,-15.7));
#11479=CARTESIAN_POINT('',(-2.65,-5.31,-15.7));
#11480=VECTOR('',#14763,2.7);
#11481=CARTESIAN_POINT('',(-2.65,-5.31,-9.17));
#11482=CARTESIAN_POINT('',(-2.65,-5.31,-15.7));
#11483=VECTOR('',#14764,6.53);
#11484=CARTESIAN_POINT('',(-2.0,-5.31,-9.17));
#11485=CARTESIAN_POINT('',(-2.0,-5.31,-9.17));
#11486=VECTOR('',#14765,0.65);
#11487=CARTESIAN_POINT('',(-2.0,-5.31,-15.7));
#11488=CARTESIAN_POINT('',(-2.0,-5.31,-15.7));
#11489=VECTOR('',#14766,6.53);
#11490=CARTESIAN_POINT('',(2.0,-5.31,-15.7));
#11491=CARTESIAN_POINT('',(2.0,-5.31,-15.7));
#11492=VECTOR('',#14767,4.0);
#11493=CARTESIAN_POINT('',(2.0,-5.31,-9.17));
#11494=CARTESIAN_POINT('',(2.0,-5.31,-15.7));
#11495=VECTOR('',#14768,6.53);
#11496=CARTESIAN_POINT('',(2.65,-5.31,-9.17));
#11497=VECTOR('',#14769,0.65);
#11498=CARTESIAN_POINT('',(4.85,-5.31,-4.99));
#11499=CARTESIAN_POINT('',(4.2,-5.31,-4.99));
#11500=CARTESIAN_POINT('',(4.85,-5.31,-4.99));
#11501=VECTOR('',#14770,0.65);
#11502=CARTESIAN_POINT('',(4.85,-5.31,-9.17));
#11503=CARTESIAN_POINT('',(4.85,-5.31,-9.17));
#11504=VECTOR('',#14771,4.18);
#11505=CARTESIAN_POINT('',(4.2,-5.31,-9.17));
#11506=CARTESIAN_POINT('',(4.2,-5.31,-9.17));
#11507=VECTOR('',#14772,0.65);
#11508=CARTESIAN_POINT('',(4.2,-5.31,-4.99));
#11509=VECTOR('',#14773,4.18);
#11510=CARTESIAN_POINT('',(-4.2,-5.31,-9.17));
#11511=CARTESIAN_POINT('',(-4.2,-5.31,-4.99));
#11512=CARTESIAN_POINT('',(-4.2,-5.31,-9.17));
#11513=VECTOR('',#14774,4.18);
#11514=CARTESIAN_POINT('',(-4.85,-5.31,-9.17));
#11515=CARTESIAN_POINT('',(-4.85,-5.31,-9.17));
#11516=VECTOR('',#14775,0.65);
#11517=CARTESIAN_POINT('',(-4.85,-5.31,-4.99));
#11518=CARTESIAN_POINT('',(-4.85,-5.31,-4.99));
#11519=VECTOR('',#14776,4.18);
#11520=CARTESIAN_POINT('',(-4.2,-5.31,-4.99));
#11521=VECTOR('',#14777,0.65);
#11522=CARTESIAN_POINT('',(0.95,-5.31,-12.855));
#11523=CARTESIAN_POINT('',(1.55,-5.31,-12.855));
#11524=CARTESIAN_POINT('',(0.95,-5.31,-12.855));
#11525=VECTOR('',#14778,0.6);
#11526=CARTESIAN_POINT('',(1.55,-5.31,-13.105));
#11527=CARTESIAN_POINT('',(1.55,-5.31,-12.855));
#11528=VECTOR('',#14779,0.25);
#11529=CARTESIAN_POINT('',(0.95,-5.31,-13.105));
#11530=CARTESIAN_POINT('',(0.95,-5.31,-13.105));
#11531=VECTOR('',#14780,0.6);
#11532=CARTESIAN_POINT('',(0.95,-5.31,-12.855));
#11533=VECTOR('',#14781,0.25);
#11534=CARTESIAN_POINT('',(0.95,-5.31,-14.855));
#11535=CARTESIAN_POINT('',(1.55,-5.31,-14.855));
#11536=CARTESIAN_POINT('',(0.95,-5.31,-14.855));
#11537=VECTOR('',#14782,0.6);
#11538=CARTESIAN_POINT('',(1.55,-5.31,-15.105));
#11539=CARTESIAN_POINT('',(1.55,-5.31,-14.855));
#11540=VECTOR('',#14783,0.25);
#11541=CARTESIAN_POINT('',(0.95,-5.31,-15.105));
#11542=CARTESIAN_POINT('',(0.95,-5.31,-15.105));
#11543=VECTOR('',#14784,0.6);
#11544=CARTESIAN_POINT('',(0.95,-5.31,-14.855));
#11545=VECTOR('',#14785,0.25);
#11546=CARTESIAN_POINT('',(-1.55,-5.31,-12.855));
#11547=CARTESIAN_POINT('',(-0.95,-5.31,-12.855));
#11548=CARTESIAN_POINT('',(-1.55,-5.31,-12.855));
#11549=VECTOR('',#14786,0.6);
#11550=CARTESIAN_POINT('',(-0.95,-5.31,-13.105));
#11551=CARTESIAN_POINT('',(-0.95,-5.31,-12.855));
#11552=VECTOR('',#14787,0.25);
#11553=CARTESIAN_POINT('',(-1.55,-5.31,-13.105));
#11554=CARTESIAN_POINT('',(-1.55,-5.31,-13.105));
#11555=VECTOR('',#14788,0.6);
#11556=CARTESIAN_POINT('',(-1.55,-5.31,-12.855));
#11557=VECTOR('',#14789,0.25);
#11558=CARTESIAN_POINT('',(-1.55,-5.31,-14.855));
#11559=CARTESIAN_POINT('',(-0.95,-5.31,-14.855));
#11560=CARTESIAN_POINT('',(-1.55,-5.31,-14.855));
#11561=VECTOR('',#14790,0.6);
#11562=CARTESIAN_POINT('',(-0.95,-5.31,-15.105));
#11563=CARTESIAN_POINT('',(-0.95,-5.31,-14.855));
#11564=VECTOR('',#14791,0.25);
#11565=CARTESIAN_POINT('',(-1.55,-5.31,-15.105));
#11566=CARTESIAN_POINT('',(-1.55,-5.31,-15.105));
#11567=VECTOR('',#14792,0.6);
#11568=CARTESIAN_POINT('',(-1.55,-5.31,-14.855));
#11569=VECTOR('',#14793,0.25);
#11570=CARTESIAN_POINT('',(4.2,-5.56,-4.99));
#11571=CARTESIAN_POINT('',(4.2,-5.31,-4.99));
#11572=VECTOR('',#14794,0.25);
#11573=CARTESIAN_POINT('',(4.2,-5.56,-9.17));
#11574=CARTESIAN_POINT('',(4.2,-5.31,-9.17));
#11575=VECTOR('',#14795,0.25);
#11576=CARTESIAN_POINT('',(4.2,-5.56,-4.99));
#11577=VECTOR('',#14796,4.18);
#11578=CARTESIAN_POINT('',(4.33,-5.69,-4.99));
#11579=CARTESIAN_POINT('',(4.33,-5.69,-9.17));
#11580=CARTESIAN_POINT('',(4.33,-5.69,-4.99));
#11581=VECTOR('',#14797,4.18);
#11582=AXIS2_PLACEMENT_3D('',#14798,#14799,#14800);
#11583=AXIS2_PLACEMENT_3D('',#14801,#14802,#14803);
#11584=CARTESIAN_POINT('',(4.72,-5.69,-9.17));
#11585=CARTESIAN_POINT('',(4.33,-5.69,-9.17));
#11586=VECTOR('',#14804,0.39);
#11587=CARTESIAN_POINT('',(4.85,-5.56,-9.17));
#11588=CARTESIAN_POINT('',(4.85,-5.31,-9.17));
#11589=VECTOR('',#14805,0.25);
#11590=AXIS2_PLACEMENT_3D('',#14806,#14807,#14808);
#11591=CARTESIAN_POINT('',(4.72,-5.69,-4.99));
#11592=CARTESIAN_POINT('',(4.72,-5.69,-9.17));
#11593=VECTOR('',#14809,4.18);
#11594=CARTESIAN_POINT('',(4.85,-5.56,-4.99));
#11595=CARTESIAN_POINT('',(4.85,-5.56,-9.17));
#11596=VECTOR('',#14810,4.18);
#11597=AXIS2_PLACEMENT_3D('',#14811,#14812,#14813);
#11598=CARTESIAN_POINT('',(4.85,-5.31,-4.99));
#11599=VECTOR('',#14814,0.25);
#11600=CARTESIAN_POINT('',(4.72,-5.69,-4.99));
#11601=VECTOR('',#14815,0.39);
#11602=CARTESIAN_POINT('',(2.52,-5.69,-9.17));
#11603=CARTESIAN_POINT('',(2.13,-5.69,-9.17));
#11604=CARTESIAN_POINT('',(2.52,-5.69,-9.17));
#11605=VECTOR('',#14816,0.39);
#11606=CARTESIAN_POINT('',(2.13,-5.69,-15.7));
#11607=CARTESIAN_POINT('',(2.13,-5.69,-9.17));
#11608=VECTOR('',#14817,6.53);
#11609=CARTESIAN_POINT('',(2.52,-5.69,-15.7));
#11610=CARTESIAN_POINT('',(2.13,-5.69,-15.7));
#11611=VECTOR('',#14818,0.39);
#11612=CARTESIAN_POINT('',(2.52,-5.69,-15.7));
#11613=VECTOR('',#14819,6.53);
#11614=CARTESIAN_POINT('',(-2.13,-5.69,-9.17));
#11615=CARTESIAN_POINT('',(-2.52,-5.69,-9.17));
#11616=CARTESIAN_POINT('',(-2.13,-5.69,-9.17));
#11617=VECTOR('',#14820,0.39);
#11618=CARTESIAN_POINT('',(-2.52,-5.69,-15.7));
#11619=CARTESIAN_POINT('',(-2.52,-5.69,-9.17));
#11620=VECTOR('',#14821,6.53);
#11621=CARTESIAN_POINT('',(-2.13,-5.69,-15.7));
#11622=CARTESIAN_POINT('',(-2.52,-5.69,-15.7));
#11623=VECTOR('',#14822,0.39);
#11624=CARTESIAN_POINT('',(-2.13,-5.69,-15.7));
#11625=VECTOR('',#14823,6.53);
#11626=CARTESIAN_POINT('',(-4.33,-5.69,-4.99));
#11627=CARTESIAN_POINT('',(-4.72,-5.69,-4.99));
#11628=CARTESIAN_POINT('',(-4.33,-5.69,-4.99));
#11629=VECTOR('',#14824,0.39);
#11630=CARTESIAN_POINT('',(-4.72,-5.69,-9.17));
#11631=CARTESIAN_POINT('',(-4.72,-5.69,-4.99));
#11632=VECTOR('',#14825,4.18);
#11633=CARTESIAN_POINT('',(-4.33,-5.69,-9.17));
#11634=CARTESIAN_POINT('',(-4.72,-5.69,-9.17));
#11635=VECTOR('',#14826,0.39);
#11636=CARTESIAN_POINT('',(-4.33,-5.69,-9.17));
#11637=VECTOR('',#14827,4.18);
#11638=CARTESIAN_POINT('',(2.65,-5.56,-15.7));
#11639=AXIS2_PLACEMENT_3D('',#14828,#14829,#14830);
#11640=CARTESIAN_POINT('',(2.65,-5.56,-9.17));
#11641=CARTESIAN_POINT('',(2.65,-5.56,-15.7));
#11642=VECTOR('',#14831,6.53);
#11643=AXIS2_PLACEMENT_3D('',#14832,#14833,#14834);
#11644=CARTESIAN_POINT('',(2.65,-5.31,-9.17));
#11645=VECTOR('',#14835,0.25);
#11646=CARTESIAN_POINT('',(2.0,-5.56,-9.17));
#11647=CARTESIAN_POINT('',(2.0,-5.31,-9.17));
#11648=VECTOR('',#14836,0.25);
#11649=AXIS2_PLACEMENT_3D('',#14837,#14838,#14839);
#11650=CARTESIAN_POINT('',(2.0,-5.56,-15.7));
#11651=CARTESIAN_POINT('',(2.0,-5.56,-9.17));
#11652=VECTOR('',#14840,6.53);
#11653=AXIS2_PLACEMENT_3D('',#14841,#14842,#14843);
#11654=CARTESIAN_POINT('',(4.85,2.33,-15.7));
#11655=CARTESIAN_POINT('',(5.6,2.33,-15.7));
#11656=CARTESIAN_POINT('',(4.85,2.33,-15.7));
#11657=VECTOR('',#14844,0.75);
#11658=CARTESIAN_POINT('',(4.85,4.31,-15.7));
#11659=CARTESIAN_POINT('',(4.85,4.31,-15.7));
#11660=VECTOR('',#14845,1.98);
#11661=CARTESIAN_POINT('',(4.6,4.56,-15.7));
#11662=AXIS2_PLACEMENT_3D('',#14846,#14847,#14848);
#11663=CARTESIAN_POINT('',(-4.6,4.56,-15.7));
#11664=CARTESIAN_POINT('',(-4.6,4.56,-15.7));
#11665=VECTOR('',#14849,9.2);
#11666=CARTESIAN_POINT('',(-4.85,4.31,-15.7));
#11667=AXIS2_PLACEMENT_3D('',#14850,#14851,#14852);
#11668=CARTESIAN_POINT('',(-4.85,2.33,-15.7));
#11669=CARTESIAN_POINT('',(-4.85,2.33,-15.7));
#11670=VECTOR('',#14853,1.98);
#11671=CARTESIAN_POINT('',(-5.6,2.33,-15.7));
#11672=CARTESIAN_POINT('',(-5.6,2.33,-15.7));
#11673=VECTOR('',#14854,0.75);
#11674=CARTESIAN_POINT('',(-5.6,3.47,-15.7));
#11675=CARTESIAN_POINT('',(-5.6,2.33,-15.7));
#11676=VECTOR('',#14855,1.14);
#11677=CARTESIAN_POINT('',(-6.13,3.47,-15.7));
#11678=CARTESIAN_POINT('',(-6.13,3.47,-15.7));
#11679=VECTOR('',#14856,0.53);
#11680=CARTESIAN_POINT('',(-6.13,4.96,-15.7));
#11681=CARTESIAN_POINT('',(-6.13,4.96,-15.7));
#11682=VECTOR('',#14857,1.49);
#11683=CARTESIAN_POINT('',(-5.6,4.96,-15.7));
#11684=CARTESIAN_POINT('',(-5.6,4.96,-15.7));
#11685=VECTOR('',#14858,0.53);
#11686=CARTESIAN_POINT('',(-5.6,5.06,-15.7));
#11687=CARTESIAN_POINT('',(-5.6,4.96,-15.7));
#11688=VECTOR('',#14859,0.1);
#11689=CARTESIAN_POINT('',(-5.35,5.31,-15.7));
#11690=AXIS2_PLACEMENT_3D('',#14860,#14861,#14862);
#11691=CARTESIAN_POINT('',(5.35,5.31,-15.7));
#11692=CARTESIAN_POINT('',(-5.35,5.31,-15.7));
#11693=VECTOR('',#14863,10.7);
#11694=CARTESIAN_POINT('',(5.6,5.06,-15.7));
#11695=AXIS2_PLACEMENT_3D('',#14864,#14865,#14866);
#11696=CARTESIAN_POINT('',(5.6,4.96,-15.7));
#11697=CARTESIAN_POINT('',(5.6,5.06,-15.7));
#11698=VECTOR('',#14867,0.1);
#11699=CARTESIAN_POINT('',(6.13,4.96,-15.7));
#11700=CARTESIAN_POINT('',(6.13,4.96,-15.7));
#11701=VECTOR('',#14868,0.53);
#11702=CARTESIAN_POINT('',(6.13,3.47,-15.7));
#11703=CARTESIAN_POINT('',(6.13,3.47,-15.7));
#11704=VECTOR('',#14869,1.49);
#11705=CARTESIAN_POINT('',(5.6,3.47,-15.7));
#11706=CARTESIAN_POINT('',(5.6,3.47,-15.7));
#11707=VECTOR('',#14870,0.53);
#11708=CARTESIAN_POINT('',(5.6,3.47,-15.7));
#11709=VECTOR('',#14871,1.14);
#11710=CARTESIAN_POINT('',(2.0,-5.31,-15.7));
#11711=VECTOR('',#14872,0.25);
#11712=CARTESIAN_POINT('',(-2.0,-5.56,-15.7));
#11713=CARTESIAN_POINT('',(-2.0,-5.31,-15.7));
#11714=VECTOR('',#14873,0.25);
#11715=AXIS2_PLACEMENT_3D('',#14874,#14875,#14876);
#11716=CARTESIAN_POINT('',(-2.65,-5.56,-15.7));
#11717=AXIS2_PLACEMENT_3D('',#14877,#14878,#14879);
#11718=CARTESIAN_POINT('',(-2.65,-5.31,-15.7));
#11719=VECTOR('',#14880,0.25);
#11720=CARTESIAN_POINT('',(-5.6,-5.06,-15.7));
#11721=AXIS2_PLACEMENT_3D('',#14881,#14882,#14883);
#11722=CARTESIAN_POINT('',(-5.6,-4.96,-15.7));
#11723=CARTESIAN_POINT('',(-5.6,-5.06,-15.7));
#11724=VECTOR('',#14884,0.1);
#11725=CARTESIAN_POINT('',(-6.13,-4.96,-15.7));
#11726=CARTESIAN_POINT('',(-6.13,-4.96,-15.7));
#11727=VECTOR('',#14885,0.53);
#11728=CARTESIAN_POINT('',(-6.13,-3.47,-15.7));
#11729=CARTESIAN_POINT('',(-6.13,-3.47,-15.7));
#11730=VECTOR('',#14886,1.49);
#11731=CARTESIAN_POINT('',(-5.6,-3.47,-15.7));
#11732=CARTESIAN_POINT('',(-5.6,-3.47,-15.7));
#11733=VECTOR('',#14887,0.53);
#11734=CARTESIAN_POINT('',(-5.6,-1.22,-15.7));
#11735=CARTESIAN_POINT('',(-5.6,-3.47,-15.7));
#11736=VECTOR('',#14888,2.25);
#11737=CARTESIAN_POINT('',(-4.85,-1.22,-15.7));
#11738=CARTESIAN_POINT('',(-5.6,-1.22,-15.7));
#11739=VECTOR('',#14889,0.75);
#11740=CARTESIAN_POINT('',(-4.85,-4.31,-15.7));
#11741=CARTESIAN_POINT('',(-4.85,-4.31,-15.7));
#11742=VECTOR('',#14890,3.09);
#11743=CARTESIAN_POINT('',(-4.6,-4.56,-15.7));
#11744=AXIS2_PLACEMENT_3D('',#14891,#14892,#14893);
#11745=CARTESIAN_POINT('',(-2.4,-4.56,-15.7));
#11746=CARTESIAN_POINT('',(-2.4,-4.56,-15.7));
#11747=VECTOR('',#14894,2.2);
#11748=CARTESIAN_POINT('',(-2.4,-2.52,-15.7));
#11749=CARTESIAN_POINT('',(-2.4,-4.56,-15.7));
#11750=VECTOR('',#14895,2.04);
#11751=CARTESIAN_POINT('',(2.4,-2.52,-15.7));
#11752=CARTESIAN_POINT('',(-2.4,-2.52,-15.7));
#11753=VECTOR('',#14896,4.8);
#11754=CARTESIAN_POINT('',(2.4,-4.56,-15.7));
#11755=CARTESIAN_POINT('',(2.4,-4.56,-15.7));
#11756=VECTOR('',#14897,2.04);
#11757=CARTESIAN_POINT('',(4.6,-4.56,-15.7));
#11758=CARTESIAN_POINT('',(4.6,-4.56,-15.7));
#11759=VECTOR('',#14898,2.2);
#11760=CARTESIAN_POINT('',(4.85,-4.31,-15.7));
#11761=AXIS2_PLACEMENT_3D('',#14899,#14900,#14901);
#11762=CARTESIAN_POINT('',(4.85,-1.22,-15.7));
#11763=CARTESIAN_POINT('',(4.85,-1.22,-15.7));
#11764=VECTOR('',#14902,3.09);
#11765=CARTESIAN_POINT('',(5.6,-1.22,-15.7));
#11766=CARTESIAN_POINT('',(4.85,-1.22,-15.7));
#11767=VECTOR('',#14903,0.75);
#11768=CARTESIAN_POINT('',(5.6,-3.47,-15.7));
#11769=CARTESIAN_POINT('',(5.6,-1.22,-15.7));
#11770=VECTOR('',#14904,2.25);
#11771=CARTESIAN_POINT('',(6.13,-3.47,-15.7));
#11772=CARTESIAN_POINT('',(6.13,-3.47,-15.7));
#11773=VECTOR('',#14905,0.53);
#11774=CARTESIAN_POINT('',(6.13,-4.96,-15.7));
#11775=CARTESIAN_POINT('',(6.13,-4.96,-15.7));
#11776=VECTOR('',#14906,1.49);
#11777=CARTESIAN_POINT('',(5.6,-4.96,-15.7));
#11778=CARTESIAN_POINT('',(5.6,-4.96,-15.7));
#11779=VECTOR('',#14907,0.53);
#11780=CARTESIAN_POINT('',(5.6,-4.96,-15.7));
#11781=VECTOR('',#14908,0.1);
#11782=CARTESIAN_POINT('',(2.65,-5.31,-15.7));
#11783=VECTOR('',#14909,0.25);
#11784=CARTESIAN_POINT('',(5.6,2.033546278949,-12.20035716108));
#11785=CARTESIAN_POINT('',(5.6,2.283520767444,-12.44678573251));
#11786=AXIS2_PLACEMENT_3D('',#14910,#14911,#14912);
#11787=CARTESIAN_POINT('',(5.6,2.33,-15.7));
#11788=VECTOR('',#14913,3.253546278949);
#11789=CARTESIAN_POINT('',(5.6,3.47,-11.7));
#11790=CARTESIAN_POINT('',(5.6,3.47,-15.7));
#11791=VECTOR('',#14914,4.0);
#11792=CARTESIAN_POINT('',(5.6,4.96,-11.7));
#11793=CARTESIAN_POINT('',(5.6,3.47,-11.7));
#11794=VECTOR('',#14915,1.49);
#11795=CARTESIAN_POINT('',(5.6,4.96,-15.7));
#11796=VECTOR('',#14916,4.0);
#11797=CARTESIAN_POINT('',(5.6,5.06,-0.4));
#11798=VECTOR('',#14917,15.3);
#11799=CARTESIAN_POINT('',(5.6,1.45,-5.9));
#11800=CARTESIAN_POINT('',(5.6,1.45,-0.4));
#11801=VECTOR('',#14918,5.5);
#11802=CARTESIAN_POINT('',(5.6,-3.05,-5.9));
#11803=CARTESIAN_POINT('',(5.6,-3.05,-5.9));
#11804=VECTOR('',#14919,4.5);
#11805=CARTESIAN_POINT('',(5.6,-3.05,-0.4));
#11806=VECTOR('',#14920,5.5);
#11807=CARTESIAN_POINT('',(5.6,-4.932,-11.3));
#11808=VECTOR('',#14921,10.9);
#11809=CARTESIAN_POINT('',(5.6,-4.96,-11.7));
#11810=CARTESIAN_POINT('',(5.6,-4.96,-15.7));
#11811=VECTOR('',#14922,4.0);
#11812=CARTESIAN_POINT('',(5.6,-3.47,-11.7));
#11813=CARTESIAN_POINT('',(5.6,-4.96,-11.7));
#11814=VECTOR('',#14923,1.49);
#11815=CARTESIAN_POINT('',(5.6,-3.47,-15.7));
#11816=VECTOR('',#14924,4.0);
#11817=CARTESIAN_POINT('',(5.6,-1.173520767444,-12.44678573251));
#11818=CARTESIAN_POINT('',(5.6,-1.173520767444,-12.44678573251));
#11819=VECTOR('',#14925,3.253546278949);
#11820=CARTESIAN_POINT('',(5.6,-0.9235462789493,-12.20035716108));
#11821=AXIS2_PLACEMENT_3D('',#14926,#14927,#14928);
#11822=CARTESIAN_POINT('',(5.6,2.033546278949,-12.20035716108));
#11823=VECTOR('',#14929,2.957092557899);
#11824=CARTESIAN_POINT('',(5.6,-3.125,-8.0));
#11825=CARTESIAN_POINT('',(5.6,-1.875,-8.0));
#11826=CARTESIAN_POINT('',(5.6,-3.125,-8.0));
#11827=VECTOR('',#14930,1.25);
#11828=CARTESIAN_POINT('',(5.6,-1.875,-9.67));
#11829=CARTESIAN_POINT('',(5.6,-1.875,-8.0));
#11830=VECTOR('',#14931,1.67);
#11831=CARTESIAN_POINT('',(5.6,-3.125,-9.67));
#11832=CARTESIAN_POINT('',(5.6,-3.125,-9.67));
#11833=VECTOR('',#14932,1.25);
#11834=CARTESIAN_POINT('',(5.6,-3.125,-8.0));
#11835=VECTOR('',#14933,1.67);
#11836=CARTESIAN_POINT('',(5.6,1.875,-8.0));
#11837=CARTESIAN_POINT('',(5.6,3.125,-8.0));
#11838=CARTESIAN_POINT('',(5.6,1.875,-8.0));
#11839=VECTOR('',#14934,1.25);
#11840=CARTESIAN_POINT('',(5.6,3.125,-9.67));
#11841=CARTESIAN_POINT('',(5.6,3.125,-8.0));
#11842=VECTOR('',#14935,1.67);
#11843=CARTESIAN_POINT('',(5.6,1.875,-9.67));
#11844=CARTESIAN_POINT('',(5.6,1.875,-9.67));
#11845=VECTOR('',#14936,1.25);
#11846=CARTESIAN_POINT('',(5.6,1.875,-8.0));
#11847=VECTOR('',#14937,1.67);
#11848=CARTESIAN_POINT('',(-6.13,1.875,-9.17));
#11849=CARTESIAN_POINT('',(-5.6,1.875,-8.0));
#11850=CARTESIAN_POINT('',(-6.13,1.875,-9.17));
#11851=VECTOR('',#14938,1.284445405613);
#11852=CARTESIAN_POINT('',(-6.13,1.875,-9.67));
#11853=CARTESIAN_POINT('',(-6.13,1.875,-9.67));
#11854=VECTOR('',#14939,0.5);
#11855=CARTESIAN_POINT('',(-5.6,1.875,-9.67));
#11856=CARTESIAN_POINT('',(-5.6,1.875,-9.67));
#11857=VECTOR('',#14940,0.53);
#11858=CARTESIAN_POINT('',(-5.6,1.875,-8.0));
#11859=VECTOR('',#14941,1.67);
#11860=CARTESIAN_POINT('',(6.13,1.875,-9.67));
#11861=CARTESIAN_POINT('',(6.13,1.875,-9.67));
#11862=VECTOR('',#14942,0.53);
#11863=CARTESIAN_POINT('',(6.13,1.875,-9.17));
#11864=CARTESIAN_POINT('',(6.13,1.875,-9.17));
#11865=VECTOR('',#14943,0.5);
#11866=CARTESIAN_POINT('',(5.6,1.875,-8.0));
#11867=VECTOR('',#14944,1.284445405613);
#11868=CARTESIAN_POINT('',(-5.6,-0.9235462789493,-12.20035716108));
#11869=CARTESIAN_POINT('',(-5.6,-1.173520767444,-12.44678573251));
#11870=AXIS2_PLACEMENT_3D('',#14945,#14946,#14947);
#11871=CARTESIAN_POINT('',(-5.6,-1.173520767444,-12.44678573251));
#11872=VECTOR('',#14948,3.253546278949);
#11873=CARTESIAN_POINT('',(-5.6,-3.47,-11.7));
#11874=CARTESIAN_POINT('',(-5.6,-3.47,-15.7));
#11875=VECTOR('',#14949,4.0);
#11876=CARTESIAN_POINT('',(-5.6,-4.96,-11.7));
#11877=CARTESIAN_POINT('',(-5.6,-4.96,-11.7));
#11878=VECTOR('',#14950,1.49);
#11879=CARTESIAN_POINT('',(-5.6,-4.96,-15.7));
#11880=VECTOR('',#14951,4.0);
#11881=CARTESIAN_POINT('',(-5.6,-5.06,-11.3));
#11882=VECTOR('',#14952,4.4);
#11883=CARTESIAN_POINT('',(-5.6,-4.932,-11.3));
#11884=VECTOR('',#14953,10.9);
#11885=CARTESIAN_POINT('',(-5.6,-3.05,-5.9));
#11886=CARTESIAN_POINT('',(-5.6,-3.05,-0.4));
#11887=VECTOR('',#14954,5.5);
#11888=CARTESIAN_POINT('',(-5.6,1.45,-5.9));
#11889=CARTESIAN_POINT('',(-5.6,-3.05,-5.9));
#11890=VECTOR('',#14955,4.5);
#11891=CARTESIAN_POINT('',(-5.6,1.45,-0.4));
#11892=VECTOR('',#14956,5.5);
#11893=CARTESIAN_POINT('',(-5.6,5.06,-0.4));
#11894=VECTOR('',#14957,15.3);
#11895=CARTESIAN_POINT('',(-5.6,4.96,-11.7));
#11896=CARTESIAN_POINT('',(-5.6,4.96,-15.7));
#11897=VECTOR('',#14958,4.0);
#11898=CARTESIAN_POINT('',(-5.6,3.47,-11.7));
#11899=CARTESIAN_POINT('',(-5.6,3.47,-11.7));
#11900=VECTOR('',#14959,1.49);
#11901=CARTESIAN_POINT('',(-5.6,3.47,-15.7));
#11902=VECTOR('',#14960,4.0);
#11903=CARTESIAN_POINT('',(-5.6,2.283520767444,-12.44678573251));
#11904=CARTESIAN_POINT('',(-5.6,2.33,-15.7));
#11905=VECTOR('',#14961,3.253546278949);
#11906=CARTESIAN_POINT('',(-5.6,2.033546278949,-12.20035716108));
#11907=AXIS2_PLACEMENT_3D('',#14962,#14963,#14964);
#11908=CARTESIAN_POINT('',(-5.6,2.033546278949,-12.20035716108));
#11909=VECTOR('',#14965,2.957092557899);
#11910=CARTESIAN_POINT('',(-5.6,-3.125,-9.67));
#11911=CARTESIAN_POINT('',(-5.6,-1.875,-9.67));
#11912=CARTESIAN_POINT('',(-5.6,-3.125,-9.67));
#11913=VECTOR('',#14966,1.25);
#11914=CARTESIAN_POINT('',(-5.6,-1.875,-8.0));
#11915=CARTESIAN_POINT('',(-5.6,-1.875,-8.0));
#11916=VECTOR('',#14967,1.67);
#11917=CARTESIAN_POINT('',(-5.6,-3.125,-8.0));
#11918=CARTESIAN_POINT('',(-5.6,-3.125,-8.0));
#11919=VECTOR('',#14968,1.25);
#11920=CARTESIAN_POINT('',(-5.6,-3.125,-8.0));
#11921=VECTOR('',#14969,1.67);
#11922=CARTESIAN_POINT('',(-5.6,3.125,-9.67));
#11923=CARTESIAN_POINT('',(-5.6,1.875,-9.67));
#11924=VECTOR('',#14970,1.25);
#11925=CARTESIAN_POINT('',(-5.6,3.125,-8.0));
#11926=CARTESIAN_POINT('',(-5.6,3.125,-8.0));
#11927=VECTOR('',#14971,1.67);
#11928=CARTESIAN_POINT('',(-5.6,1.875,-8.0));
#11929=VECTOR('',#14972,1.25);
#11930=CARTESIAN_POINT('',(-6.13,3.125,-9.17));
#11931=CARTESIAN_POINT('',(-6.13,3.125,-9.17));
#11932=VECTOR('',#14973,1.284445405613);
#11933=CARTESIAN_POINT('',(-6.13,1.875,-9.17));
#11934=VECTOR('',#14974,1.25);
#11935=CARTESIAN_POINT('',(-6.13,3.125,-9.67));
#11936=CARTESIAN_POINT('',(-6.13,3.125,-9.67));
#11937=VECTOR('',#14975,0.5);
#11938=CARTESIAN_POINT('',(-6.13,1.875,-9.67));
#11939=VECTOR('',#14976,1.25);
#11940=CARTESIAN_POINT('',(-5.6,3.125,-9.67));
#11941=VECTOR('',#14977,0.53);
#11942=CARTESIAN_POINT('',(6.13,3.125,-9.17));
#11943=CARTESIAN_POINT('',(5.6,3.125,-8.0));
#11944=VECTOR('',#14978,1.284445405613);
#11945=CARTESIAN_POINT('',(6.13,3.125,-9.67));
#11946=CARTESIAN_POINT('',(6.13,3.125,-9.17));
#11947=VECTOR('',#14979,0.5);
#11948=CARTESIAN_POINT('',(6.13,3.125,-9.67));
#11949=VECTOR('',#14980,0.53);
#11950=CARTESIAN_POINT('',(6.13,1.875,-9.67));
#11951=VECTOR('',#14981,1.25);
#11952=CARTESIAN_POINT('',(6.13,1.875,-9.17));
#11953=VECTOR('',#14982,1.25);
#11954=CARTESIAN_POINT('',(-6.13,-3.125,-9.17));
#11955=CARTESIAN_POINT('',(-6.13,-3.125,-9.17));
#11956=VECTOR('',#14983,1.284445405613);
#11957=CARTESIAN_POINT('',(-6.13,-3.125,-9.67));
#11958=CARTESIAN_POINT('',(-6.13,-3.125,-9.67));
#11959=VECTOR('',#14984,0.5);
#11960=CARTESIAN_POINT('',(-5.6,-3.125,-9.67));
#11961=VECTOR('',#14985,0.53);
#11962=CARTESIAN_POINT('',(6.13,-3.125,-9.67));
#11963=CARTESIAN_POINT('',(6.13,-3.125,-9.67));
#11964=VECTOR('',#14986,0.53);
#11965=CARTESIAN_POINT('',(6.13,-3.125,-9.17));
#11966=CARTESIAN_POINT('',(6.13,-3.125,-9.17));
#11967=VECTOR('',#14987,0.5);
#11968=CARTESIAN_POINT('',(5.6,-3.125,-8.0));
#11969=VECTOR('',#14988,1.284445405613);
#11970=CARTESIAN_POINT('',(-6.13,-1.875,-9.67));
#11971=CARTESIAN_POINT('',(-6.13,-3.125,-9.67));
#11972=VECTOR('',#14989,1.25);
#11973=CARTESIAN_POINT('',(-5.6,-1.875,-9.67));
#11974=VECTOR('',#14990,0.53);
#11975=CARTESIAN_POINT('',(-6.13,-1.875,-9.17));
#11976=CARTESIAN_POINT('',(-6.13,-1.875,-9.67));
#11977=VECTOR('',#14991,0.5);
#11978=CARTESIAN_POINT('',(-6.13,-1.875,-9.17));
#11979=VECTOR('',#14992,1.284445405613);
#11980=CARTESIAN_POINT('',(6.13,-1.875,-9.17));
#11981=CARTESIAN_POINT('',(5.6,-1.875,-8.0));
#11982=VECTOR('',#14993,1.284445405613);
#11983=CARTESIAN_POINT('',(6.13,-1.875,-9.67));
#11984=CARTESIAN_POINT('',(6.13,-1.875,-9.17));
#11985=VECTOR('',#14994,0.5);
#11986=CARTESIAN_POINT('',(6.13,-1.875,-9.67));
#11987=VECTOR('',#14995,0.53);
#11988=CARTESIAN_POINT('',(-6.13,-3.125,-9.17));
#11989=VECTOR('',#14996,1.25);
#11990=CARTESIAN_POINT('',(6.13,-3.125,-9.67));
#11991=VECTOR('',#14997,1.25);
#11992=CARTESIAN_POINT('',(6.13,-3.125,-9.17));
#11993=VECTOR('',#14998,1.25);
#11994=CARTESIAN_POINT('',(-4.85,2.033546278949,-12.20035716108));
#11995=CARTESIAN_POINT('',(-4.85,2.033546278949,-12.20035716108));
#11996=VECTOR('',#14999,0.75);
#11997=CARTESIAN_POINT('',(-4.85,-0.9235462789493,-12.20035716108));
#11998=CARTESIAN_POINT('',(-4.85,2.033546278949,-12.20035716108));
#11999=VECTOR('',#15000,2.957092557899);
#12000=CARTESIAN_POINT('',(-4.85,-0.9235462789493,-12.20035716108));
#12001=VECTOR('',#15001,0.75);
#12002=CARTESIAN_POINT('',(4.85,-0.9235462789493,-12.20035716108));
#12003=CARTESIAN_POINT('',(5.6,-0.9235462789493,-12.20035716108));
#12004=VECTOR('',#15002,0.75);
#12005=CARTESIAN_POINT('',(4.85,2.033546278949,-12.20035716108));
#12006=CARTESIAN_POINT('',(4.85,2.033546278949,-12.20035716108));
#12007=VECTOR('',#15003,2.957092557899);
#12008=CARTESIAN_POINT('',(5.6,2.033546278949,-12.20035716108));
#12009=VECTOR('',#15004,0.75);
#12010=CARTESIAN_POINT('',(-4.85,-1.173520767444,-12.44678573251));
#12011=AXIS2_PLACEMENT_3D('',#15005,#15006,#15007);
#12012=CARTESIAN_POINT('',(-4.85,-1.173520767444,-12.44678573251));
#12013=VECTOR('',#15008,0.75);
#12014=CARTESIAN_POINT('',(-4.85,-1.173520767444,-12.44678573251));
#12015=VECTOR('',#15009,3.253546278949);
#12016=CARTESIAN_POINT('',(4.85,-1.173520767444,-12.44678573251));
#12017=CARTESIAN_POINT('',(4.85,-1.173520767444,-12.44678573251));
#12018=VECTOR('',#15010,3.253546278949);
#12019=CARTESIAN_POINT('',(5.6,-1.173520767444,-12.44678573251));
#12020=VECTOR('',#15011,0.75);
#12021=CARTESIAN_POINT('',(-4.85,4.31,-9.87));
#12022=CARTESIAN_POINT('',(-4.85,4.31,-15.7));
#12023=VECTOR('',#15012,5.83);
#12024=CARTESIAN_POINT('',(-4.85,-4.31,-9.87));
#12025=CARTESIAN_POINT('',(-4.85,-4.31,-9.87));
#12026=VECTOR('',#15013,8.62);
#12027=CARTESIAN_POINT('',(-4.85,-4.31,-15.7));
#12028=VECTOR('',#15014,5.83);
#12029=CARTESIAN_POINT('',(-4.85,2.283520767444,-12.44678573251));
#12030=AXIS2_PLACEMENT_3D('',#15015,#15016,#15017);
#12031=CARTESIAN_POINT('',(-4.85,2.33,-15.7));
#12032=VECTOR('',#15018,3.253546278949);
#12033=CARTESIAN_POINT('',(-4.85,2.283520767444,-12.44678573251));
#12034=VECTOR('',#15019,0.75);
#12035=CARTESIAN_POINT('',(4.85,2.283520767444,-12.44678573251));
#12036=CARTESIAN_POINT('',(4.85,2.33,-15.7));
#12037=VECTOR('',#15020,3.253546278949);
#12038=CARTESIAN_POINT('',(5.6,2.283520767444,-12.44678573251));
#12039=VECTOR('',#15021,0.75);
#12040=AXIS2_PLACEMENT_3D('',#15022,#15023,#15024);
#12041=CARTESIAN_POINT('',(4.85,-4.31,-9.87));
#12042=CARTESIAN_POINT('',(4.85,-4.31,-15.7));
#12043=VECTOR('',#15025,5.83);
#12044=CARTESIAN_POINT('',(4.85,4.31,-9.87));
#12045=CARTESIAN_POINT('',(4.85,4.31,-9.87));
#12046=VECTOR('',#15026,8.62);
#12047=CARTESIAN_POINT('',(4.85,4.31,-15.7));
#12048=VECTOR('',#15027,5.83);
#12049=AXIS2_PLACEMENT_3D('',#15028,#15029,#15030);
#12050=CARTESIAN_POINT('',(4.6,4.56,-9.87));
#12051=AXIS2_PLACEMENT_3D('',#15031,#15032,#15033);
#12052=CARTESIAN_POINT('',(4.6,4.56,-15.7));
#12053=VECTOR('',#15034,5.83);
#12054=CARTESIAN_POINT('',(-4.6,4.56,-9.87));
#12055=CARTESIAN_POINT('',(-4.6,4.56,-9.87));
#12056=VECTOR('',#15035,9.2);
#12057=CARTESIAN_POINT('',(-4.6,4.56,-15.7));
#12058=VECTOR('',#15036,5.83);
#12059=AXIS2_PLACEMENT_3D('',#15037,#15038,#15039);
#12060=CARTESIAN_POINT('',(-2.4,-4.56,-9.87));
#12061=CARTESIAN_POINT('',(-4.6,-4.56,-9.87));
#12062=CARTESIAN_POINT('',(-2.4,-4.56,-9.87));
#12063=VECTOR('',#15040,2.2);
#12064=AXIS2_PLACEMENT_3D('',#15041,#15042,#15043);
#12065=CARTESIAN_POINT('',(4.6,-4.56,-9.87));
#12066=AXIS2_PLACEMENT_3D('',#15044,#15045,#15046);
#12067=CARTESIAN_POINT('',(2.4,-4.56,-9.87));
#12068=CARTESIAN_POINT('',(4.6,-4.56,-9.87));
#12069=VECTOR('',#15047,2.2);
#12070=CARTESIAN_POINT('',(2.4,-2.52,-9.87));
#12071=CARTESIAN_POINT('',(2.4,-4.56,-9.87));
#12072=VECTOR('',#15048,2.04);
#12073=CARTESIAN_POINT('',(3.25,-2.52,-9.87));
#12074=CARTESIAN_POINT('',(3.25,-2.52,-9.87));
#12075=VECTOR('',#15049,0.85);
#12076=CARTESIAN_POINT('',(3.25,3.54,-9.87));
#12077=CARTESIAN_POINT('',(3.25,3.54,-9.87));
#12078=VECTOR('',#15050,6.06);
#12079=CARTESIAN_POINT('',(-3.25,3.54,-9.87));
#12080=CARTESIAN_POINT('',(-3.25,3.54,-9.87));
#12081=VECTOR('',#15051,6.5);
#12082=CARTESIAN_POINT('',(-3.25,-2.52,-9.87));
#12083=CARTESIAN_POINT('',(-3.25,-2.52,-9.87));
#12084=VECTOR('',#15052,6.06);
#12085=CARTESIAN_POINT('',(-2.4,-2.52,-9.87));
#12086=CARTESIAN_POINT('',(-2.4,-2.52,-9.87));
#12087=VECTOR('',#15053,0.85);
#12088=CARTESIAN_POINT('',(-2.4,-4.56,-9.87));
#12089=VECTOR('',#15054,2.04);
#12090=CARTESIAN_POINT('',(-2.4,-2.52,-12.34));
#12091=CARTESIAN_POINT('',(-2.4,-2.52,-9.87));
#12092=VECTOR('',#15055,2.47);
#12093=CARTESIAN_POINT('',(-2.4,-2.52,-15.7));
#12094=VECTOR('',#15056,3.36);
#12095=CARTESIAN_POINT('',(-2.4,-4.56,-9.87));
#12096=VECTOR('',#15057,5.83);
#12097=CARTESIAN_POINT('',(-4.6,-4.56,-15.7));
#12098=VECTOR('',#15058,5.83);
#12099=CARTESIAN_POINT('',(4.6,-4.56,-15.7));
#12100=VECTOR('',#15059,5.83);
#12101=CARTESIAN_POINT('',(2.4,-4.56,-9.87));
#12102=VECTOR('',#15060,5.83);
#12103=CARTESIAN_POINT('',(2.4,-2.52,-12.34));
#12104=CARTESIAN_POINT('',(2.4,-2.52,-15.7));
#12105=VECTOR('',#15061,3.36);
#12106=CARTESIAN_POINT('',(2.4,-2.52,-9.87));
#12107=VECTOR('',#15062,2.47);
#12108=CARTESIAN_POINT('',(-3.25,-2.52,-12.34));
#12109=CARTESIAN_POINT('',(-3.25,-2.52,-9.87));
#12110=VECTOR('',#15063,2.47);
#12111=CARTESIAN_POINT('',(-3.25,-2.52,-12.34));
#12112=VECTOR('',#15064,0.85);
#12113=CARTESIAN_POINT('',(3.25,-2.52,-12.34));
#12114=CARTESIAN_POINT('',(2.4,-2.52,-12.34));
#12115=VECTOR('',#15065,0.85);
#12116=CARTESIAN_POINT('',(3.25,-2.52,-9.87));
#12117=VECTOR('',#15066,2.47);
#12118=CARTESIAN_POINT('',(-3.25,3.54,-12.34));
#12119=CARTESIAN_POINT('',(-3.25,3.54,-12.34));
#12120=VECTOR('',#15067,6.06);
#12121=CARTESIAN_POINT('',(3.25,3.54,-12.34));
#12122=CARTESIAN_POINT('',(3.25,3.54,-12.34));
#12123=VECTOR('',#15068,6.5);
#12124=CARTESIAN_POINT('',(3.25,-2.52,-12.34));
#12125=VECTOR('',#15069,6.06);
#12126=CARTESIAN_POINT('',(-2.4,-2.52,-12.34));
#12127=VECTOR('',#15070,4.8);
#12128=CARTESIAN_POINT('',(0.95,-0.63,-12.34));
#12129=CARTESIAN_POINT('',(1.55,-0.63,-12.34));
#12130=CARTESIAN_POINT('',(0.95,-0.63,-12.34));
#12131=VECTOR('',#15071,0.6);
#12132=CARTESIAN_POINT('',(1.55,-0.38,-12.34));
#12133=CARTESIAN_POINT('',(1.55,-0.63,-12.34));
#12134=VECTOR('',#15072,0.25);
#12135=CARTESIAN_POINT('',(0.95,-0.38,-12.34));
#12136=CARTESIAN_POINT('',(0.95,-0.38,-12.34));
#12137=VECTOR('',#15073,0.6);
#12138=CARTESIAN_POINT('',(0.95,-0.63,-12.34));
#12139=VECTOR('',#15074,0.25);
#12140=CARTESIAN_POINT('',(0.95,0.38,-12.34));
#12141=CARTESIAN_POINT('',(1.55,0.38,-12.34));
#12142=CARTESIAN_POINT('',(0.95,0.38,-12.34));
#12143=VECTOR('',#15075,0.6);
#12144=CARTESIAN_POINT('',(1.55,0.63,-12.34));
#12145=CARTESIAN_POINT('',(1.55,0.38,-12.34));
#12146=VECTOR('',#15076,0.25);
#12147=CARTESIAN_POINT('',(0.95,0.63,-12.34));
#12148=CARTESIAN_POINT('',(0.95,0.63,-12.34));
#12149=VECTOR('',#15077,0.6);
#12150=CARTESIAN_POINT('',(0.95,0.38,-12.34));
#12151=VECTOR('',#15078,0.25);
#12152=CARTESIAN_POINT('',(-1.55,-0.63,-12.34));
#12153=CARTESIAN_POINT('',(-0.95,-0.63,-12.34));
#12154=CARTESIAN_POINT('',(-1.55,-0.63,-12.34));
#12155=VECTOR('',#15079,0.6);
#12156=CARTESIAN_POINT('',(-0.95,-0.38,-12.34));
#12157=CARTESIAN_POINT('',(-0.95,-0.63,-12.34));
#12158=VECTOR('',#15080,0.25);
#12159=CARTESIAN_POINT('',(-1.55,-0.38,-12.34));
#12160=CARTESIAN_POINT('',(-1.55,-0.38,-12.34));
#12161=VECTOR('',#15081,0.6);
#12162=CARTESIAN_POINT('',(-1.55,-0.63,-12.34));
#12163=VECTOR('',#15082,0.25);
#12164=CARTESIAN_POINT('',(-1.55,0.38,-12.34));
#12165=CARTESIAN_POINT('',(-0.95,0.38,-12.34));
#12166=CARTESIAN_POINT('',(-1.55,0.38,-12.34));
#12167=VECTOR('',#15083,0.6);
#12168=CARTESIAN_POINT('',(-0.95,0.63,-12.34));
#12169=CARTESIAN_POINT('',(-0.95,0.38,-12.34));
#12170=VECTOR('',#15084,0.25);
#12171=CARTESIAN_POINT('',(-1.55,0.63,-12.34));
#12172=CARTESIAN_POINT('',(-1.55,0.63,-12.34));
#12173=VECTOR('',#15085,0.6);
#12174=CARTESIAN_POINT('',(-1.55,0.38,-12.34));
#12175=VECTOR('',#15086,0.25);
#12176=CARTESIAN_POINT('',(0.95,-2.52,-13.105));
#12177=CARTESIAN_POINT('',(1.55,-2.52,-13.105));
#12178=CARTESIAN_POINT('',(0.95,-2.52,-13.105));
#12179=VECTOR('',#15087,0.6);
#12180=CARTESIAN_POINT('',(1.55,-2.52,-12.855));
#12181=CARTESIAN_POINT('',(1.55,-2.52,-12.855));
#12182=VECTOR('',#15088,0.25);
#12183=CARTESIAN_POINT('',(0.95,-2.52,-12.855));
#12184=CARTESIAN_POINT('',(0.95,-2.52,-12.855));
#12185=VECTOR('',#15089,0.6);
#12186=CARTESIAN_POINT('',(0.95,-2.52,-12.855));
#12187=VECTOR('',#15090,0.25);
#12188=CARTESIAN_POINT('',(0.95,-2.52,-15.105));
#12189=CARTESIAN_POINT('',(1.55,-2.52,-15.105));
#12190=CARTESIAN_POINT('',(0.95,-2.52,-15.105));
#12191=VECTOR('',#15091,0.6);
#12192=CARTESIAN_POINT('',(1.55,-2.52,-14.855));
#12193=CARTESIAN_POINT('',(1.55,-2.52,-14.855));
#12194=VECTOR('',#15092,0.25);
#12195=CARTESIAN_POINT('',(0.95,-2.52,-14.855));
#12196=CARTESIAN_POINT('',(0.95,-2.52,-14.855));
#12197=VECTOR('',#15093,0.6);
#12198=CARTESIAN_POINT('',(0.95,-2.52,-14.855));
#12199=VECTOR('',#15094,0.25);
#12200=CARTESIAN_POINT('',(-1.55,-2.52,-13.105));
#12201=CARTESIAN_POINT('',(-0.95,-2.52,-13.105));
#12202=CARTESIAN_POINT('',(-1.55,-2.52,-13.105));
#12203=VECTOR('',#15095,0.6);
#12204=CARTESIAN_POINT('',(-0.95,-2.52,-12.855));
#12205=CARTESIAN_POINT('',(-0.95,-2.52,-12.855));
#12206=VECTOR('',#15096,0.25);
#12207=CARTESIAN_POINT('',(-1.55,-2.52,-12.855));
#12208=CARTESIAN_POINT('',(-1.55,-2.52,-12.855));
#12209=VECTOR('',#15097,0.6);
#12210=CARTESIAN_POINT('',(-1.55,-2.52,-12.855));
#12211=VECTOR('',#15098,0.25);
#12212=CARTESIAN_POINT('',(-1.55,-2.52,-15.105));
#12213=CARTESIAN_POINT('',(-0.95,-2.52,-15.105));
#12214=CARTESIAN_POINT('',(-1.55,-2.52,-15.105));
#12215=VECTOR('',#15099,0.6);
#12216=CARTESIAN_POINT('',(-0.95,-2.52,-14.855));
#12217=CARTESIAN_POINT('',(-0.95,-2.52,-14.855));
#12218=VECTOR('',#15100,0.25);
#12219=CARTESIAN_POINT('',(-1.55,-2.52,-14.855));
#12220=CARTESIAN_POINT('',(-1.55,-2.52,-14.855));
#12221=VECTOR('',#15101,0.6);
#12222=CARTESIAN_POINT('',(-1.55,-2.52,-14.855));
#12223=VECTOR('',#15102,0.25);
#12224=CARTESIAN_POINT('',(0.95,-8.69,-13.105));
#12225=CARTESIAN_POINT('',(0.95,-8.69,-13.105));
#12226=VECTOR('',#15103,3.38);
#12227=CARTESIAN_POINT('',(0.95,-8.69,-12.855));
#12228=CARTESIAN_POINT('',(0.95,-8.69,-12.855));
#12229=VECTOR('',#15104,0.25);
#12230=CARTESIAN_POINT('',(0.95,-5.31,-12.855));
#12231=VECTOR('',#15105,3.38);
#12232=CARTESIAN_POINT('',(0.95,-8.69,-15.105));
#12233=CARTESIAN_POINT('',(0.95,-8.69,-15.105));
#12234=VECTOR('',#15106,3.38);
#12235=CARTESIAN_POINT('',(0.95,-8.69,-14.855));
#12236=CARTESIAN_POINT('',(0.95,-8.69,-14.855));
#12237=VECTOR('',#15107,0.25);
#12238=CARTESIAN_POINT('',(0.95,-5.31,-14.855));
#12239=VECTOR('',#15108,3.38);
#12240=CARTESIAN_POINT('',(0.95,-0.38,-12.605));
#12241=CARTESIAN_POINT('',(0.95,-0.38,-12.605));
#12242=VECTOR('',#15109,0.265);
#12243=CARTESIAN_POINT('',(0.95,-0.88,-13.105));
#12244=AXIS2_PLACEMENT_3D('',#15110,#15111,#15112);
#12245=CARTESIAN_POINT('',(0.95,-2.52,-13.105));
#12246=VECTOR('',#15113,1.64);
#12247=CARTESIAN_POINT('',(0.95,-0.88,-12.855));
#12248=CARTESIAN_POINT('',(0.95,-0.88,-12.855));
#12249=VECTOR('',#15114,1.64);
#12250=CARTESIAN_POINT('',(0.95,-0.63,-12.605));
#12251=AXIS2_PLACEMENT_3D('',#15115,#15116,#15117);
#12252=CARTESIAN_POINT('',(0.95,-0.63,-12.34));
#12253=VECTOR('',#15118,0.265);
#12254=CARTESIAN_POINT('',(0.95,0.63,-14.605));
#12255=CARTESIAN_POINT('',(0.95,0.63,-14.605));
#12256=VECTOR('',#15119,2.265);
#12257=CARTESIAN_POINT('',(0.95,0.13,-15.105));
#12258=AXIS2_PLACEMENT_3D('',#15120,#15121,#15122);
#12259=CARTESIAN_POINT('',(0.95,-2.52,-15.105));
#12260=VECTOR('',#15123,2.65);
#12261=CARTESIAN_POINT('',(0.95,0.13,-14.855));
#12262=CARTESIAN_POINT('',(0.95,0.13,-14.855));
#12263=VECTOR('',#15124,2.65);
#12264=CARTESIAN_POINT('',(0.95,0.38,-14.605));
#12265=AXIS2_PLACEMENT_3D('',#15125,#15126,#15127);
#12266=CARTESIAN_POINT('',(0.95,0.38,-12.34));
#12267=VECTOR('',#15128,2.265);
#12268=CARTESIAN_POINT('',(1.55,-8.69,-12.855));
#12269=CARTESIAN_POINT('',(0.95,-8.69,-12.855));
#12270=VECTOR('',#15129,0.6);
#12271=CARTESIAN_POINT('',(1.55,-5.31,-12.855));
#12272=VECTOR('',#15130,3.38);
#12273=CARTESIAN_POINT('',(1.55,-0.88,-12.855));
#12274=CARTESIAN_POINT('',(1.55,-0.88,-12.855));
#12275=VECTOR('',#15131,1.64);
#12276=CARTESIAN_POINT('',(0.95,-0.88,-12.855));
#12277=VECTOR('',#15132,0.6);
#12278=CARTESIAN_POINT('',(1.55,-8.69,-13.105));
#12279=CARTESIAN_POINT('',(1.55,-8.69,-12.855));
#12280=VECTOR('',#15133,0.25);
#12281=CARTESIAN_POINT('',(1.55,-8.69,-13.105));
#12282=VECTOR('',#15134,3.38);
#12283=CARTESIAN_POINT('',(1.55,-8.69,-14.855));
#12284=CARTESIAN_POINT('',(1.55,-5.31,-14.855));
#12285=VECTOR('',#15135,3.38);
#12286=CARTESIAN_POINT('',(1.55,-8.69,-15.105));
#12287=CARTESIAN_POINT('',(1.55,-8.69,-14.855));
#12288=VECTOR('',#15136,0.25);
#12289=CARTESIAN_POINT('',(1.55,-8.69,-15.105));
#12290=VECTOR('',#15137,3.38);
#12291=CARTESIAN_POINT('',(1.55,-0.63,-12.605));
#12292=CARTESIAN_POINT('',(1.55,-0.63,-12.34));
#12293=VECTOR('',#15138,0.265);
#12294=AXIS2_PLACEMENT_3D('',#15139,#15140,#15141);
#12295=CARTESIAN_POINT('',(1.55,-0.88,-13.105));
#12296=CARTESIAN_POINT('',(1.55,-2.52,-13.105));
#12297=VECTOR('',#15142,1.64);
#12298=CARTESIAN_POINT('',(1.55,-0.38,-12.605));
#12299=AXIS2_PLACEMENT_3D('',#15143,#15144,#15145);
#12300=CARTESIAN_POINT('',(1.55,-0.38,-12.605));
#12301=VECTOR('',#15146,0.265);
#12302=CARTESIAN_POINT('',(1.55,0.38,-14.605));
#12303=CARTESIAN_POINT('',(1.55,0.38,-12.34));
#12304=VECTOR('',#15147,2.265);
#12305=CARTESIAN_POINT('',(1.55,0.13,-14.855));
#12306=AXIS2_PLACEMENT_3D('',#15148,#15149,#15150);
#12307=CARTESIAN_POINT('',(1.55,0.13,-14.855));
#12308=VECTOR('',#15151,2.65);
#12309=CARTESIAN_POINT('',(1.55,0.13,-15.105));
#12310=CARTESIAN_POINT('',(1.55,-2.52,-15.105));
#12311=VECTOR('',#15152,2.65);
#12312=CARTESIAN_POINT('',(1.55,0.63,-14.605));
#12313=AXIS2_PLACEMENT_3D('',#15153,#15154,#15155);
#12314=CARTESIAN_POINT('',(1.55,0.63,-14.605));
#12315=VECTOR('',#15156,2.265);
#12316=CARTESIAN_POINT('',(0.95,-8.69,-13.105));
#12317=VECTOR('',#15157,0.6);
#12318=CARTESIAN_POINT('',(0.95,-0.88,-13.105));
#12319=VECTOR('',#15158,0.6);
#12320=CARTESIAN_POINT('',(0.95,-0.38,-12.605));
#12321=VECTOR('',#15159,0.6);
#12322=CARTESIAN_POINT('',(0.95,-8.69,-15.105));
#12323=VECTOR('',#15160,0.6);
#12324=CARTESIAN_POINT('',(0.95,0.13,-15.105));
#12325=VECTOR('',#15161,0.6);
#12326=CARTESIAN_POINT('',(0.95,-8.69,-14.855));
#12327=VECTOR('',#15162,0.6);
#12328=CARTESIAN_POINT('',(0.95,0.13,-14.855));
#12329=VECTOR('',#15163,0.6);
#12330=CARTESIAN_POINT('',(0.95,0.38,-14.605));
#12331=VECTOR('',#15164,0.6);
#12332=CARTESIAN_POINT('',(0.95,0.63,-14.605));
#12333=VECTOR('',#15165,0.6);
#12334=CARTESIAN_POINT('',(0.95,-0.63,-12.605));
#12335=VECTOR('',#15166,0.6);
#12336=CARTESIAN_POINT('',(-1.55,-8.69,-13.105));
#12337=CARTESIAN_POINT('',(-1.55,-8.69,-13.105));
#12338=VECTOR('',#15167,3.38);
#12339=CARTESIAN_POINT('',(-1.55,-8.69,-12.855));
#12340=CARTESIAN_POINT('',(-1.55,-8.69,-12.855));
#12341=VECTOR('',#15168,0.25);
#12342=CARTESIAN_POINT('',(-1.55,-5.31,-12.855));
#12343=VECTOR('',#15169,3.38);
#12344=CARTESIAN_POINT('',(-1.55,-8.69,-15.105));
#12345=CARTESIAN_POINT('',(-1.55,-8.69,-15.105));
#12346=VECTOR('',#15170,3.38);
#12347=CARTESIAN_POINT('',(-1.55,-8.69,-14.855));
#12348=CARTESIAN_POINT('',(-1.55,-8.69,-14.855));
#12349=VECTOR('',#15171,0.25);
#12350=CARTESIAN_POINT('',(-1.55,-5.31,-14.855));
#12351=VECTOR('',#15172,3.38);
#12352=CARTESIAN_POINT('',(-1.55,0.38,-14.605));
#12353=CARTESIAN_POINT('',(-1.55,0.13,-14.855));
#12354=AXIS2_PLACEMENT_3D('',#15173,#15174,#15175);
#12355=CARTESIAN_POINT('',(-1.55,0.38,-12.34));
#12356=VECTOR('',#15176,2.265);
#12357=CARTESIAN_POINT('',(-1.55,0.63,-14.605));
#12358=CARTESIAN_POINT('',(-1.55,0.63,-14.605));
#12359=VECTOR('',#15177,2.265);
#12360=CARTESIAN_POINT('',(-1.55,0.13,-15.105));
#12361=AXIS2_PLACEMENT_3D('',#15178,#15179,#15180);
#12362=CARTESIAN_POINT('',(-1.55,-2.52,-15.105));
#12363=VECTOR('',#15181,2.65);
#12364=CARTESIAN_POINT('',(-1.55,0.13,-14.855));
#12365=VECTOR('',#15182,2.65);
#12366=CARTESIAN_POINT('',(-1.55,-0.63,-12.605));
#12367=CARTESIAN_POINT('',(-1.55,-0.88,-12.855));
#12368=AXIS2_PLACEMENT_3D('',#15183,#15184,#15185);
#12369=CARTESIAN_POINT('',(-1.55,-0.63,-12.34));
#12370=VECTOR('',#15186,0.265);
#12371=CARTESIAN_POINT('',(-1.55,-0.38,-12.605));
#12372=CARTESIAN_POINT('',(-1.55,-0.38,-12.605));
#12373=VECTOR('',#15187,0.265);
#12374=CARTESIAN_POINT('',(-1.55,-0.88,-13.105));
#12375=AXIS2_PLACEMENT_3D('',#15188,#15189,#15190);
#12376=CARTESIAN_POINT('',(-1.55,-2.52,-13.105));
#12377=VECTOR('',#15191,1.64);
#12378=CARTESIAN_POINT('',(-1.55,-0.88,-12.855));
#12379=VECTOR('',#15192,1.64);
#12380=CARTESIAN_POINT('',(-0.95,-8.69,-12.855));
#12381=CARTESIAN_POINT('',(-1.55,-8.69,-12.855));
#12382=VECTOR('',#15193,0.6);
#12383=CARTESIAN_POINT('',(-0.95,-5.31,-12.855));
#12384=VECTOR('',#15194,3.38);
#12385=CARTESIAN_POINT('',(-0.95,-0.88,-12.855));
#12386=CARTESIAN_POINT('',(-0.95,-0.88,-12.855));
#12387=VECTOR('',#15195,1.64);
#12388=CARTESIAN_POINT('',(-1.55,-0.88,-12.855));
#12389=VECTOR('',#15196,0.6);
#12390=CARTESIAN_POINT('',(-0.95,-8.69,-13.105));
#12391=CARTESIAN_POINT('',(-0.95,-8.69,-12.855));
#12392=VECTOR('',#15197,0.25);
#12393=CARTESIAN_POINT('',(-0.95,-8.69,-13.105));
#12394=VECTOR('',#15198,3.38);
#12395=CARTESIAN_POINT('',(-0.95,-8.69,-14.855));
#12396=CARTESIAN_POINT('',(-0.95,-5.31,-14.855));
#12397=VECTOR('',#15199,3.38);
#12398=CARTESIAN_POINT('',(-0.95,-8.69,-15.105));
#12399=CARTESIAN_POINT('',(-0.95,-8.69,-14.855));
#12400=VECTOR('',#15200,0.25);
#12401=CARTESIAN_POINT('',(-0.95,-8.69,-15.105));
#12402=VECTOR('',#15201,3.38);
#12403=CARTESIAN_POINT('',(-0.95,0.13,-15.105));
#12404=CARTESIAN_POINT('',(-0.95,-2.52,-15.105));
#12405=VECTOR('',#15202,2.65);
#12406=CARTESIAN_POINT('',(-0.95,0.63,-14.605));
#12407=AXIS2_PLACEMENT_3D('',#15203,#15204,#15205);
#12408=CARTESIAN_POINT('',(-0.95,0.63,-14.605));
#12409=VECTOR('',#15206,2.265);
#12410=CARTESIAN_POINT('',(-0.95,0.38,-14.605));
#12411=CARTESIAN_POINT('',(-0.95,0.38,-12.34));
#12412=VECTOR('',#15207,2.265);
#12413=CARTESIAN_POINT('',(-0.95,0.13,-14.855));
#12414=AXIS2_PLACEMENT_3D('',#15208,#15209,#15210);
#12415=CARTESIAN_POINT('',(-0.95,0.13,-14.855));
#12416=VECTOR('',#15211,2.65);
#12417=CARTESIAN_POINT('',(-0.95,-0.88,-13.105));
#12418=CARTESIAN_POINT('',(-0.95,-2.52,-13.105));
#12419=VECTOR('',#15212,1.64);
#12420=CARTESIAN_POINT('',(-0.95,-0.38,-12.605));
#12421=AXIS2_PLACEMENT_3D('',#15213,#15214,#15215);
#12422=CARTESIAN_POINT('',(-0.95,-0.38,-12.605));
#12423=VECTOR('',#15216,0.265);
#12424=CARTESIAN_POINT('',(-0.95,-0.63,-12.605));
#12425=CARTESIAN_POINT('',(-0.95,-0.63,-12.34));
#12426=VECTOR('',#15217,0.265);
#12427=AXIS2_PLACEMENT_3D('',#15218,#15219,#15220);
#12428=CARTESIAN_POINT('',(-1.55,-8.69,-13.105));
#12429=VECTOR('',#15221,0.6);
#12430=CARTESIAN_POINT('',(-1.55,-0.88,-13.105));
#12431=VECTOR('',#15222,0.6);
#12432=CARTESIAN_POINT('',(-1.55,-0.38,-12.605));
#12433=VECTOR('',#15223,0.6);
#12434=CARTESIAN_POINT('',(-1.55,-8.69,-15.105));
#12435=VECTOR('',#15224,0.6);
#12436=CARTESIAN_POINT('',(-1.55,0.13,-15.105));
#12437=VECTOR('',#15225,0.6);
#12438=CARTESIAN_POINT('',(-1.55,-8.69,-14.855));
#12439=VECTOR('',#15226,0.6);
#12440=CARTESIAN_POINT('',(-1.55,0.13,-14.855));
#12441=VECTOR('',#15227,0.6);
#12442=CARTESIAN_POINT('',(-1.55,0.38,-14.605));
#12443=VECTOR('',#15228,0.6);
#12444=CARTESIAN_POINT('',(-1.55,0.63,-14.605));
#12445=VECTOR('',#15229,0.6);
#12446=CARTESIAN_POINT('',(-1.55,-0.63,-12.605));
#12447=VECTOR('',#15230,0.6);
#12448=CARTESIAN_POINT('',(3.25,3.54,-9.87));
#12449=VECTOR('',#15231,2.47);
#12450=CARTESIAN_POINT('',(-3.25,3.54,-9.87));
#12451=VECTOR('',#15232,2.47);
#12452=CARTESIAN_POINT('',(-6.13,3.47,-11.7));
#12453=CARTESIAN_POINT('',(-6.13,3.47,-11.7));
#12454=VECTOR('',#15233,0.53);
#12455=CARTESIAN_POINT('',(-6.13,3.47,-11.7));
#12456=VECTOR('',#15234,4.0);
#12457=CARTESIAN_POINT('',(-6.13,4.96,-11.7));
#12458=CARTESIAN_POINT('',(-6.13,4.96,-11.7));
#12459=VECTOR('',#15235,4.0);
#12460=CARTESIAN_POINT('',(-6.13,4.96,-11.7));
#12461=VECTOR('',#15236,1.49);
#12462=CARTESIAN_POINT('',(-6.13,-3.47,-11.7));
#12463=CARTESIAN_POINT('',(-5.6,-3.47,-11.7));
#12464=VECTOR('',#15237,0.53);
#12465=CARTESIAN_POINT('',(-6.13,-4.96,-11.7));
#12466=CARTESIAN_POINT('',(-6.13,-3.47,-11.7));
#12467=VECTOR('',#15238,1.49);
#12468=CARTESIAN_POINT('',(-6.13,-4.96,-11.7));
#12469=VECTOR('',#15239,0.53);
#12470=CARTESIAN_POINT('',(6.13,-4.96,-11.7));
#12471=CARTESIAN_POINT('',(5.6,-4.96,-11.7));
#12472=VECTOR('',#15240,0.53);
#12473=CARTESIAN_POINT('',(6.13,-3.47,-11.7));
#12474=CARTESIAN_POINT('',(6.13,-4.96,-11.7));
#12475=VECTOR('',#15241,1.49);
#12476=CARTESIAN_POINT('',(6.13,-3.47,-11.7));
#12477=VECTOR('',#15242,0.53);
#12478=CARTESIAN_POINT('',(-5.6,4.96,-11.7));
#12479=VECTOR('',#15243,0.53);
#12480=CARTESIAN_POINT('',(6.13,3.47,-11.7));
#12481=CARTESIAN_POINT('',(5.6,3.47,-11.7));
#12482=VECTOR('',#15244,0.53);
#12483=CARTESIAN_POINT('',(6.13,4.96,-11.7));
#12484=CARTESIAN_POINT('',(6.13,3.47,-11.7));
#12485=VECTOR('',#15245,1.49);
#12486=CARTESIAN_POINT('',(6.13,4.96,-11.7));
#12487=VECTOR('',#15246,0.53);
#12488=CARTESIAN_POINT('',(-6.13,-4.96,-11.7));
#12489=VECTOR('',#15247,4.0);
#12490=CARTESIAN_POINT('',(-6.13,-3.47,-11.7));
#12491=VECTOR('',#15248,4.0);
#12492=CARTESIAN_POINT('',(6.13,-3.47,-11.7));
#12493=VECTOR('',#15249,4.0);
#12494=CARTESIAN_POINT('',(6.13,-4.96,-11.7));
#12495=VECTOR('',#15250,4.0);
#12496=CARTESIAN_POINT('',(6.13,4.96,-11.7));
#12497=VECTOR('',#15251,4.0);
#12498=CARTESIAN_POINT('',(6.13,3.47,-11.7));
#12499=VECTOR('',#15252,4.0);
#12500=CARTESIAN_POINT('',(-5.35,5.31,-0.4));
#12501=VECTOR('',#15253,15.3);
#12502=CARTESIAN_POINT('',(5.35,5.31,-0.4));
#12503=VECTOR('',#15254,15.3);
#12504=CARTESIAN_POINT('',(-4.225,1.45,-8.87));
#12505=CARTESIAN_POINT('',(-4.845,1.45,-8.87));
#12506=CARTESIAN_POINT('',(-4.225,1.45,-8.87));
#12507=VECTOR('',#15255,0.62);
#12508=CARTESIAN_POINT('',(-4.225,1.45,-0.4));
#12509=VECTOR('',#15256,8.47);
#12510=CARTESIAN_POINT('',(-4.845,1.45,-5.9));
#12511=CARTESIAN_POINT('',(-4.845,1.45,-5.9));
#12512=VECTOR('',#15257,0.755);
#12513=CARTESIAN_POINT('',(-4.845,1.45,-5.9));
#12514=VECTOR('',#15258,2.97);
#12515=CARTESIAN_POINT('',(-4.845,-3.05,-5.9));
#12516=CARTESIAN_POINT('',(-4.845,-3.05,-8.87));
#12517=CARTESIAN_POINT('',(-4.845,-3.05,-5.9));
#12518=VECTOR('',#15259,2.97);
#12519=CARTESIAN_POINT('',(-4.845,1.45,-8.87));
#12520=VECTOR('',#15260,4.5);
#12521=CARTESIAN_POINT('',(-4.845,1.45,-5.9));
#12522=VECTOR('',#15261,4.5);
#12523=CARTESIAN_POINT('',(-5.6,-3.05,-5.9));
#12524=VECTOR('',#15262,0.755);
#12525=CARTESIAN_POINT('',(4.845,1.45,-5.9));
#12526=CARTESIAN_POINT('',(5.6,1.45,-5.9));
#12527=VECTOR('',#15263,0.755);
#12528=CARTESIAN_POINT('',(4.845,-3.05,-5.9));
#12529=CARTESIAN_POINT('',(4.845,-3.05,-5.9));
#12530=VECTOR('',#15264,4.5);
#12531=CARTESIAN_POINT('',(4.845,-3.05,-5.9));
#12532=VECTOR('',#15265,0.755);
#12533=CARTESIAN_POINT('',(-4.225,-3.05,-8.87));
#12534=CARTESIAN_POINT('',(-4.225,-3.05,-0.4));
#12535=VECTOR('',#15266,8.47);
#12536=CARTESIAN_POINT('',(-4.845,-3.05,-8.87));
#12537=VECTOR('',#15267,0.62);
#12538=CARTESIAN_POINT('',(4.113700576851,2.371299423149,-8.87));
#12539=CARTESIAN_POINT('',(2.706299423149,3.778700576851,-8.87));
#12540=CARTESIAN_POINT('',(4.113700576851,2.371299423149,-8.87));
#12541=VECTOR('',#15268,1.990365799265);
#12542=CARTESIAN_POINT('',(2.437598846298,3.89,-8.87));
#12543=AXIS2_PLACEMENT_3D('',#15269,#15270,#15271);
#12544=CARTESIAN_POINT('',(-2.439662314071,3.89,-8.87));
#12545=CARTESIAN_POINT('',(2.437598846298,3.89,-8.87));
#12546=VECTOR('',#15272,4.87726116037);
#12547=CARTESIAN_POINT('',(-2.705855738514,3.781184551151,-8.87));
#12548=AXIS2_PLACEMENT_3D('',#15273,#15274,#15275);
#12549=CARTESIAN_POINT('',(-4.111193424443,2.401711976007,-8.87));
#12550=CARTESIAN_POINT('',(-2.705855738514,3.781184551151,-8.87));
#12551=VECTOR('',#15276,1.969243153363);
#12552=CARTESIAN_POINT('',(-4.225,2.130527424855,-8.87));
#12553=AXIS2_PLACEMENT_3D('',#15277,#15278,#15279);
#12554=CARTESIAN_POINT('',(-4.225,2.130527424855,-8.87));
#12555=VECTOR('',#15280,0.6805274248552);
#12556=CARTESIAN_POINT('',(-4.225,-3.51,-8.87));
#12557=CARTESIAN_POINT('',(-4.225,-3.05,-8.87));
#12558=VECTOR('',#15281,0.46);
#12559=CARTESIAN_POINT('',(-3.845,-3.89,-8.87));
#12560=AXIS2_PLACEMENT_3D('',#15282,#15283,#15284);
#12561=CARTESIAN_POINT('',(3.845,-3.89,-8.87));
#12562=CARTESIAN_POINT('',(-3.845,-3.89,-8.87));
#12563=VECTOR('',#15285,7.69);
#12564=CARTESIAN_POINT('',(4.225,-3.51,-8.87));
#12565=AXIS2_PLACEMENT_3D('',#15286,#15287,#15288);
#12566=CARTESIAN_POINT('',(4.225,-3.05,-8.87));
#12567=CARTESIAN_POINT('',(4.225,-3.51,-8.87));
#12568=VECTOR('',#15289,0.46);
#12569=CARTESIAN_POINT('',(4.845,-3.05,-8.87));
#12570=CARTESIAN_POINT('',(4.225,-3.05,-8.87));
#12571=VECTOR('',#15290,0.62);
#12572=CARTESIAN_POINT('',(4.845,1.45,-8.87));
#12573=CARTESIAN_POINT('',(4.845,-3.05,-8.87));
#12574=VECTOR('',#15291,4.5);
#12575=CARTESIAN_POINT('',(4.225,1.45,-8.87));
#12576=CARTESIAN_POINT('',(4.845,1.45,-8.87));
#12577=VECTOR('',#15292,0.62);
#12578=CARTESIAN_POINT('',(4.225,2.102598846298,-8.87));
#12579=CARTESIAN_POINT('',(4.225,1.45,-8.87));
#12580=VECTOR('',#15293,0.6525988462982);
#12581=AXIS2_PLACEMENT_3D('',#15294,#15295,#15296);
#12582=CARTESIAN_POINT('',(-2.5,-1.59,-8.87));
#12583=CARTESIAN_POINT('',(-2.8,-1.29,-8.87));
#12584=AXIS2_PLACEMENT_3D('',#15297,#15298,#15299);
#12585=CARTESIAN_POINT('',(-2.8,-0.115,-8.87));
#12586=VECTOR('',#15300,1.175);
#12587=CARTESIAN_POINT('',(-2.8,0.115,-8.87));
#12588=AXIS2_PLACEMENT_3D('',#15301,#15302,#15303);
#12589=CARTESIAN_POINT('',(-2.8,1.29,-8.87));
#12590=CARTESIAN_POINT('',(-2.8,1.29,-8.87));
#12591=VECTOR('',#15304,1.175);
#12592=CARTESIAN_POINT('',(-2.5,1.59,-8.87));
#12593=AXIS2_PLACEMENT_3D('',#15305,#15306,#15307);
#12594=CARTESIAN_POINT('',(2.5,1.59,-8.87));
#12595=CARTESIAN_POINT('',(2.5,1.59,-8.87));
#12596=VECTOR('',#15308,5.0);
#12597=CARTESIAN_POINT('',(2.8,1.29,-8.87));
#12598=AXIS2_PLACEMENT_3D('',#15309,#15310,#15311);
#12599=CARTESIAN_POINT('',(2.8,0.115,-8.87));
#12600=CARTESIAN_POINT('',(2.8,0.115,-8.87));
#12601=VECTOR('',#15312,1.175);
#12602=AXIS2_PLACEMENT_3D('',#15313,#15314,#15315);
#12603=CARTESIAN_POINT('',(2.8,-1.29,-8.87));
#12604=CARTESIAN_POINT('',(2.8,-1.29,-8.87));
#12605=VECTOR('',#15316,1.175);
#12606=CARTESIAN_POINT('',(2.5,-1.59,-8.87));
#12607=AXIS2_PLACEMENT_3D('',#15317,#15318,#15319);
#12608=CARTESIAN_POINT('',(-2.5,-1.59,-8.87));
#12609=VECTOR('',#15320,5.0);
#12610=CARTESIAN_POINT('',(-2.5,-1.59,-1.158179306876));
#12611=CARTESIAN_POINT('',(2.5,-1.59,-1.158179306876));
#12612=CARTESIAN_POINT('',(-2.5,-1.59,-1.158179306876));
#12613=VECTOR('',#15321,5.0);
#12614=CARTESIAN_POINT('',(-2.5,-1.59,-1.158179306876));
#12615=VECTOR('',#15322,7.711820693124);
#12616=CARTESIAN_POINT('',(2.5,-1.59,-1.158179306876));
#12617=VECTOR('',#15323,7.711820693124);
#12618=CARTESIAN_POINT('',(0.75,-1.59,-2.763846684019));
#12619=CARTESIAN_POINT('',(1.75,-1.59,-2.763846684019));
#12620=CARTESIAN_POINT('',(0.75,-1.59,-2.763846684019));
#12621=VECTOR('',#15324,1.0);
#12622=CARTESIAN_POINT('',(1.75,-1.59,-5.904318100337));
#12623=CARTESIAN_POINT('',(1.75,-1.59,-5.904318100337));
#12624=VECTOR('',#15325,3.140471416318);
#12625=CARTESIAN_POINT('',(0.75,-1.59,-5.904318100337));
#12626=CARTESIAN_POINT('',(0.75,-1.59,-5.904318100337));
#12627=VECTOR('',#15326,1.0);
#12628=CARTESIAN_POINT('',(0.75,-1.59,-5.904318100337));
#12629=VECTOR('',#15327,3.140471416318);
#12630=CARTESIAN_POINT('',(-1.75,-1.59,-2.763846684019));
#12631=CARTESIAN_POINT('',(-0.75,-1.59,-2.763846684019));
#12632=CARTESIAN_POINT('',(-1.75,-1.59,-2.763846684019));
#12633=VECTOR('',#15328,1.0);
#12634=CARTESIAN_POINT('',(-0.75,-1.59,-5.904318100337));
#12635=CARTESIAN_POINT('',(-0.75,-1.59,-5.904318100337));
#12636=VECTOR('',#15329,3.140471416318);
#12637=CARTESIAN_POINT('',(-1.75,-1.59,-5.904318100337));
#12638=CARTESIAN_POINT('',(-1.75,-1.59,-5.904318100337));
#12639=VECTOR('',#15330,1.0);
#12640=CARTESIAN_POINT('',(-1.75,-1.59,-5.904318100337));
#12641=VECTOR('',#15331,3.140471416318);
#12642=CARTESIAN_POINT('',(2.643469899494,-1.553469899494,-1.094907316794));
#12643=CARTESIAN_POINT('',(2.8,-1.29,-1.366025403784));
#12644=CARTESIAN_POINT('',(2.643469899494,-1.553469899494,-1.094907316794));
#12645=CARTESIAN_POINT('',(2.683889307492,-1.531459914997,-1.164915785059));
#12646=CARTESIAN_POINT('',(2.736505170149,-1.486198563487,-1.256049132464));
#12647=CARTESIAN_POINT('',(2.785448488788,-1.393433797307,-1.340821447039));
#12648=CARTESIAN_POINT('',(2.8,-1.331890791319,-1.366025403784));
#12649=CARTESIAN_POINT('',(2.8,-1.29,-1.366025403784));
#12650=CARTESIAN_POINT('',(2.5,-1.59,-1.158179306876));
#12651=CARTESIAN_POINT('',(2.558524256057,-1.59,-1.158179306876));
#12652=CARTESIAN_POINT('',(2.603887568954,-1.57502406183,-1.132240221074));
#12653=CARTESIAN_POINT('',(2.643469899494,-1.553469899494,-1.094907316794));
#12654=CARTESIAN_POINT('',(2.8,-1.29,-1.366025403784));
#12655=VECTOR('',#15332,7.503974596216);
#12656=CARTESIAN_POINT('',(2.8,0.115,-1.366025403784));
#12657=CARTESIAN_POINT('',(2.8,1.29,-1.366025403784));
#12658=CARTESIAN_POINT('',(2.8,0.115,-1.366025403784));
#12659=VECTOR('',#15333,1.175);
#12660=CARTESIAN_POINT('',(2.8,0.115,-1.366025403784));
#12661=VECTOR('',#15334,7.503974596216);
#12662=CARTESIAN_POINT('',(2.8,1.29,-1.366025403784));
#12663=VECTOR('',#15335,7.503974596216);
#12664=CARTESIAN_POINT('',(2.8,-1.29,-1.366025403784));
#12665=VECTOR('',#15336,1.175);
#12666=CARTESIAN_POINT('',(2.643469899494,1.553469899494,-1.094907316794));
#12667=CARTESIAN_POINT('',(2.5,1.59,-1.158179306876));
#12668=CARTESIAN_POINT('',(2.643469899494,1.553469899494,-1.094907316794));
#12669=CARTESIAN_POINT('',(2.603887568954,1.57502406183,-1.132240221074));
#12670=CARTESIAN_POINT('',(2.558524256057,1.59,-1.158179306876));
#12671=CARTESIAN_POINT('',(2.5,1.59,-1.158179306876));
#12672=CARTESIAN_POINT('',(2.8,1.29,-1.366025403784));
#12673=CARTESIAN_POINT('',(2.8,1.331890791319,-1.366025403784));
#12674=CARTESIAN_POINT('',(2.785448488788,1.393433797307,-1.340821447039));
#12675=CARTESIAN_POINT('',(2.736505170149,1.486198563487,-1.256049132464));
#12676=CARTESIAN_POINT('',(2.683889307492,1.531459914997,-1.164915785059));
#12677=CARTESIAN_POINT('',(2.643469899494,1.553469899494,-1.094907316794));
#12678=CARTESIAN_POINT('',(2.5,1.59,-1.158179306876));
#12679=VECTOR('',#15337,7.711820693124);
#12680=CARTESIAN_POINT('',(-2.5,1.59,-1.158179306876));
#12681=CARTESIAN_POINT('',(-2.5,1.59,-1.158179306876));
#12682=VECTOR('',#15338,7.711820693124);
#12683=CARTESIAN_POINT('',(2.5,1.59,-1.158179306876));
#12684=VECTOR('',#15339,5.0);
#12685=CARTESIAN_POINT('',(0.75,1.59,-5.904318100337));
#12686=CARTESIAN_POINT('',(1.75,1.59,-5.904318100337));
#12687=CARTESIAN_POINT('',(0.75,1.59,-5.904318100337));
#12688=VECTOR('',#15340,1.0);
#12689=CARTESIAN_POINT('',(1.75,1.59,-2.763846684019));
#12690=CARTESIAN_POINT('',(1.75,1.59,-5.904318100337));
#12691=VECTOR('',#15341,3.140471416318);
#12692=CARTESIAN_POINT('',(0.75,1.59,-2.763846684019));
#12693=CARTESIAN_POINT('',(0.75,1.59,-2.763846684019));
#12694=VECTOR('',#15342,1.0);
#12695=CARTESIAN_POINT('',(0.75,1.59,-5.904318100337));
#12696=VECTOR('',#15343,3.140471416318);
#12697=CARTESIAN_POINT('',(-1.75,1.59,-5.904318100337));
#12698=CARTESIAN_POINT('',(-0.75,1.59,-5.904318100337));
#12699=CARTESIAN_POINT('',(-1.75,1.59,-5.904318100337));
#12700=VECTOR('',#15344,1.0);
#12701=CARTESIAN_POINT('',(-0.75,1.59,-2.763846684019));
#12702=CARTESIAN_POINT('',(-0.75,1.59,-5.904318100337));
#12703=VECTOR('',#15345,3.140471416318);
#12704=CARTESIAN_POINT('',(-1.75,1.59,-2.763846684019));
#12705=CARTESIAN_POINT('',(-1.75,1.59,-2.763846684019));
#12706=VECTOR('',#15346,1.0);
#12707=CARTESIAN_POINT('',(-1.75,1.59,-5.904318100337));
#12708=VECTOR('',#15347,3.140471416318);
#12709=CARTESIAN_POINT('',(-2.643469899494,1.553469899494,-1.094907316794));
#12710=CARTESIAN_POINT('',(-2.5,1.59,-1.158179306876));
#12711=CARTESIAN_POINT('',(-2.558524256057,1.59,-1.158179306876));
#12712=CARTESIAN_POINT('',(-2.603887568954,1.57502406183,-1.132240221074));
#12713=CARTESIAN_POINT('',(-2.643469899494,1.553469899494,-1.094907316794));
#12714=CARTESIAN_POINT('',(-2.3,1.21,-0.5));
#12715=CARTESIAN_POINT('',(-2.3,1.21,-0.5));
#12716=VECTOR('',#15348,0.7680220434931);
#12717=CARTESIAN_POINT('',(2.3,1.21,-0.5));
#12718=CARTESIAN_POINT('',(2.3,1.21,-0.5));
#12719=VECTOR('',#15349,4.6);
#12720=CARTESIAN_POINT('',(2.3,1.21,-0.5));
#12721=VECTOR('',#15350,0.7680220434931);
#12722=CARTESIAN_POINT('',(2.3,-1.21,-0.5));
#12723=CARTESIAN_POINT('',(2.3,-1.21,-0.5));
#12724=VECTOR('',#15351,2.42);
#12725=CARTESIAN_POINT('',(2.3,-1.21,-0.5));
#12726=VECTOR('',#15352,0.7680220434931);
#12727=CARTESIAN_POINT('',(2.8,-0.115,-1.366025403784));
#12728=CARTESIAN_POINT('',(2.827105759945,-0.115,-1.412973957188));
#12729=CARTESIAN_POINT('',(2.874887867363,-0.09787788973428,-1.495734994927));
#12730=CARTESIAN_POINT('',(2.910103473923,-0.04248868995223,-1.556730214709));
#12731=CARTESIAN_POINT('',(2.917448263039,0.0,-1.569451762628));
#12732=CARTESIAN_POINT('',(2.910103473923,0.04248868995223,-1.556730214709));
#12733=CARTESIAN_POINT('',(2.874887867363,0.09787788973428,-1.495734994927));
#12734=CARTESIAN_POINT('',(2.827105759945,0.115,-1.412973957188));
#12735=CARTESIAN_POINT('',(2.8,0.115,-1.366025403784));
#12736=CARTESIAN_POINT('',(-2.3,-1.21,-0.5));
#12737=CARTESIAN_POINT('',(-2.3,-1.21,-0.5));
#12738=VECTOR('',#15353,4.6);
#12739=CARTESIAN_POINT('',(-2.643469899494,-1.553469899494,-1.094907316794));
#12740=CARTESIAN_POINT('',(-2.3,-1.21,-0.5));
#12741=VECTOR('',#15354,0.7680220434931);
#12742=CARTESIAN_POINT('',(-2.643469899494,-1.553469899494,-1.094907316794));
#12743=CARTESIAN_POINT('',(-2.603887568954,-1.57502406183,-1.132240221074));
#12744=CARTESIAN_POINT('',(-2.558524256057,-1.59,-1.158179306876));
#12745=CARTESIAN_POINT('',(-2.5,-1.59,-1.158179306876));
#12746=CARTESIAN_POINT('',(-2.8,-1.29,-1.366025403784));
#12747=CARTESIAN_POINT('',(-2.8,-1.29,-1.366025403784));
#12748=CARTESIAN_POINT('',(-2.8,-1.331890791319,-1.366025403784));
#12749=CARTESIAN_POINT('',(-2.785448488788,-1.393433797307,-1.340821447039));
#12750=CARTESIAN_POINT('',(-2.736505170149,-1.486198563487,-1.256049132464));
#12751=CARTESIAN_POINT('',(-2.683889307492,-1.531459914997,-1.164915785059));
#12752=CARTESIAN_POINT('',(-2.643469899494,-1.553469899494,-1.094907316794));
#12753=CARTESIAN_POINT('',(-2.8,-1.29,-1.366025403784));
#12754=VECTOR('',#15355,7.503974596216);
#12755=CARTESIAN_POINT('',(-2.8,0.115,-1.366025403784));
#12756=CARTESIAN_POINT('',(-2.8,0.115,-1.366025403784));
#12757=VECTOR('',#15356,7.503974596216);
#12758=CARTESIAN_POINT('',(-2.8,1.29,-1.366025403784));
#12759=CARTESIAN_POINT('',(-2.8,1.29,-1.366025403784));
#12760=VECTOR('',#15357,1.175);
#12761=CARTESIAN_POINT('',(-2.8,1.29,-1.366025403784));
#12762=VECTOR('',#15358,7.503974596216);
#12763=CARTESIAN_POINT('',(-2.8,-0.115,-1.366025403784));
#12764=VECTOR('',#15359,1.175);
#12765=CARTESIAN_POINT('',(-2.643469899494,1.553469899494,-1.094907316794));
#12766=CARTESIAN_POINT('',(-2.683889307492,1.531459914997,-1.164915785059));
#12767=CARTESIAN_POINT('',(-2.736505170149,1.486198563487,-1.256049132464));
#12768=CARTESIAN_POINT('',(-2.785448488788,1.393433797307,-1.340821447039));
#12769=CARTESIAN_POINT('',(-2.8,1.331890791319,-1.366025403784));
#12770=CARTESIAN_POINT('',(-2.8,1.29,-1.366025403784));
#12771=CARTESIAN_POINT('',(-2.8,0.115,-1.366025403784));
#12772=CARTESIAN_POINT('',(-2.827105759945,0.115,-1.412973957188));
#12773=CARTESIAN_POINT('',(-2.874887867363,0.09787788973428,-1.495734994927));
#12774=CARTESIAN_POINT('',(-2.910103473923,0.04248868995223,-1.556730214709));
#12775=CARTESIAN_POINT('',(-2.917448263039,0.0,-1.569451762628));
#12776=CARTESIAN_POINT('',(-2.910103473923,-0.04248868995223,-1.556730214709));
#12777=CARTESIAN_POINT('',(-2.874887867363,-0.09787788973428,-1.495734994927));
#12778=CARTESIAN_POINT('',(-2.827105759945,-0.115,-1.412973957188));
#12779=CARTESIAN_POINT('',(-2.8,-0.115,-1.366025403784));
#12780=CARTESIAN_POINT('',(-2.3,-1.21,-0.5));
#12781=VECTOR('',#15360,2.42);
#12782=CARTESIAN_POINT('',(1.2629,0.25,-0.5));
#12783=CARTESIAN_POINT('',(1.3429,0.25,-0.5));
#12784=CARTESIAN_POINT('',(1.2629,0.25,-0.5));
#12785=VECTOR('',#15361,0.08);
#12786=CARTESIAN_POINT('',(1.2629,0.7810638427734,-0.5));
#12787=CARTESIAN_POINT('',(1.2629,0.7810638427734,-0.5));
#12788=VECTOR('',#15362,0.5310638427734);
#12789=CARTESIAN_POINT('',(1.1829,0.6857446670532,-0.5));
#12790=CARTESIAN_POINT('',(1.1829,0.6857446670532,-0.5));
#12791=VECTOR('',#15363,0.124441734398);
#12792=CARTESIAN_POINT('',(1.1829,0.7946808624268,-0.5));
#12793=CARTESIAN_POINT('',(1.1829,0.7946808624268,-0.5));
#12794=VECTOR('',#15364,0.1089361953735);
#12795=CARTESIAN_POINT('',(1.2629,0.89,-0.5));
#12796=CARTESIAN_POINT('',(1.2629,0.89,-0.5));
#12797=VECTOR('',#15365,0.1244417051784);
#12798=CARTESIAN_POINT('',(1.3429,0.89,-0.5));
#12799=CARTESIAN_POINT('',(1.3429,0.89,-0.5));
#12800=VECTOR('',#15366,0.08);
#12801=CARTESIAN_POINT('',(1.3429,0.25,-0.5));
#12802=VECTOR('',#15367,0.64);
#12803=CARTESIAN_POINT('',(1.4023,-0.275,-0.5));
#12804=CARTESIAN_POINT('',(1.3223,-0.275,-0.5));
#12805=CARTESIAN_POINT('',(1.4023,-0.275,-0.5));
#12806=VECTOR('',#15368,0.08);
#12807=CARTESIAN_POINT('',(1.4023,-0.6426595687866,-0.5));
#12808=CARTESIAN_POINT('',(1.4023,-0.6426595687866,-0.5));
#12809=VECTOR('',#15369,0.3676595687866);
#12810=CARTESIAN_POINT('',(1.535633320618,-0.6426595687866,-0.5));
#12811=CARTESIAN_POINT('',(1.535633320618,-0.6426595687866,-0.5));
#12812=VECTOR('',#15370,0.1333333206177);
#12813=CARTESIAN_POINT('',(1.535633320618,-0.72436170578,-0.5));
#12814=CARTESIAN_POINT('',(1.535633320618,-0.72436170578,-0.5));
#12815=VECTOR('',#15371,0.08170213699341);
#12816=CARTESIAN_POINT('',(1.4023,-0.72436170578,-0.5));
#12817=CARTESIAN_POINT('',(1.4023,-0.72436170578,-0.5));
#12818=VECTOR('',#15372,0.1333333206177);
#12819=CARTESIAN_POINT('',(1.4023,-0.915,-0.5));
#12820=CARTESIAN_POINT('',(1.4023,-0.915,-0.5));
#12821=VECTOR('',#15373,0.19063829422);
#12822=CARTESIAN_POINT('',(1.3223,-0.915,-0.5));
#12823=CARTESIAN_POINT('',(1.3223,-0.915,-0.5));
#12824=VECTOR('',#15374,0.08);
#12825=CARTESIAN_POINT('',(1.3223,-0.72436170578,-0.5));
#12826=CARTESIAN_POINT('',(1.3223,-0.72436170578,-0.5));
#12827=VECTOR('',#15375,0.19063829422);
#12828=CARTESIAN_POINT('',(1.0023,-0.72436170578,-0.5));
#12829=CARTESIAN_POINT('',(1.0023,-0.72436170578,-0.5));
#12830=VECTOR('',#15376,0.32);
#12831=CARTESIAN_POINT('',(1.0023,-0.6426595687866,-0.5));
#12832=CARTESIAN_POINT('',(1.0023,-0.6426595687866,-0.5));
#12833=VECTOR('',#15377,0.08170213699341);
#12834=CARTESIAN_POINT('',(1.3223,-0.275,-0.5));
#12835=VECTOR('',#15378,0.4874151808473);
#12836=CARTESIAN_POINT('',(-1.172366679382,0.6585106277466,-0.5));
#12837=CARTESIAN_POINT('',(-1.5457,0.3180851078033,-0.5));
#12838=CARTESIAN_POINT('',(-1.172366679382,0.6585106277466,-0.5));
#12839=VECTOR('',#15379,0.5052398469163);
#12840=CARTESIAN_POINT('',(-1.1457,0.7129787063599,-0.5));
#12841=CARTESIAN_POINT('',(-1.1457,0.7129787063599,-0.5));
#12842=VECTOR('',#15380,0.06064555529552);
#12843=CARTESIAN_POINT('',(-1.1457,0.7402127838135,-0.5));
#12844=CARTESIAN_POINT('',(-1.1457,0.7402127838135,-0.5));
#12845=VECTOR('',#15381,0.02723407745361);
#12846=CARTESIAN_POINT('',(-1.172366679382,0.7810638427734,-0.5));
#12847=CARTESIAN_POINT('',(-1.172366679382,0.7810638427734,-0.5));
#12848=VECTOR('',#15382,0.04878443201914);
#12849=CARTESIAN_POINT('',(-1.212366679382,0.8082978820801,-0.5));
#12850=CARTESIAN_POINT('',(-1.212366679382,0.8082978820801,-0.5));
#12851=VECTOR('',#15383,0.04839104149484);
#12852=CARTESIAN_POINT('',(-1.279033339691,0.8219149017334,-0.5));
#12853=CARTESIAN_POINT('',(-1.279033339691,0.8219149017334,-0.5));
#12854=VECTOR('',#15384,0.06804312471494);
#12855=CARTESIAN_POINT('',(-1.332366660309,0.8219149017334,-0.5));
#12856=CARTESIAN_POINT('',(-1.332366660309,0.8219149017334,-0.5));
#12857=VECTOR('',#15385,0.05333332061768);
#12858=CARTESIAN_POINT('',(-1.399033330154,0.8082978820801,-0.5));
#12859=CARTESIAN_POINT('',(-1.399033330154,0.8082978820801,-0.5));
#12860=VECTOR('',#15386,0.06804313405876);
#12861=CARTESIAN_POINT('',(-1.439033330154,0.7810638427734,-0.5));
#12862=CARTESIAN_POINT('',(-1.439033330154,0.7810638427734,-0.5));
#12863=VECTOR('',#15387,0.04839104149484);
#12864=CARTESIAN_POINT('',(-1.4657,0.7402127838135,-0.5));
#12865=CARTESIAN_POINT('',(-1.4657,0.7402127838135,-0.5));
#12866=VECTOR('',#15388,0.04878442680614);
#12867=CARTESIAN_POINT('',(-1.532366666269,0.7402127838135,-0.5));
#12868=CARTESIAN_POINT('',(-1.532366666269,0.7402127838135,-0.5));
#12869=VECTOR('',#15389,0.0666666662693);
#12870=CARTESIAN_POINT('',(-1.519033332539,0.7946808624268,-0.5));
#12871=CARTESIAN_POINT('',(-1.519033332539,0.7946808624268,-0.5));
#12872=VECTOR('',#15390,0.05607628176151);
#12873=CARTESIAN_POINT('',(-1.4657,0.84914894104,-0.5));
#12874=CARTESIAN_POINT('',(-1.4657,0.84914894104,-0.5));
#12875=VECTOR('',#15391,0.07623133179668);
#12876=CARTESIAN_POINT('',(-1.412366669846,0.8763829803467,-0.5));
#12877=CARTESIAN_POINT('',(-1.412366669846,0.8763829803467,-0.5));
#12878=VECTOR('',#15392,0.0598843635878);
#12879=CARTESIAN_POINT('',(-1.319033339691,0.89,-0.5));
#12880=CARTESIAN_POINT('',(-1.319033339691,0.89,-0.5));
#12881=VECTOR('',#15393,0.09432143840057);
#12882=CARTESIAN_POINT('',(-1.2657,0.89,-0.5));
#12883=CARTESIAN_POINT('',(-1.2657,0.89,-0.5));
#12884=VECTOR('',#15394,0.05333333969116);
#12885=CARTESIAN_POINT('',(-1.1857,0.8763829803467,-0.5));
#12886=CARTESIAN_POINT('',(-1.1857,0.8763829803467,-0.5));
#12887=VECTOR('',#15395,0.08115062060292);
#12888=CARTESIAN_POINT('',(-1.132366679382,0.84914894104,-0.5));
#12889=CARTESIAN_POINT('',(-1.132366679382,0.84914894104,-0.5));
#12890=VECTOR('',#15396,0.05988435509433);
#12891=CARTESIAN_POINT('',(-1.079033320618,0.7946808624268,-0.5));
#12892=CARTESIAN_POINT('',(-1.079033320618,0.7946808624268,-0.5));
#12893=VECTOR('',#15397,0.07623135014508);
#12894=CARTESIAN_POINT('',(-1.0657,0.7402127838135,-0.5));
#12895=CARTESIAN_POINT('',(-1.0657,0.7402127838135,-0.5));
#12896=VECTOR('',#15398,0.05607627864361);
#12897=CARTESIAN_POINT('',(-1.0657,0.7129787063599,-0.5));
#12898=CARTESIAN_POINT('',(-1.0657,0.7129787063599,-0.5));
#12899=VECTOR('',#15399,0.02723407745361);
#12900=CARTESIAN_POINT('',(-1.079033320618,0.6585106277466,-0.5));
#12901=CARTESIAN_POINT('',(-1.079033320618,0.6585106277466,-0.5));
#12902=VECTOR('',#15400,0.05607627864361);
#12903=CARTESIAN_POINT('',(-1.1057,0.6176595687866,-0.5));
#12904=CARTESIAN_POINT('',(-1.1057,0.6176595687866,-0.5));
#12905=VECTOR('',#15401,0.04878443201914);
#12906=CARTESIAN_POINT('',(-1.439033330154,0.3180851078033,-0.5));
#12907=CARTESIAN_POINT('',(-1.439033330154,0.3180851078033,-0.5));
#12908=VECTOR('',#15402,0.4481695735603);
#12909=CARTESIAN_POINT('',(-1.0657,0.3180851078033,-0.5));
#12910=CARTESIAN_POINT('',(-1.0657,0.3180851078033,-0.5));
#12911=VECTOR('',#15403,0.3733333301544);
#12912=CARTESIAN_POINT('',(-1.0657,0.25,-0.5));
#12913=CARTESIAN_POINT('',(-1.0657,0.25,-0.5));
#12914=VECTOR('',#15404,0.06808510780334);
#12915=CARTESIAN_POINT('',(-1.5457,0.25,-0.5));
#12916=CARTESIAN_POINT('',(-1.5457,0.25,-0.5));
#12917=VECTOR('',#15405,0.48);
#12918=CARTESIAN_POINT('',(-1.5457,0.3180851078033,-0.5));
#12919=VECTOR('',#15406,0.06808510780334);
#12920=CARTESIAN_POINT('',(-1.1457,-0.8741489362717,-0.5));
#12921=CARTESIAN_POINT('',(-1.1057,-0.8469148921967,-0.5));
#12922=CARTESIAN_POINT('',(-1.1457,-0.8741489362717,-0.5));
#12923=VECTOR('',#15407,0.04839104417844);
#12924=CARTESIAN_POINT('',(-1.199033320618,-0.9013829791546,-0.5));
#12925=CARTESIAN_POINT('',(-1.199033320618,-0.9013829791546,-0.5));
#12926=VECTOR('',#15408,0.05988435672074);
#12927=CARTESIAN_POINT('',(-1.252366660309,-0.915,-0.5));
#12928=CARTESIAN_POINT('',(-1.252366660309,-0.915,-0.5));
#12929=VECTOR('',#15409,0.05504424020111);
#12930=CARTESIAN_POINT('',(-1.359033339691,-0.915,-0.5));
#12931=CARTESIAN_POINT('',(-1.359033339691,-0.915,-0.5));
#12932=VECTOR('',#15410,0.1066666793823);
#12933=CARTESIAN_POINT('',(-1.412366669846,-0.9013829791546,-0.5));
#12934=CARTESIAN_POINT('',(-1.412366669846,-0.9013829791546,-0.5));
#12935=VECTOR('',#15411,0.05504423096079);
#12936=CARTESIAN_POINT('',(-1.4657,-0.8741489362717,-0.5));
#12937=CARTESIAN_POINT('',(-1.4657,-0.8741489362717,-0.5));
#12938=VECTOR('',#15412,0.05988436521421);
#12939=CARTESIAN_POINT('',(-1.5057,-0.8469148921967,-0.5));
#12940=CARTESIAN_POINT('',(-1.5057,-0.8469148921967,-0.5));
#12941=VECTOR('',#15413,0.04839104417844);
#12942=CARTESIAN_POINT('',(-1.532366666269,-0.8060638332367,-0.5));
#12943=CARTESIAN_POINT('',(-1.532366666269,-0.8060638332367,-0.5));
#12944=VECTOR('',#15414,0.04878442485126);
#12945=CARTESIAN_POINT('',(-1.5457,-0.76521276474,-0.5));
#12946=CARTESIAN_POINT('',(-1.5457,-0.76521276474,-0.5));
#12947=VECTOR('',#15415,0.04297193951518);
#12948=CARTESIAN_POINT('',(-1.479033334923,-0.76521276474,-0.5));
#12949=CARTESIAN_POINT('',(-1.479033334923,-0.76521276474,-0.5));
#12950=VECTOR('',#15416,0.06666666507721);
#12951=CARTESIAN_POINT('',(-1.4657,-0.7924468040466,-0.5));
#12952=CARTESIAN_POINT('',(-1.4657,-0.7924468040466,-0.5));
#12953=VECTOR('',#15417,0.03032277555104);
#12954=CARTESIAN_POINT('',(-1.439033330154,-0.81968085289,-0.5));
#12955=CARTESIAN_POINT('',(-1.439033330154,-0.81968085289,-0.5));
#12956=VECTOR('',#15418,0.0381156752145);
#12957=CARTESIAN_POINT('',(-1.412366669846,-0.8332978725433,-0.5));
#12958=CARTESIAN_POINT('',(-1.412366669846,-0.8332978725433,-0.5));
#12959=VECTOR('',#15419,0.02994217754716);
#12960=CARTESIAN_POINT('',(-1.3457,-0.8469148921967,-0.5));
#12961=CARTESIAN_POINT('',(-1.3457,-0.8469148921967,-0.5));
#12962=VECTOR('',#15420,0.06804313405876);
#12963=CARTESIAN_POINT('',(-1.2657,-0.8469148921967,-0.5));
#12964=CARTESIAN_POINT('',(-1.2657,-0.8469148921967,-0.5));
#12965=VECTOR('',#15421,0.08);
#12966=CARTESIAN_POINT('',(-1.199033320618,-0.8332978725433,-0.5));
#12967=CARTESIAN_POINT('',(-1.199033320618,-0.8332978725433,-0.5));
#12968=VECTOR('',#15422,0.06804314340258);
#12969=CARTESIAN_POINT('',(-1.172366679382,-0.81968085289,-0.5));
#12970=CARTESIAN_POINT('',(-1.172366679382,-0.81968085289,-0.5));
#12971=VECTOR('',#15423,0.02994216056022);
#12972=CARTESIAN_POINT('',(-1.1457,-0.7924468040466,-0.5));
#12973=CARTESIAN_POINT('',(-1.1457,-0.7924468040466,-0.5));
#12974=VECTOR('',#15424,0.03811568188664);
#12975=CARTESIAN_POINT('',(-1.132366679382,-0.76521276474,-0.5));
#12976=CARTESIAN_POINT('',(-1.132366679382,-0.76521276474,-0.5));
#12977=VECTOR('',#15425,0.03032276926089);
#12978=CARTESIAN_POINT('',(-1.132366679382,-0.7107446861267,-0.5));
#12979=CARTESIAN_POINT('',(-1.132366679382,-0.7107446861267,-0.5));
#12980=VECTOR('',#15426,0.05446807861328);
#12981=CARTESIAN_POINT('',(-1.159033320618,-0.6562765884399,-0.5));
#12982=CARTESIAN_POINT('',(-1.159033320618,-0.6562765884399,-0.5));
#12983=VECTOR('',#15427,0.06064555565242);
#12984=CARTESIAN_POINT('',(-1.199033320618,-0.6290425491333,-0.5));
#12985=CARTESIAN_POINT('',(-1.199033320618,-0.6290425491333,-0.5));
#12986=VECTOR('',#15428,0.04839104149484);
#12987=CARTESIAN_POINT('',(-1.279033339691,-0.61542552948,-0.5));
#12988=CARTESIAN_POINT('',(-1.279033339691,-0.61542552948,-0.5));
#12989=VECTOR('',#15429,0.08115063940597);
#12990=CARTESIAN_POINT('',(-1.332366660309,-0.61542552948,-0.5));
#12991=CARTESIAN_POINT('',(-1.332366660309,-0.61542552948,-0.5));
#12992=VECTOR('',#15430,0.05333332061768);
#12993=CARTESIAN_POINT('',(-1.332366660309,-0.5609574508667,-0.5));
#12994=CARTESIAN_POINT('',(-1.332366660309,-0.5609574508667,-0.5));
#12995=VECTOR('',#15431,0.05446807861328);
#12996=CARTESIAN_POINT('',(-1.279033339691,-0.5609574508667,-0.5));
#12997=CARTESIAN_POINT('',(-1.279033339691,-0.5609574508667,-0.5));
#12998=VECTOR('',#15432,0.05333332061768);
#12999=CARTESIAN_POINT('',(-1.199033320618,-0.5337234115601,-0.5));
#13000=CARTESIAN_POINT('',(-1.199033320618,-0.5337234115601,-0.5));
#13001=VECTOR('',#15433,0.08450855547644);
#13002=CARTESIAN_POINT('',(-1.172366679382,-0.5064893722534,-0.5));
#13003=CARTESIAN_POINT('',(-1.172366679382,-0.5064893722534,-0.5));
#13004=VECTOR('',#15434,0.03811564838397);
#13005=CARTESIAN_POINT('',(-1.1457,-0.4520212936401,-0.5));
#13006=CARTESIAN_POINT('',(-1.1457,-0.4520212936401,-0.5));
#13007=VECTOR('',#15435,0.06064555529552);
#13008=CARTESIAN_POINT('',(-1.1457,-0.4247872161865,-0.5));
#13009=CARTESIAN_POINT('',(-1.1457,-0.4247872161865,-0.5));
#13010=VECTOR('',#15436,0.02723407745361);
#13011=CARTESIAN_POINT('',(-1.172366679382,-0.3839361572266,-0.5));
#13012=CARTESIAN_POINT('',(-1.172366679382,-0.3839361572266,-0.5));
#13013=VECTOR('',#15437,0.04878443201914);
#13014=CARTESIAN_POINT('',(-1.212366679382,-0.3567021179199,-0.5));
#13015=CARTESIAN_POINT('',(-1.212366679382,-0.3567021179199,-0.5));
#13016=VECTOR('',#15438,0.04839104149484);
#13017=CARTESIAN_POINT('',(-1.279033339691,-0.3430850982666,-0.5));
#13018=CARTESIAN_POINT('',(-1.279033339691,-0.3430850982666,-0.5));
#13019=VECTOR('',#15439,0.06804312471494);
#13020=CARTESIAN_POINT('',(-1.332366660309,-0.3430850982666,-0.5));
#13021=CARTESIAN_POINT('',(-1.332366660309,-0.3430850982666,-0.5));
#13022=VECTOR('',#15440,0.05333332061768);
#13023=CARTESIAN_POINT('',(-1.399033330154,-0.3567021179199,-0.5));
#13024=CARTESIAN_POINT('',(-1.399033330154,-0.3567021179199,-0.5));
#13025=VECTOR('',#15441,0.06804313405876);
#13026=CARTESIAN_POINT('',(-1.439033330154,-0.3839361572266,-0.5));
#13027=CARTESIAN_POINT('',(-1.439033330154,-0.3839361572266,-0.5));
#13028=VECTOR('',#15442,0.04839104149484);
#13029=CARTESIAN_POINT('',(-1.4657,-0.4247872161865,-0.5));
#13030=CARTESIAN_POINT('',(-1.4657,-0.4247872161865,-0.5));
#13031=VECTOR('',#15443,0.04878442680614);
#13032=CARTESIAN_POINT('',(-1.532366666269,-0.4247872161865,-0.5));
#13033=CARTESIAN_POINT('',(-1.532366666269,-0.4247872161865,-0.5));
#13034=VECTOR('',#15444,0.0666666662693);
#13035=CARTESIAN_POINT('',(-1.519033332539,-0.3703191375732,-0.5));
#13036=CARTESIAN_POINT('',(-1.519033332539,-0.3703191375732,-0.5));
#13037=VECTOR('',#15445,0.05607628176151);
#13038=CARTESIAN_POINT('',(-1.4657,-0.31585105896,-0.5));
#13039=CARTESIAN_POINT('',(-1.4657,-0.31585105896,-0.5));
#13040=VECTOR('',#15446,0.07623133179668);
#13041=CARTESIAN_POINT('',(-1.412366669846,-0.2886170196533,-0.5));
#13042=CARTESIAN_POINT('',(-1.412366669846,-0.2886170196533,-0.5));
#13043=VECTOR('',#15447,0.0598843635878);
#13044=CARTESIAN_POINT('',(-1.319033339691,-0.275,-0.5));
#13045=CARTESIAN_POINT('',(-1.319033339691,-0.275,-0.5));
#13046=VECTOR('',#15448,0.09432143840057);
#13047=CARTESIAN_POINT('',(-1.292366660309,-0.275,-0.5));
#13048=CARTESIAN_POINT('',(-1.292366660309,-0.275,-0.5));
#13049=VECTOR('',#15449,0.02666667938232);
#13050=CARTESIAN_POINT('',(-1.199033320618,-0.2886170196533,-0.5));
#13051=CARTESIAN_POINT('',(-1.199033320618,-0.2886170196533,-0.5));
#13052=VECTOR('',#15450,0.09432144783741);
#13053=CARTESIAN_POINT('',(-1.1457,-0.31585105896,-0.5));
#13054=CARTESIAN_POINT('',(-1.1457,-0.31585105896,-0.5));
#13055=VECTOR('',#15451,0.05988435509433);
#13056=CARTESIAN_POINT('',(-1.092366679382,-0.3703191375732,-0.5));
#13057=CARTESIAN_POINT('',(-1.092366679382,-0.3703191375732,-0.5));
#13058=VECTOR('',#15452,0.07623132345651);
#13059=CARTESIAN_POINT('',(-1.079033320618,-0.4247872161865,-0.5));
#13060=CARTESIAN_POINT('',(-1.079033320618,-0.4247872161865,-0.5));
#13061=VECTOR('',#15453,0.05607628771388);
#13062=CARTESIAN_POINT('',(-1.079033320618,-0.4520212936401,-0.5));
#13063=CARTESIAN_POINT('',(-1.079033320618,-0.4520212936401,-0.5));
#13064=VECTOR('',#15454,0.02723407745361);
#13065=CARTESIAN_POINT('',(-1.092366679382,-0.5064893722534,-0.5));
#13066=CARTESIAN_POINT('',(-1.092366679382,-0.5064893722534,-0.5));
#13067=VECTOR('',#15455,0.05607628771388);
#13068=CARTESIAN_POINT('',(-1.119033320618,-0.5473404312134,-0.5));
#13069=CARTESIAN_POINT('',(-1.119033320618,-0.5473404312134,-0.5));
#13070=VECTOR('',#15456,0.04878441116715);
#13071=CARTESIAN_POINT('',(-1.172366679382,-0.5881914901733,-0.5));
#13072=CARTESIAN_POINT('',(-1.172366679382,-0.5881914901733,-0.5));
#13073=VECTOR('',#15457,0.06718077236285);
#13074=CARTESIAN_POINT('',(-1.1057,-0.61542552948,-0.5));
#13075=CARTESIAN_POINT('',(-1.1057,-0.61542552948,-0.5));
#13076=VECTOR('',#15458,0.07201485289037);
#13077=CARTESIAN_POINT('',(-1.079033320618,-0.6562765884399,-0.5));
#13078=CARTESIAN_POINT('',(-1.079033320618,-0.6562765884399,-0.5));
#13079=VECTOR('',#15459,0.04878443201914);
#13080=CARTESIAN_POINT('',(-1.0657,-0.7107446861267,-0.5));
#13081=CARTESIAN_POINT('',(-1.0657,-0.7107446861267,-0.5));
#13082=VECTOR('',#15460,0.0560762971701);
#13083=CARTESIAN_POINT('',(-1.0657,-0.76521276474,-0.5));
#13084=CARTESIAN_POINT('',(-1.0657,-0.76521276474,-0.5));
#13085=VECTOR('',#15461,0.05446807861328);
#13086=CARTESIAN_POINT('',(-1.079033320618,-0.8060638332367,-0.5));
#13087=CARTESIAN_POINT('',(-1.079033320618,-0.8060638332367,-0.5));
#13088=VECTOR('',#15462,0.04297193544648);
#13089=CARTESIAN_POINT('',(-1.1057,-0.8469148921967,-0.5));
#13090=VECTOR('',#15463,0.04878443201914);
#13091=CARTESIAN_POINT('',(1.3223,-0.6426595687866,-0.5));
#13092=CARTESIAN_POINT('',(1.095633330154,-0.6426595687866,-0.5));
#13093=CARTESIAN_POINT('',(1.3223,-0.6426595687866,-0.5));
#13094=VECTOR('',#15464,0.2266666698456);
#13095=CARTESIAN_POINT('',(1.3223,-0.3839361572266,-0.5));
#13096=CARTESIAN_POINT('',(1.3223,-0.3839361572266,-0.5));
#13097=VECTOR('',#15465,0.2587234115601);
#13098=CARTESIAN_POINT('',(1.095633330154,-0.6426595687866,-0.5));
#13099=VECTOR('',#15466,0.3439703227143);
#13100=CARTESIAN_POINT('',(1.3429,0.89,-0.665));
#13101=CARTESIAN_POINT('',(1.3429,0.89,-0.5));
#13102=VECTOR('',#15467,0.165);
#13103=CARTESIAN_POINT('',(1.3429,0.25,-0.665));
#13104=CARTESIAN_POINT('',(1.3429,0.25,-0.665));
#13105=VECTOR('',#15468,0.64);
#13106=CARTESIAN_POINT('',(1.3429,0.25,-0.5));
#13107=VECTOR('',#15469,0.165);
#13108=CARTESIAN_POINT('',(1.2629,0.25,-0.665));
#13109=CARTESIAN_POINT('',(1.2629,0.25,-0.665));
#13110=VECTOR('',#15470,0.08);
#13111=CARTESIAN_POINT('',(1.2629,0.25,-0.5));
#13112=VECTOR('',#15471,0.165);
#13113=CARTESIAN_POINT('',(1.2629,0.7810638427734,-0.665));
#13114=CARTESIAN_POINT('',(1.2629,0.7810638427734,-0.665));
#13115=VECTOR('',#15472,0.5310638427734);
#13116=CARTESIAN_POINT('',(1.2629,0.7810638427734,-0.5));
#13117=VECTOR('',#15473,0.165);
#13118=CARTESIAN_POINT('',(1.1829,0.6857446670532,-0.665));
#13119=CARTESIAN_POINT('',(1.1829,0.6857446670532,-0.665));
#13120=VECTOR('',#15474,0.124441734398);
#13121=CARTESIAN_POINT('',(1.1829,0.6857446670532,-0.5));
#13122=VECTOR('',#15475,0.165);
#13123=CARTESIAN_POINT('',(1.1829,0.7946808624268,-0.665));
#13124=CARTESIAN_POINT('',(1.1829,0.7946808624268,-0.665));
#13125=VECTOR('',#15476,0.1089361953735);
#13126=CARTESIAN_POINT('',(1.1829,0.7946808624268,-0.5));
#13127=VECTOR('',#15477,0.165);
#13128=CARTESIAN_POINT('',(1.2629,0.89,-0.665));
#13129=CARTESIAN_POINT('',(1.2629,0.89,-0.665));
#13130=VECTOR('',#15478,0.1244417051784);
#13131=CARTESIAN_POINT('',(1.2629,0.89,-0.5));
#13132=VECTOR('',#15479,0.165);
#13133=CARTESIAN_POINT('',(1.3429,0.89,-0.665));
#13134=VECTOR('',#15480,0.08);
#13135=CARTESIAN_POINT('',(1.0023,-0.6426595687866,-0.665));
#13136=CARTESIAN_POINT('',(1.0023,-0.72436170578,-0.665));
#13137=CARTESIAN_POINT('',(1.0023,-0.6426595687866,-0.665));
#13138=VECTOR('',#15481,0.08170213699341);
#13139=CARTESIAN_POINT('',(1.3223,-0.72436170578,-0.665));
#13140=CARTESIAN_POINT('',(1.0023,-0.72436170578,-0.665));
#13141=VECTOR('',#15482,0.32);
#13142=CARTESIAN_POINT('',(1.3223,-0.915,-0.665));
#13143=CARTESIAN_POINT('',(1.3223,-0.72436170578,-0.665));
#13144=VECTOR('',#15483,0.19063829422);
#13145=CARTESIAN_POINT('',(1.4023,-0.915,-0.665));
#13146=CARTESIAN_POINT('',(1.3223,-0.915,-0.665));
#13147=VECTOR('',#15484,0.08);
#13148=CARTESIAN_POINT('',(1.4023,-0.72436170578,-0.665));
#13149=CARTESIAN_POINT('',(1.4023,-0.915,-0.665));
#13150=VECTOR('',#15485,0.19063829422);
#13151=CARTESIAN_POINT('',(1.535633320618,-0.72436170578,-0.665));
#13152=CARTESIAN_POINT('',(1.4023,-0.72436170578,-0.665));
#13153=VECTOR('',#15486,0.1333333206177);
#13154=CARTESIAN_POINT('',(1.535633320618,-0.6426595687866,-0.665));
#13155=CARTESIAN_POINT('',(1.535633320618,-0.72436170578,-0.665));
#13156=VECTOR('',#15487,0.08170213699341);
#13157=CARTESIAN_POINT('',(1.4023,-0.6426595687866,-0.665));
#13158=CARTESIAN_POINT('',(1.535633320618,-0.6426595687866,-0.665));
#13159=VECTOR('',#15488,0.1333333206177);
#13160=CARTESIAN_POINT('',(1.4023,-0.275,-0.665));
#13161=CARTESIAN_POINT('',(1.4023,-0.6426595687866,-0.665));
#13162=VECTOR('',#15489,0.3676595687866);
#13163=CARTESIAN_POINT('',(1.3223,-0.275,-0.665));
#13164=CARTESIAN_POINT('',(1.4023,-0.275,-0.665));
#13165=VECTOR('',#15490,0.08);
#13166=CARTESIAN_POINT('',(1.3223,-0.275,-0.665));
#13167=VECTOR('',#15491,0.4874151808473);
#13168=CARTESIAN_POINT('',(1.3223,-0.3839361572266,-0.665));
#13169=CARTESIAN_POINT('',(1.3223,-0.6426595687866,-0.665));
#13170=CARTESIAN_POINT('',(1.3223,-0.3839361572266,-0.665));
#13171=VECTOR('',#15492,0.2587234115601);
#13172=CARTESIAN_POINT('',(1.095633330154,-0.6426595687866,-0.665));
#13173=CARTESIAN_POINT('',(1.3223,-0.6426595687866,-0.665));
#13174=VECTOR('',#15493,0.2266666698456);
#13175=CARTESIAN_POINT('',(1.095633330154,-0.6426595687866,-0.665));
#13176=VECTOR('',#15494,0.3439703227143);
#13177=CARTESIAN_POINT('',(-1.5457,0.25,-0.665));
#13178=CARTESIAN_POINT('',(-1.0657,0.25,-0.665));
#13179=CARTESIAN_POINT('',(-1.5457,0.25,-0.665));
#13180=VECTOR('',#15495,0.48);
#13181=CARTESIAN_POINT('',(-1.0657,0.3180851078033,-0.665));
#13182=CARTESIAN_POINT('',(-1.0657,0.25,-0.665));
#13183=VECTOR('',#15496,0.06808510780334);
#13184=CARTESIAN_POINT('',(-1.439033330154,0.3180851078033,-0.665));
#13185=CARTESIAN_POINT('',(-1.0657,0.3180851078033,-0.665));
#13186=VECTOR('',#15497,0.3733333301544);
#13187=CARTESIAN_POINT('',(-1.1057,0.6176595687866,-0.665));
#13188=CARTESIAN_POINT('',(-1.439033330154,0.3180851078033,-0.665));
#13189=VECTOR('',#15498,0.4481695735603);
#13190=CARTESIAN_POINT('',(-1.079033320618,0.6585106277466,-0.665));
#13191=CARTESIAN_POINT('',(-1.1057,0.6176595687866,-0.665));
#13192=VECTOR('',#15499,0.04878443201914);
#13193=CARTESIAN_POINT('',(-1.0657,0.7129787063599,-0.665));
#13194=CARTESIAN_POINT('',(-1.079033320618,0.6585106277466,-0.665));
#13195=VECTOR('',#15500,0.05607627864361);
#13196=CARTESIAN_POINT('',(-1.0657,0.7402127838135,-0.665));
#13197=CARTESIAN_POINT('',(-1.0657,0.7129787063599,-0.665));
#13198=VECTOR('',#15501,0.02723407745361);
#13199=CARTESIAN_POINT('',(-1.079033320618,0.7946808624268,-0.665));
#13200=CARTESIAN_POINT('',(-1.0657,0.7402127838135,-0.665));
#13201=VECTOR('',#15502,0.05607627864361);
#13202=CARTESIAN_POINT('',(-1.132366679382,0.84914894104,-0.665));
#13203=CARTESIAN_POINT('',(-1.079033320618,0.7946808624268,-0.665));
#13204=VECTOR('',#15503,0.07623135014508);
#13205=CARTESIAN_POINT('',(-1.1857,0.8763829803467,-0.665));
#13206=CARTESIAN_POINT('',(-1.132366679382,0.84914894104,-0.665));
#13207=VECTOR('',#15504,0.05988435509433);
#13208=CARTESIAN_POINT('',(-1.2657,0.89,-0.665));
#13209=CARTESIAN_POINT('',(-1.1857,0.8763829803467,-0.665));
#13210=VECTOR('',#15505,0.08115062060292);
#13211=CARTESIAN_POINT('',(-1.319033339691,0.89,-0.665));
#13212=CARTESIAN_POINT('',(-1.2657,0.89,-0.665));
#13213=VECTOR('',#15506,0.05333333969116);
#13214=CARTESIAN_POINT('',(-1.412366669846,0.8763829803467,-0.665));
#13215=CARTESIAN_POINT('',(-1.319033339691,0.89,-0.665));
#13216=VECTOR('',#15507,0.09432143840057);
#13217=CARTESIAN_POINT('',(-1.4657,0.84914894104,-0.665));
#13218=CARTESIAN_POINT('',(-1.412366669846,0.8763829803467,-0.665));
#13219=VECTOR('',#15508,0.0598843635878);
#13220=CARTESIAN_POINT('',(-1.519033332539,0.7946808624268,-0.665));
#13221=CARTESIAN_POINT('',(-1.4657,0.84914894104,-0.665));
#13222=VECTOR('',#15509,0.07623133179668);
#13223=CARTESIAN_POINT('',(-1.532366666269,0.7402127838135,-0.665));
#13224=CARTESIAN_POINT('',(-1.519033332539,0.7946808624268,-0.665));
#13225=VECTOR('',#15510,0.05607628176151);
#13226=CARTESIAN_POINT('',(-1.4657,0.7402127838135,-0.665));
#13227=CARTESIAN_POINT('',(-1.532366666269,0.7402127838135,-0.665));
#13228=VECTOR('',#15511,0.0666666662693);
#13229=CARTESIAN_POINT('',(-1.439033330154,0.7810638427734,-0.665));
#13230=CARTESIAN_POINT('',(-1.4657,0.7402127838135,-0.665));
#13231=VECTOR('',#15512,0.04878442680614);
#13232=CARTESIAN_POINT('',(-1.399033330154,0.8082978820801,-0.665));
#13233=CARTESIAN_POINT('',(-1.439033330154,0.7810638427734,-0.665));
#13234=VECTOR('',#15513,0.04839104149484);
#13235=CARTESIAN_POINT('',(-1.332366660309,0.8219149017334,-0.665));
#13236=CARTESIAN_POINT('',(-1.399033330154,0.8082978820801,-0.665));
#13237=VECTOR('',#15514,0.06804313405876);
#13238=CARTESIAN_POINT('',(-1.279033339691,0.8219149017334,-0.665));
#13239=CARTESIAN_POINT('',(-1.332366660309,0.8219149017334,-0.665));
#13240=VECTOR('',#15515,0.05333332061768);
#13241=CARTESIAN_POINT('',(-1.212366679382,0.8082978820801,-0.665));
#13242=CARTESIAN_POINT('',(-1.279033339691,0.8219149017334,-0.665));
#13243=VECTOR('',#15516,0.06804312471494);
#13244=CARTESIAN_POINT('',(-1.172366679382,0.7810638427734,-0.665));
#13245=CARTESIAN_POINT('',(-1.212366679382,0.8082978820801,-0.665));
#13246=VECTOR('',#15517,0.04839104149484);
#13247=CARTESIAN_POINT('',(-1.1457,0.7402127838135,-0.665));
#13248=CARTESIAN_POINT('',(-1.172366679382,0.7810638427734,-0.665));
#13249=VECTOR('',#15518,0.04878443201914);
#13250=CARTESIAN_POINT('',(-1.1457,0.7129787063599,-0.665));
#13251=CARTESIAN_POINT('',(-1.1457,0.7402127838135,-0.665));
#13252=VECTOR('',#15519,0.02723407745361);
#13253=CARTESIAN_POINT('',(-1.172366679382,0.6585106277466,-0.665));
#13254=CARTESIAN_POINT('',(-1.1457,0.7129787063599,-0.665));
#13255=VECTOR('',#15520,0.06064555529552);
#13256=CARTESIAN_POINT('',(-1.5457,0.3180851078033,-0.665));
#13257=CARTESIAN_POINT('',(-1.172366679382,0.6585106277466,-0.665));
#13258=VECTOR('',#15521,0.5052398469163);
#13259=CARTESIAN_POINT('',(-1.5457,0.3180851078033,-0.665));
#13260=VECTOR('',#15522,0.06808510780334);
#13261=CARTESIAN_POINT('',(-1.079033320618,-0.8060638332367,-0.665));
#13262=CARTESIAN_POINT('',(-1.0657,-0.76521276474,-0.665));
#13263=CARTESIAN_POINT('',(-1.079033320618,-0.8060638332367,-0.665));
#13264=VECTOR('',#15523,0.04297193544648);
#13265=CARTESIAN_POINT('',(-1.0657,-0.7107446861267,-0.665));
#13266=CARTESIAN_POINT('',(-1.0657,-0.76521276474,-0.665));
#13267=VECTOR('',#15524,0.05446807861328);
#13268=CARTESIAN_POINT('',(-1.079033320618,-0.6562765884399,-0.665));
#13269=CARTESIAN_POINT('',(-1.0657,-0.7107446861267,-0.665));
#13270=VECTOR('',#15525,0.0560762971701);
#13271=CARTESIAN_POINT('',(-1.1057,-0.61542552948,-0.665));
#13272=CARTESIAN_POINT('',(-1.079033320618,-0.6562765884399,-0.665));
#13273=VECTOR('',#15526,0.04878443201914);
#13274=CARTESIAN_POINT('',(-1.172366679382,-0.5881914901733,-0.665));
#13275=CARTESIAN_POINT('',(-1.1057,-0.61542552948,-0.665));
#13276=VECTOR('',#15527,0.07201485289037);
#13277=CARTESIAN_POINT('',(-1.119033320618,-0.5473404312134,-0.665));
#13278=CARTESIAN_POINT('',(-1.172366679382,-0.5881914901733,-0.665));
#13279=VECTOR('',#15528,0.06718077236285);
#13280=CARTESIAN_POINT('',(-1.092366679382,-0.5064893722534,-0.665));
#13281=CARTESIAN_POINT('',(-1.119033320618,-0.5473404312134,-0.665));
#13282=VECTOR('',#15529,0.04878441116715);
#13283=CARTESIAN_POINT('',(-1.079033320618,-0.4520212936401,-0.665));
#13284=CARTESIAN_POINT('',(-1.092366679382,-0.5064893722534,-0.665));
#13285=VECTOR('',#15530,0.05607628771388);
#13286=CARTESIAN_POINT('',(-1.079033320618,-0.4247872161865,-0.665));
#13287=CARTESIAN_POINT('',(-1.079033320618,-0.4520212936401,-0.665));
#13288=VECTOR('',#15531,0.02723407745361);
#13289=CARTESIAN_POINT('',(-1.092366679382,-0.3703191375732,-0.665));
#13290=CARTESIAN_POINT('',(-1.079033320618,-0.4247872161865,-0.665));
#13291=VECTOR('',#15532,0.05607628771388);
#13292=CARTESIAN_POINT('',(-1.1457,-0.31585105896,-0.665));
#13293=CARTESIAN_POINT('',(-1.092366679382,-0.3703191375732,-0.665));
#13294=VECTOR('',#15533,0.07623132345651);
#13295=CARTESIAN_POINT('',(-1.199033320618,-0.2886170196533,-0.665));
#13296=CARTESIAN_POINT('',(-1.1457,-0.31585105896,-0.665));
#13297=VECTOR('',#15534,0.05988435509433);
#13298=CARTESIAN_POINT('',(-1.292366660309,-0.275,-0.665));
#13299=CARTESIAN_POINT('',(-1.199033320618,-0.2886170196533,-0.665));
#13300=VECTOR('',#15535,0.09432144783741);
#13301=CARTESIAN_POINT('',(-1.319033339691,-0.275,-0.665));
#13302=CARTESIAN_POINT('',(-1.292366660309,-0.275,-0.665));
#13303=VECTOR('',#15536,0.02666667938232);
#13304=CARTESIAN_POINT('',(-1.412366669846,-0.2886170196533,-0.665));
#13305=CARTESIAN_POINT('',(-1.319033339691,-0.275,-0.665));
#13306=VECTOR('',#15537,0.09432143840057);
#13307=CARTESIAN_POINT('',(-1.4657,-0.31585105896,-0.665));
#13308=CARTESIAN_POINT('',(-1.412366669846,-0.2886170196533,-0.665));
#13309=VECTOR('',#15538,0.0598843635878);
#13310=CARTESIAN_POINT('',(-1.519033332539,-0.3703191375732,-0.665));
#13311=CARTESIAN_POINT('',(-1.4657,-0.31585105896,-0.665));
#13312=VECTOR('',#15539,0.07623133179668);
#13313=CARTESIAN_POINT('',(-1.532366666269,-0.4247872161865,-0.665));
#13314=CARTESIAN_POINT('',(-1.519033332539,-0.3703191375732,-0.665));
#13315=VECTOR('',#15540,0.05607628176151);
#13316=CARTESIAN_POINT('',(-1.4657,-0.4247872161865,-0.665));
#13317=CARTESIAN_POINT('',(-1.532366666269,-0.4247872161865,-0.665));
#13318=VECTOR('',#15541,0.0666666662693);
#13319=CARTESIAN_POINT('',(-1.439033330154,-0.3839361572266,-0.665));
#13320=CARTESIAN_POINT('',(-1.4657,-0.4247872161865,-0.665));
#13321=VECTOR('',#15542,0.04878442680614);
#13322=CARTESIAN_POINT('',(-1.399033330154,-0.3567021179199,-0.665));
#13323=CARTESIAN_POINT('',(-1.439033330154,-0.3839361572266,-0.665));
#13324=VECTOR('',#15543,0.04839104149484);
#13325=CARTESIAN_POINT('',(-1.332366660309,-0.3430850982666,-0.665));
#13326=CARTESIAN_POINT('',(-1.399033330154,-0.3567021179199,-0.665));
#13327=VECTOR('',#15544,0.06804313405876);
#13328=CARTESIAN_POINT('',(-1.279033339691,-0.3430850982666,-0.665));
#13329=CARTESIAN_POINT('',(-1.332366660309,-0.3430850982666,-0.665));
#13330=VECTOR('',#15545,0.05333332061768);
#13331=CARTESIAN_POINT('',(-1.212366679382,-0.3567021179199,-0.665));
#13332=CARTESIAN_POINT('',(-1.279033339691,-0.3430850982666,-0.665));
#13333=VECTOR('',#15546,0.06804312471494);
#13334=CARTESIAN_POINT('',(-1.172366679382,-0.3839361572266,-0.665));
#13335=CARTESIAN_POINT('',(-1.212366679382,-0.3567021179199,-0.665));
#13336=VECTOR('',#15547,0.04839104149484);
#13337=CARTESIAN_POINT('',(-1.1457,-0.4247872161865,-0.665));
#13338=CARTESIAN_POINT('',(-1.172366679382,-0.3839361572266,-0.665));
#13339=VECTOR('',#15548,0.04878443201914);
#13340=CARTESIAN_POINT('',(-1.1457,-0.4520212936401,-0.665));
#13341=CARTESIAN_POINT('',(-1.1457,-0.4247872161865,-0.665));
#13342=VECTOR('',#15549,0.02723407745361);
#13343=CARTESIAN_POINT('',(-1.172366679382,-0.5064893722534,-0.665));
#13344=CARTESIAN_POINT('',(-1.1457,-0.4520212936401,-0.665));
#13345=VECTOR('',#15550,0.06064555529552);
#13346=CARTESIAN_POINT('',(-1.199033320618,-0.5337234115601,-0.665));
#13347=CARTESIAN_POINT('',(-1.172366679382,-0.5064893722534,-0.665));
#13348=VECTOR('',#15551,0.03811564838397);
#13349=CARTESIAN_POINT('',(-1.279033339691,-0.5609574508667,-0.665));
#13350=CARTESIAN_POINT('',(-1.199033320618,-0.5337234115601,-0.665));
#13351=VECTOR('',#15552,0.08450855547644);
#13352=CARTESIAN_POINT('',(-1.332366660309,-0.5609574508667,-0.665));
#13353=CARTESIAN_POINT('',(-1.279033339691,-0.5609574508667,-0.665));
#13354=VECTOR('',#15553,0.05333332061768);
#13355=CARTESIAN_POINT('',(-1.332366660309,-0.61542552948,-0.665));
#13356=CARTESIAN_POINT('',(-1.332366660309,-0.5609574508667,-0.665));
#13357=VECTOR('',#15554,0.05446807861328);
#13358=CARTESIAN_POINT('',(-1.279033339691,-0.61542552948,-0.665));
#13359=CARTESIAN_POINT('',(-1.332366660309,-0.61542552948,-0.665));
#13360=VECTOR('',#15555,0.05333332061768);
#13361=CARTESIAN_POINT('',(-1.199033320618,-0.6290425491333,-0.665));
#13362=CARTESIAN_POINT('',(-1.279033339691,-0.61542552948,-0.665));
#13363=VECTOR('',#15556,0.08115063940597);
#13364=CARTESIAN_POINT('',(-1.159033320618,-0.6562765884399,-0.665));
#13365=CARTESIAN_POINT('',(-1.199033320618,-0.6290425491333,-0.665));
#13366=VECTOR('',#15557,0.04839104149484);
#13367=CARTESIAN_POINT('',(-1.132366679382,-0.7107446861267,-0.665));
#13368=CARTESIAN_POINT('',(-1.159033320618,-0.6562765884399,-0.665));
#13369=VECTOR('',#15558,0.06064555565242);
#13370=CARTESIAN_POINT('',(-1.132366679382,-0.76521276474,-0.665));
#13371=CARTESIAN_POINT('',(-1.132366679382,-0.7107446861267,-0.665));
#13372=VECTOR('',#15559,0.05446807861328);
#13373=CARTESIAN_POINT('',(-1.1457,-0.7924468040466,-0.665));
#13374=CARTESIAN_POINT('',(-1.132366679382,-0.76521276474,-0.665));
#13375=VECTOR('',#15560,0.03032276926089);
#13376=CARTESIAN_POINT('',(-1.172366679382,-0.81968085289,-0.665));
#13377=CARTESIAN_POINT('',(-1.1457,-0.7924468040466,-0.665));
#13378=VECTOR('',#15561,0.03811568188664);
#13379=CARTESIAN_POINT('',(-1.199033320618,-0.8332978725433,-0.665));
#13380=CARTESIAN_POINT('',(-1.172366679382,-0.81968085289,-0.665));
#13381=VECTOR('',#15562,0.02994216056022);
#13382=CARTESIAN_POINT('',(-1.2657,-0.8469148921967,-0.665));
#13383=CARTESIAN_POINT('',(-1.199033320618,-0.8332978725433,-0.665));
#13384=VECTOR('',#15563,0.06804314340258);
#13385=CARTESIAN_POINT('',(-1.3457,-0.8469148921967,-0.665));
#13386=CARTESIAN_POINT('',(-1.2657,-0.8469148921967,-0.665));
#13387=VECTOR('',#15564,0.08);
#13388=CARTESIAN_POINT('',(-1.412366669846,-0.8332978725433,-0.665));
#13389=CARTESIAN_POINT('',(-1.3457,-0.8469148921967,-0.665));
#13390=VECTOR('',#15565,0.06804313405876);
#13391=CARTESIAN_POINT('',(-1.439033330154,-0.81968085289,-0.665));
#13392=CARTESIAN_POINT('',(-1.412366669846,-0.8332978725433,-0.665));
#13393=VECTOR('',#15566,0.02994217754716);
#13394=CARTESIAN_POINT('',(-1.4657,-0.7924468040466,-0.665));
#13395=CARTESIAN_POINT('',(-1.439033330154,-0.81968085289,-0.665));
#13396=VECTOR('',#15567,0.0381156752145);
#13397=CARTESIAN_POINT('',(-1.479033334923,-0.76521276474,-0.665));
#13398=CARTESIAN_POINT('',(-1.4657,-0.7924468040466,-0.665));
#13399=VECTOR('',#15568,0.03032277555104);
#13400=CARTESIAN_POINT('',(-1.5457,-0.76521276474,-0.665));
#13401=CARTESIAN_POINT('',(-1.479033334923,-0.76521276474,-0.665));
#13402=VECTOR('',#15569,0.06666666507721);
#13403=CARTESIAN_POINT('',(-1.532366666269,-0.8060638332367,-0.665));
#13404=CARTESIAN_POINT('',(-1.5457,-0.76521276474,-0.665));
#13405=VECTOR('',#15570,0.04297193951518);
#13406=CARTESIAN_POINT('',(-1.5057,-0.8469148921967,-0.665));
#13407=CARTESIAN_POINT('',(-1.532366666269,-0.8060638332367,-0.665));
#13408=VECTOR('',#15571,0.04878442485126);
#13409=CARTESIAN_POINT('',(-1.4657,-0.8741489362717,-0.665));
#13410=CARTESIAN_POINT('',(-1.5057,-0.8469148921967,-0.665));
#13411=VECTOR('',#15572,0.04839104417844);
#13412=CARTESIAN_POINT('',(-1.412366669846,-0.9013829791546,-0.665));
#13413=CARTESIAN_POINT('',(-1.4657,-0.8741489362717,-0.665));
#13414=VECTOR('',#15573,0.05988436521421);
#13415=CARTESIAN_POINT('',(-1.359033339691,-0.915,-0.665));
#13416=CARTESIAN_POINT('',(-1.412366669846,-0.9013829791546,-0.665));
#13417=VECTOR('',#15574,0.05504423096079);
#13418=CARTESIAN_POINT('',(-1.252366660309,-0.915,-0.665));
#13419=CARTESIAN_POINT('',(-1.359033339691,-0.915,-0.665));
#13420=VECTOR('',#15575,0.1066666793823);
#13421=CARTESIAN_POINT('',(-1.199033320618,-0.9013829791546,-0.665));
#13422=CARTESIAN_POINT('',(-1.252366660309,-0.915,-0.665));
#13423=VECTOR('',#15576,0.05504424020111);
#13424=CARTESIAN_POINT('',(-1.1457,-0.8741489362717,-0.665));
#13425=CARTESIAN_POINT('',(-1.199033320618,-0.9013829791546,-0.665));
#13426=VECTOR('',#15577,0.05988435672074);
#13427=CARTESIAN_POINT('',(-1.1057,-0.8469148921967,-0.665));
#13428=CARTESIAN_POINT('',(-1.1457,-0.8741489362717,-0.665));
#13429=VECTOR('',#15578,0.04839104417844);
#13430=CARTESIAN_POINT('',(-1.1057,-0.8469148921967,-0.665));
#13431=VECTOR('',#15579,0.04878443201914);
#13432=CARTESIAN_POINT('',(1.0023,-0.6426595687866,-0.5));
#13433=VECTOR('',#15580,0.165);
#13434=CARTESIAN_POINT('',(1.3223,-0.275,-0.5));
#13435=VECTOR('',#15581,0.165);
#13436=CARTESIAN_POINT('',(1.4023,-0.275,-0.5));
#13437=VECTOR('',#15582,0.165);
#13438=CARTESIAN_POINT('',(1.4023,-0.6426595687866,-0.5));
#13439=VECTOR('',#15583,0.165);
#13440=CARTESIAN_POINT('',(1.535633320618,-0.6426595687866,-0.5));
#13441=VECTOR('',#15584,0.165);
#13442=CARTESIAN_POINT('',(1.535633320618,-0.72436170578,-0.5));
#13443=VECTOR('',#15585,0.165);
#13444=CARTESIAN_POINT('',(1.4023,-0.72436170578,-0.5));
#13445=VECTOR('',#15586,0.165);
#13446=CARTESIAN_POINT('',(1.4023,-0.915,-0.5));
#13447=VECTOR('',#15587,0.165);
#13448=CARTESIAN_POINT('',(1.3223,-0.915,-0.5));
#13449=VECTOR('',#15588,0.165);
#13450=CARTESIAN_POINT('',(1.3223,-0.72436170578,-0.5));
#13451=VECTOR('',#15589,0.165);
#13452=CARTESIAN_POINT('',(1.0023,-0.72436170578,-0.5));
#13453=VECTOR('',#15590,0.165);
#13454=CARTESIAN_POINT('',(1.3223,-0.3839361572266,-0.5));
#13455=VECTOR('',#15591,0.165);
#13456=CARTESIAN_POINT('',(1.095633330154,-0.6426595687866,-0.5));
#13457=VECTOR('',#15592,0.165);
#13458=CARTESIAN_POINT('',(1.3223,-0.6426595687866,-0.5));
#13459=VECTOR('',#15593,0.165);
#13460=CARTESIAN_POINT('',(-1.5457,0.25,-0.5));
#13461=VECTOR('',#15594,0.165);
#13462=CARTESIAN_POINT('',(-1.5457,0.3180851078033,-0.5));
#13463=VECTOR('',#15595,0.165);
#13464=CARTESIAN_POINT('',(-1.172366679382,0.6585106277466,-0.5));
#13465=VECTOR('',#15596,0.165);
#13466=CARTESIAN_POINT('',(-1.1457,0.7129787063599,-0.5));
#13467=VECTOR('',#15597,0.165);
#13468=CARTESIAN_POINT('',(-1.1457,0.7402127838135,-0.5));
#13469=VECTOR('',#15598,0.165);
#13470=CARTESIAN_POINT('',(-1.172366679382,0.7810638427734,-0.5));
#13471=VECTOR('',#15599,0.165);
#13472=CARTESIAN_POINT('',(-1.212366679382,0.8082978820801,-0.5));
#13473=VECTOR('',#15600,0.165);
#13474=CARTESIAN_POINT('',(-1.279033339691,0.8219149017334,-0.5));
#13475=VECTOR('',#15601,0.165);
#13476=CARTESIAN_POINT('',(-1.332366660309,0.8219149017334,-0.5));
#13477=VECTOR('',#15602,0.165);
#13478=CARTESIAN_POINT('',(-1.399033330154,0.8082978820801,-0.5));
#13479=VECTOR('',#15603,0.165);
#13480=CARTESIAN_POINT('',(-1.439033330154,0.7810638427734,-0.5));
#13481=VECTOR('',#15604,0.165);
#13482=CARTESIAN_POINT('',(-1.4657,0.7402127838135,-0.5));
#13483=VECTOR('',#15605,0.165);
#13484=CARTESIAN_POINT('',(-1.532366666269,0.7402127838135,-0.5));
#13485=VECTOR('',#15606,0.165);
#13486=CARTESIAN_POINT('',(-1.519033332539,0.7946808624268,-0.5));
#13487=VECTOR('',#15607,0.165);
#13488=CARTESIAN_POINT('',(-1.4657,0.84914894104,-0.5));
#13489=VECTOR('',#15608,0.165);
#13490=CARTESIAN_POINT('',(-1.412366669846,0.8763829803467,-0.5));
#13491=VECTOR('',#15609,0.165);
#13492=CARTESIAN_POINT('',(-1.319033339691,0.89,-0.5));
#13493=VECTOR('',#15610,0.165);
#13494=CARTESIAN_POINT('',(-1.2657,0.89,-0.5));
#13495=VECTOR('',#15611,0.165);
#13496=CARTESIAN_POINT('',(-1.1857,0.8763829803467,-0.5));
#13497=VECTOR('',#15612,0.165);
#13498=CARTESIAN_POINT('',(-1.132366679382,0.84914894104,-0.5));
#13499=VECTOR('',#15613,0.165);
#13500=CARTESIAN_POINT('',(-1.079033320618,0.7946808624268,-0.5));
#13501=VECTOR('',#15614,0.165);
#13502=CARTESIAN_POINT('',(-1.0657,0.7402127838135,-0.5));
#13503=VECTOR('',#15615,0.165);
#13504=CARTESIAN_POINT('',(-1.0657,0.7129787063599,-0.5));
#13505=VECTOR('',#15616,0.165);
#13506=CARTESIAN_POINT('',(-1.079033320618,0.6585106277466,-0.5));
#13507=VECTOR('',#15617,0.165);
#13508=CARTESIAN_POINT('',(-1.1057,0.6176595687866,-0.5));
#13509=VECTOR('',#15618,0.165);
#13510=CARTESIAN_POINT('',(-1.439033330154,0.3180851078033,-0.5));
#13511=VECTOR('',#15619,0.165);
#13512=CARTESIAN_POINT('',(-1.0657,0.3180851078033,-0.5));
#13513=VECTOR('',#15620,0.165);
#13514=CARTESIAN_POINT('',(-1.0657,0.25,-0.5));
#13515=VECTOR('',#15621,0.165);
#13516=CARTESIAN_POINT('',(-1.079033320618,-0.8060638332367,-0.5));
#13517=VECTOR('',#15622,0.165);
#13518=CARTESIAN_POINT('',(-1.1057,-0.8469148921967,-0.5));
#13519=VECTOR('',#15623,0.165);
#13520=CARTESIAN_POINT('',(-1.1457,-0.8741489362717,-0.5));
#13521=VECTOR('',#15624,0.165);
#13522=CARTESIAN_POINT('',(-1.199033320618,-0.9013829791546,-0.5));
#13523=VECTOR('',#15625,0.165);
#13524=CARTESIAN_POINT('',(-1.252366660309,-0.915,-0.5));
#13525=VECTOR('',#15626,0.165);
#13526=CARTESIAN_POINT('',(-1.359033339691,-0.915,-0.5));
#13527=VECTOR('',#15627,0.165);
#13528=CARTESIAN_POINT('',(-1.412366669846,-0.9013829791546,-0.5));
#13529=VECTOR('',#15628,0.165);
#13530=CARTESIAN_POINT('',(-1.4657,-0.8741489362717,-0.5));
#13531=VECTOR('',#15629,0.165);
#13532=CARTESIAN_POINT('',(-1.5057,-0.8469148921967,-0.5));
#13533=VECTOR('',#15630,0.165);
#13534=CARTESIAN_POINT('',(-1.532366666269,-0.8060638332367,-0.5));
#13535=VECTOR('',#15631,0.165);
#13536=CARTESIAN_POINT('',(-1.5457,-0.76521276474,-0.5));
#13537=VECTOR('',#15632,0.165);
#13538=CARTESIAN_POINT('',(-1.479033334923,-0.76521276474,-0.5));
#13539=VECTOR('',#15633,0.165);
#13540=CARTESIAN_POINT('',(-1.4657,-0.7924468040466,-0.5));
#13541=VECTOR('',#15634,0.165);
#13542=CARTESIAN_POINT('',(-1.439033330154,-0.81968085289,-0.5));
#13543=VECTOR('',#15635,0.165);
#13544=CARTESIAN_POINT('',(-1.412366669846,-0.8332978725433,-0.5));
#13545=VECTOR('',#15636,0.165);
#13546=CARTESIAN_POINT('',(-1.3457,-0.8469148921967,-0.5));
#13547=VECTOR('',#15637,0.165);
#13548=CARTESIAN_POINT('',(-1.2657,-0.8469148921967,-0.5));
#13549=VECTOR('',#15638,0.165);
#13550=CARTESIAN_POINT('',(-1.199033320618,-0.8332978725433,-0.5));
#13551=VECTOR('',#15639,0.165);
#13552=CARTESIAN_POINT('',(-1.172366679382,-0.81968085289,-0.5));
#13553=VECTOR('',#15640,0.165);
#13554=CARTESIAN_POINT('',(-1.1457,-0.7924468040466,-0.5));
#13555=VECTOR('',#15641,0.165);
#13556=CARTESIAN_POINT('',(-1.132366679382,-0.76521276474,-0.5));
#13557=VECTOR('',#15642,0.165);
#13558=CARTESIAN_POINT('',(-1.132366679382,-0.7107446861267,-0.5));
#13559=VECTOR('',#15643,0.165);
#13560=CARTESIAN_POINT('',(-1.159033320618,-0.6562765884399,-0.5));
#13561=VECTOR('',#15644,0.165);
#13562=CARTESIAN_POINT('',(-1.199033320618,-0.6290425491333,-0.5));
#13563=VECTOR('',#15645,0.165);
#13564=CARTESIAN_POINT('',(-1.279033339691,-0.61542552948,-0.5));
#13565=VECTOR('',#15646,0.165);
#13566=CARTESIAN_POINT('',(-1.332366660309,-0.61542552948,-0.5));
#13567=VECTOR('',#15647,0.165);
#13568=CARTESIAN_POINT('',(-1.332366660309,-0.5609574508667,-0.5));
#13569=VECTOR('',#15648,0.165);
#13570=CARTESIAN_POINT('',(-1.279033339691,-0.5609574508667,-0.5));
#13571=VECTOR('',#15649,0.165);
#13572=CARTESIAN_POINT('',(-1.199033320618,-0.5337234115601,-0.5));
#13573=VECTOR('',#15650,0.165);
#13574=CARTESIAN_POINT('',(-1.172366679382,-0.5064893722534,-0.5));
#13575=VECTOR('',#15651,0.165);
#13576=CARTESIAN_POINT('',(-1.1457,-0.4520212936401,-0.5));
#13577=VECTOR('',#15652,0.165);
#13578=CARTESIAN_POINT('',(-1.1457,-0.4247872161865,-0.5));
#13579=VECTOR('',#15653,0.165);
#13580=CARTESIAN_POINT('',(-1.172366679382,-0.3839361572266,-0.5));
#13581=VECTOR('',#15654,0.165);
#13582=CARTESIAN_POINT('',(-1.212366679382,-0.3567021179199,-0.5));
#13583=VECTOR('',#15655,0.165);
#13584=CARTESIAN_POINT('',(-1.279033339691,-0.3430850982666,-0.5));
#13585=VECTOR('',#15656,0.165);
#13586=CARTESIAN_POINT('',(-1.332366660309,-0.3430850982666,-0.5));
#13587=VECTOR('',#15657,0.165);
#13588=CARTESIAN_POINT('',(-1.399033330154,-0.3567021179199,-0.5));
#13589=VECTOR('',#15658,0.165);
#13590=CARTESIAN_POINT('',(-1.439033330154,-0.3839361572266,-0.5));
#13591=VECTOR('',#15659,0.165);
#13592=CARTESIAN_POINT('',(-1.4657,-0.4247872161865,-0.5));
#13593=VECTOR('',#15660,0.165);
#13594=CARTESIAN_POINT('',(-1.532366666269,-0.4247872161865,-0.5));
#13595=VECTOR('',#15661,0.165);
#13596=CARTESIAN_POINT('',(-1.519033332539,-0.3703191375732,-0.5));
#13597=VECTOR('',#15662,0.165);
#13598=CARTESIAN_POINT('',(-1.4657,-0.31585105896,-0.5));
#13599=VECTOR('',#15663,0.165);
#13600=CARTESIAN_POINT('',(-1.412366669846,-0.2886170196533,-0.5));
#13601=VECTOR('',#15664,0.165);
#13602=CARTESIAN_POINT('',(-1.319033339691,-0.275,-0.5));
#13603=VECTOR('',#15665,0.165);
#13604=CARTESIAN_POINT('',(-1.292366660309,-0.275,-0.5));
#13605=VECTOR('',#15666,0.165);
#13606=CARTESIAN_POINT('',(-1.199033320618,-0.2886170196533,-0.5));
#13607=VECTOR('',#15667,0.165);
#13608=CARTESIAN_POINT('',(-1.1457,-0.31585105896,-0.5));
#13609=VECTOR('',#15668,0.165);
#13610=CARTESIAN_POINT('',(-1.092366679382,-0.3703191375732,-0.5));
#13611=VECTOR('',#15669,0.165);
#13612=CARTESIAN_POINT('',(-1.079033320618,-0.4247872161865,-0.5));
#13613=VECTOR('',#15670,0.165);
#13614=CARTESIAN_POINT('',(-1.079033320618,-0.4520212936401,-0.5));
#13615=VECTOR('',#15671,0.165);
#13616=CARTESIAN_POINT('',(-1.092366679382,-0.5064893722534,-0.5));
#13617=VECTOR('',#15672,0.165);
#13618=CARTESIAN_POINT('',(-1.119033320618,-0.5473404312134,-0.5));
#13619=VECTOR('',#15673,0.165);
#13620=CARTESIAN_POINT('',(-1.172366679382,-0.5881914901733,-0.5));
#13621=VECTOR('',#15674,0.165);
#13622=CARTESIAN_POINT('',(-1.1057,-0.61542552948,-0.5));
#13623=VECTOR('',#15675,0.165);
#13624=CARTESIAN_POINT('',(-1.079033320618,-0.6562765884399,-0.5));
#13625=VECTOR('',#15676,0.165);
#13626=CARTESIAN_POINT('',(-1.0657,-0.7107446861267,-0.5));
#13627=VECTOR('',#15677,0.165);
#13628=CARTESIAN_POINT('',(-1.0657,-0.76521276474,-0.5));
#13629=VECTOR('',#15678,0.165);
#13630=CARTESIAN_POINT('',(0.75,-2.068454877794,-4.11870018728));
#13631=CARTESIAN_POINT('',(0.75,-2.068454877794,-4.11870018728));
#13632=VECTOR('',#15679,1.848607692701);
#13633=AXIS2_PLACEMENT_3D('',#15680,#15681,#15682);
#13634=CARTESIAN_POINT('',(0.75,2.068454877794,-4.11870018728));
#13635=AXIS2_PLACEMENT_3D('',#15683,#15684,#15685);
#13636=CARTESIAN_POINT('',(0.75,1.59,-5.904318100337));
#13637=VECTOR('',#15686,1.848607692701);
#13638=CARTESIAN_POINT('',(1.75,-2.068454877794,-4.11870018728));
#13639=CARTESIAN_POINT('',(0.75,-2.068454877794,-4.11870018728));
#13640=VECTOR('',#15687,1.0);
#13641=AXIS2_PLACEMENT_3D('',#15688,#15689,#15690);
#13642=CARTESIAN_POINT('',(1.75,-2.068454877794,-4.11870018728));
#13643=VECTOR('',#15691,1.848607692701);
#13644=CARTESIAN_POINT('',(1.75,2.068454877794,-4.11870018728));
#13645=CARTESIAN_POINT('',(1.75,1.59,-5.904318100337));
#13646=VECTOR('',#15692,1.848607692701);
#13647=AXIS2_PLACEMENT_3D('',#15693,#15694,#15695);
#13648=CARTESIAN_POINT('',(0.75,2.068454877794,-4.11870018728));
#13649=VECTOR('',#15696,1.0);
#13650=CARTESIAN_POINT('',(-1.75,-2.068454877794,-4.11870018728));
#13651=CARTESIAN_POINT('',(-1.75,-2.068454877794,-4.11870018728));
#13652=VECTOR('',#15697,1.848607692701);
#13653=AXIS2_PLACEMENT_3D('',#15698,#15699,#15700);
#13654=CARTESIAN_POINT('',(-1.75,2.068454877794,-4.11870018728));
#13655=AXIS2_PLACEMENT_3D('',#15701,#15702,#15703);
#13656=CARTESIAN_POINT('',(-1.75,1.59,-5.904318100337));
#13657=VECTOR('',#15704,1.848607692701);
#13658=CARTESIAN_POINT('',(-0.75,-2.068454877794,-4.11870018728));
#13659=CARTESIAN_POINT('',(-1.75,-2.068454877794,-4.11870018728));
#13660=VECTOR('',#15705,1.0);
#13661=AXIS2_PLACEMENT_3D('',#15706,#15707,#15708);
#13662=CARTESIAN_POINT('',(-0.75,-2.068454877794,-4.11870018728));
#13663=VECTOR('',#15709,1.848607692701);
#13664=CARTESIAN_POINT('',(-0.75,2.068454877794,-4.11870018728));
#13665=CARTESIAN_POINT('',(-0.75,1.59,-5.904318100337));
#13666=VECTOR('',#15710,1.848607692701);
#13667=AXIS2_PLACEMENT_3D('',#15711,#15712,#15713);
#13668=CARTESIAN_POINT('',(-1.75,2.068454877794,-4.11870018728));
#13669=VECTOR('',#15714,1.0);
#13670=CARTESIAN_POINT('',(4.225,2.102598846298,-0.4));
#13671=VECTOR('',#15715,8.47);
#13672=CARTESIAN_POINT('',(4.113700576851,2.371299423149,-0.4));
#13673=VECTOR('',#15716,8.47);
#13674=CARTESIAN_POINT('',(2.706299423149,3.778700576851,-0.4));
#13675=VECTOR('',#15717,8.47);
#13676=CARTESIAN_POINT('',(2.437598846298,3.89,-0.4));
#13677=VECTOR('',#15718,8.47);
#13678=CARTESIAN_POINT('',(1.25,3.89,-4.3));
#13679=CARTESIAN_POINT('',(1.25,3.89,-0.4));
#13680=VECTOR('',#15719,3.9);
#13681=CARTESIAN_POINT('',(-1.25,3.89,-4.3));
#13682=CARTESIAN_POINT('',(-1.25,3.89,-4.3));
#13683=VECTOR('',#15720,2.5);
#13684=CARTESIAN_POINT('',(-1.25,3.89,-0.4));
#13685=VECTOR('',#15721,3.9);
#13686=CARTESIAN_POINT('',(-2.439662314071,3.89,-0.4));
#13687=VECTOR('',#15722,8.47);
#13688=CARTESIAN_POINT('',(-2.705855738514,3.781184551151,-0.4));
#13689=VECTOR('',#15723,8.47);
#13690=CARTESIAN_POINT('',(-4.111193424443,2.401711976007,-0.4));
#13691=VECTOR('',#15724,8.47);
#13692=CARTESIAN_POINT('',(-4.225,2.130527424855,-0.4));
#13693=VECTOR('',#15725,8.47);
#13694=CARTESIAN_POINT('',(-1.25,4.27,-4.3));
#13695=CARTESIAN_POINT('',(-1.25,3.89,-4.3));
#13696=VECTOR('',#15726,0.38);
#13697=CARTESIAN_POINT('',(-1.25,4.27,-0.5196152422707));
#13698=CARTESIAN_POINT('',(-1.25,4.27,-0.5196152422707));
#13699=VECTOR('',#15727,3.780384757729);
#13700=CARTESIAN_POINT('',(-1.25,4.339059892324,-0.4));
#13701=VECTOR('',#15728,0.1381197846483);
#13702=CARTESIAN_POINT('',(1.25,4.27,-0.5196152422707));
#13703=CARTESIAN_POINT('',(1.25,4.27,-0.5196152422707));
#13704=VECTOR('',#15729,2.5);
#13705=CARTESIAN_POINT('',(1.25,4.339059892324,-0.4));
#13706=VECTOR('',#15730,0.1381197846483);
#13707=CARTESIAN_POINT('',(1.25,4.27,-4.3));
#13708=CARTESIAN_POINT('',(1.25,4.27,-0.5196152422707));
#13709=VECTOR('',#15731,3.780384757729);
#13710=CARTESIAN_POINT('',(1.25,3.89,-4.3));
#13711=VECTOR('',#15732,0.38);
#13712=CARTESIAN_POINT('',(1.25,4.27,-4.3));
#13713=VECTOR('',#15733,2.5);
#13714=CARTESIAN_POINT('',(4.225,1.45,-0.4));
#13715=VECTOR('',#15734,8.47);
#13716=CARTESIAN_POINT('',(4.845,1.45,-5.9));
#13717=VECTOR('',#15735,2.97);
#13718=CARTESIAN_POINT('',(4.845,-3.05,-5.9));
#13719=VECTOR('',#15736,2.97);
#13720=CARTESIAN_POINT('',(4.225,-3.05,-0.4));
#13721=VECTOR('',#15737,8.47);
#13722=CARTESIAN_POINT('',(4.225,-3.51,-0.4));
#13723=VECTOR('',#15738,8.47);
#13724=CARTESIAN_POINT('',(3.845,-3.89,-0.4));
#13725=VECTOR('',#15739,8.47);
#13726=CARTESIAN_POINT('',(-3.845,-3.89,-0.4));
#13727=VECTOR('',#15740,8.47);
#13728=CARTESIAN_POINT('',(-4.225,-3.51,-0.4));
#13729=VECTOR('',#15741,8.47);
#13730=CARTESIAN_POINT('',(5.697,-4.932,-0.318));
#13731=CARTESIAN_POINT('',(5.697,-4.932,-0.318));
#13732=VECTOR('',#15742,11.394);
#13733=CARTESIAN_POINT('',(5.697,-4.932,-0.318));
#13734=VECTOR('',#15743,10.982);
#13735=CARTESIAN_POINT('',(5.697,0.95,-2.25));
#13736=AXIS2_PLACEMENT_3D('',#15744,#15745,#15746);
#13737=CARTESIAN_POINT('',(5.697,1.45,-0.318));
#13738=CARTESIAN_POINT('',(5.697,1.45,-0.318));
#13739=VECTOR('',#15747,1.932);
#13740=CARTESIAN_POINT('',(5.697,5.482,-0.318));
#13741=CARTESIAN_POINT('',(5.697,5.482,-0.318));
#13742=VECTOR('',#15748,4.032);
#13743=CARTESIAN_POINT('',(5.697,5.482,-0.318));
#13744=VECTOR('',#15749,10.982);
#13745=CARTESIAN_POINT('',(5.697,-3.05,-0.318));
#13746=CARTESIAN_POINT('',(5.697,-3.05,-0.318));
#13747=VECTOR('',#15750,1.882);
#13748=CARTESIAN_POINT('',(5.697,-3.05,-2.25));
#13749=CARTESIAN_POINT('',(5.697,-3.05,-0.318));
#13750=VECTOR('',#15751,1.932);
#13751=AXIS2_PLACEMENT_3D('',#15752,#15753,#15754);
#13752=CARTESIAN_POINT('',(5.697,-2.55,-1.32));
#13753=CARTESIAN_POINT('',(5.697,-2.55,-1.32));
#13754=VECTOR('',#15755,0.9300000000001);
#13755=CARTESIAN_POINT('',(5.697,0.95,-1.32));
#13756=CARTESIAN_POINT('',(5.697,-2.55,-1.32));
#13757=VECTOR('',#15756,3.5);
#13758=CARTESIAN_POINT('',(5.697,0.95,-1.32));
#13759=VECTOR('',#15757,0.9300000000001);
#13760=CARTESIAN_POINT('',(-5.697,0.95,-2.25));
#13761=VECTOR('',#15758,0.318);
#13762=CARTESIAN_POINT('',(-4.375,0.95,-1.32));
#13763=AXIS2_PLACEMENT_3D('',#15759,#15760,#15761);
#13764=CARTESIAN_POINT('',(-4.375,0.95,-2.5));
#13765=CARTESIAN_POINT('',(-4.375,0.95,-1.32));
#13766=VECTOR('',#15762,1.18);
#13767=CARTESIAN_POINT('',(-4.319382122009,0.95,-2.769345439382));
#13768=AXIS2_PLACEMENT_3D('',#15763,#15764,#15765);
#13769=CARTESIAN_POINT('',(-3.540710418169,0.95,-4.574420334681));
#13770=CARTESIAN_POINT('',(-4.319382122009,0.95,-2.769345439382));
#13771=VECTOR('',#15766,1.965864949583);
#13772=CARTESIAN_POINT('',(-3.8,0.95,-5.356935750346));
#13773=AXIS2_PLACEMENT_3D('',#15767,#15768,#15769);
#13774=CARTESIAN_POINT('',(-3.943871500693,0.95,-5.44));
#13775=CARTESIAN_POINT('',(-3.8,0.95,-5.356935750346));
#13776=VECTOR('',#15770,0.1661284993073);
#13777=CARTESIAN_POINT('',(-4.102871500693,0.95,-5.164603921597));
#13778=CARTESIAN_POINT('',(-3.943871500693,0.95,-5.44));
#13779=VECTOR('',#15771,0.318);
#13780=CARTESIAN_POINT('',(-3.959,0.95,-5.081539671943));
#13781=CARTESIAN_POINT('',(-4.102871500693,0.95,-5.164603921597));
#13782=VECTOR('',#15772,0.1661284993073);
#13783=CARTESIAN_POINT('',(-3.832700881108,0.95,-4.700378937216));
#13784=AXIS2_PLACEMENT_3D('',#15773,#15774,#15775);
#13785=CARTESIAN_POINT('',(-4.611372584948,0.95,-2.895304041917));
#13786=CARTESIAN_POINT('',(-3.832700881108,0.95,-4.700378937216));
#13787=VECTOR('',#15776,1.965864949583);
#13788=CARTESIAN_POINT('',(-4.693,0.95,-2.5));
#13789=AXIS2_PLACEMENT_3D('',#15777,#15778,#15779);
#13790=CARTESIAN_POINT('',(-4.693,0.95,-1.32));
#13791=CARTESIAN_POINT('',(-4.693,0.95,-2.5));
#13792=VECTOR('',#15780,1.18);
#13793=AXIS2_PLACEMENT_3D('',#15781,#15782,#15783);
#13794=CARTESIAN_POINT('',(6.015,0.95,-2.25));
#13795=VECTOR('',#15784,0.318);
#13796=AXIS2_PLACEMENT_3D('',#15785,#15786,#15787);
#13797=CARTESIAN_POINT('',(4.693,0.95,-2.5));
#13798=CARTESIAN_POINT('',(4.693,0.95,-1.32));
#13799=VECTOR('',#15788,1.18);
#13800=CARTESIAN_POINT('',(4.611372584948,0.95,-2.895304041917));
#13801=AXIS2_PLACEMENT_3D('',#15789,#15790,#15791);
#13802=CARTESIAN_POINT('',(3.832700881108,0.95,-4.700378937216));
#13803=CARTESIAN_POINT('',(4.611372584948,0.95,-2.895304041917));
#13804=VECTOR('',#15792,1.965864949583);
#13805=CARTESIAN_POINT('',(3.959,0.95,-5.081539671943));
#13806=AXIS2_PLACEMENT_3D('',#15793,#15794,#15795);
#13807=CARTESIAN_POINT('',(4.102871500693,0.95,-5.164603921597));
#13808=CARTESIAN_POINT('',(3.959,0.95,-5.081539671943));
#13809=VECTOR('',#15796,0.1661284993073);
#13810=CARTESIAN_POINT('',(3.943871500693,0.95,-5.44));
#13811=CARTESIAN_POINT('',(4.102871500693,0.95,-5.164603921597));
#13812=VECTOR('',#15797,0.318);
#13813=CARTESIAN_POINT('',(3.8,0.95,-5.356935750346));
#13814=CARTESIAN_POINT('',(3.943871500693,0.95,-5.44));
#13815=VECTOR('',#15798,0.1661284993073);
#13816=CARTESIAN_POINT('',(3.540710418169,0.95,-4.574420334681));
#13817=AXIS2_PLACEMENT_3D('',#15799,#15800,#15801);
#13818=CARTESIAN_POINT('',(4.319382122009,0.95,-2.769345439382));
#13819=CARTESIAN_POINT('',(3.540710418169,0.95,-4.574420334681));
#13820=VECTOR('',#15802,1.965864949583);
#13821=CARTESIAN_POINT('',(4.375,0.95,-2.5));
#13822=AXIS2_PLACEMENT_3D('',#15803,#15804,#15805);
#13823=CARTESIAN_POINT('',(4.375,0.95,-2.5));
#13824=VECTOR('',#15806,1.18);
#13825=AXIS2_PLACEMENT_3D('',#15807,#15808,#15809);
#13826=CARTESIAN_POINT('',(-4.693,-2.55,-1.32));
#13827=CARTESIAN_POINT('',(-4.693,-2.55,-1.32));
#13828=VECTOR('',#15810,3.5);
#13829=AXIS2_PLACEMENT_3D('',#15811,#15812,#15813);
#13830=CARTESIAN_POINT('',(-4.693,-2.55,-2.5));
#13831=CARTESIAN_POINT('',(-4.693,-2.55,-2.5));
#13832=VECTOR('',#15814,1.18);
#13833=CARTESIAN_POINT('',(-4.611372584948,-2.55,-2.895304041917));
#13834=AXIS2_PLACEMENT_3D('',#15815,#15816,#15817);
#13835=CARTESIAN_POINT('',(-3.832700881108,-2.55,-4.700378937216));
#13836=CARTESIAN_POINT('',(-3.832700881108,-2.55,-4.700378937216));
#13837=VECTOR('',#15818,1.965864949583);
#13838=CARTESIAN_POINT('',(-3.959,-2.55,-5.081539671943));
#13839=AXIS2_PLACEMENT_3D('',#15819,#15820,#15821);
#13840=CARTESIAN_POINT('',(-4.102871500693,-2.55,-5.164603921597));
#13841=CARTESIAN_POINT('',(-4.102871500693,-2.55,-5.164603921597));
#13842=VECTOR('',#15822,0.1661284993073);
#13843=CARTESIAN_POINT('',(-3.943871500693,-2.55,-5.44));
#13844=CARTESIAN_POINT('',(-3.943871500693,-2.55,-5.44));
#13845=VECTOR('',#15823,0.318);
#13846=CARTESIAN_POINT('',(-3.8,-2.55,-5.356935750346));
#13847=CARTESIAN_POINT('',(-3.8,-2.55,-5.356935750346));
#13848=VECTOR('',#15824,0.1661284993073);
#13849=CARTESIAN_POINT('',(-3.540710418169,-2.55,-4.574420334681));
#13850=AXIS2_PLACEMENT_3D('',#15825,#15826,#15827);
#13851=CARTESIAN_POINT('',(-4.319382122009,-2.55,-2.769345439382));
#13852=CARTESIAN_POINT('',(-4.319382122009,-2.55,-2.769345439382));
#13853=VECTOR('',#15828,1.965864949583);
#13854=CARTESIAN_POINT('',(-4.375,-2.55,-2.5));
#13855=AXIS2_PLACEMENT_3D('',#15829,#15830,#15831);
#13856=CARTESIAN_POINT('',(-4.375,-2.55,-1.32));
#13857=CARTESIAN_POINT('',(-4.375,-2.55,-1.32));
#13858=VECTOR('',#15832,1.18);
#13859=AXIS2_PLACEMENT_3D('',#15833,#15834,#15835);
#13860=AXIS2_PLACEMENT_3D('',#15836,#15837,#15838);
#13861=CARTESIAN_POINT('',(4.375,-2.55,-2.5));
#13862=CARTESIAN_POINT('',(4.375,-2.55,-2.5));
#13863=VECTOR('',#15839,1.18);
#13864=CARTESIAN_POINT('',(4.319382122009,-2.55,-2.769345439382));
#13865=AXIS2_PLACEMENT_3D('',#15840,#15841,#15842);
#13866=CARTESIAN_POINT('',(3.540710418169,-2.55,-4.574420334681));
#13867=CARTESIAN_POINT('',(3.540710418169,-2.55,-4.574420334681));
#13868=VECTOR('',#15843,1.965864949583);
#13869=CARTESIAN_POINT('',(3.8,-2.55,-5.356935750346));
#13870=AXIS2_PLACEMENT_3D('',#15844,#15845,#15846);
#13871=CARTESIAN_POINT('',(3.943871500693,-2.55,-5.44));
#13872=CARTESIAN_POINT('',(3.943871500693,-2.55,-5.44));
#13873=VECTOR('',#15847,0.1661284993073);
#13874=CARTESIAN_POINT('',(4.102871500693,-2.55,-5.164603921597));
#13875=CARTESIAN_POINT('',(4.102871500693,-2.55,-5.164603921597));
#13876=VECTOR('',#15848,0.318);
#13877=CARTESIAN_POINT('',(3.959,-2.55,-5.081539671943));
#13878=CARTESIAN_POINT('',(3.959,-2.55,-5.081539671943));
#13879=VECTOR('',#15849,0.1661284993073);
#13880=CARTESIAN_POINT('',(3.832700881108,-2.55,-4.700378937216));
#13881=AXIS2_PLACEMENT_3D('',#15850,#15851,#15852);
#13882=CARTESIAN_POINT('',(4.611372584948,-2.55,-2.895304041917));
#13883=CARTESIAN_POINT('',(4.611372584948,-2.55,-2.895304041917));
#13884=VECTOR('',#15853,1.965864949583);
#13885=CARTESIAN_POINT('',(4.693,-2.55,-2.5));
#13886=AXIS2_PLACEMENT_3D('',#15854,#15855,#15856);
#13887=CARTESIAN_POINT('',(4.693,-2.55,-1.32));
#13888=VECTOR('',#15857,1.18);
#13889=AXIS2_PLACEMENT_3D('',#15858,#15859,#15860);
#13890=CARTESIAN_POINT('',(-4.375,-2.55,-1.32));
#13891=VECTOR('',#15861,3.5);
#13892=CARTESIAN_POINT('',(-4.375,-2.55,-2.5));
#13893=VECTOR('',#15862,3.5);
#13894=CARTESIAN_POINT('',(-4.319382122009,-2.55,-2.769345439382));
#13895=VECTOR('',#15863,3.5);
#13896=CARTESIAN_POINT('',(-3.540710418169,-2.55,-4.574420334681));
#13897=VECTOR('',#15864,3.5);
#13898=CARTESIAN_POINT('',(-3.8,-2.55,-5.356935750346));
#13899=VECTOR('',#15865,3.5);
#13900=CARTESIAN_POINT('',(-3.943871500693,-2.55,-5.44));
#13901=VECTOR('',#15866,3.5);
#13902=CARTESIAN_POINT('',(-4.102871500693,-2.55,-5.164603921597));
#13903=VECTOR('',#15867,3.5);
#13904=CARTESIAN_POINT('',(-3.959,-2.55,-5.081539671943));
#13905=VECTOR('',#15868,3.5);
#13906=CARTESIAN_POINT('',(-3.832700881108,-2.55,-4.700378937216));
#13907=VECTOR('',#15869,3.5);
#13908=CARTESIAN_POINT('',(-4.611372584948,-2.55,-2.895304041917));
#13909=VECTOR('',#15870,3.5);
#13910=CARTESIAN_POINT('',(-4.693,-2.55,-2.5));
#13911=VECTOR('',#15871,3.5);
#13912=CARTESIAN_POINT('',(-5.697,-3.05,-2.25));
#13913=VECTOR('',#15872,0.318);
#13914=CARTESIAN_POINT('',(6.015,-3.05,-2.25));
#13915=VECTOR('',#15873,0.318);
#13916=CARTESIAN_POINT('',(4.575,-3.05,-0.318));
#13917=CARTESIAN_POINT('',(4.575,-3.05,-0.318));
#13918=VECTOR('',#15874,1.122);
#13919=CARTESIAN_POINT('',(4.575,-3.05,0.0));
#13920=VECTOR('',#15875,0.318);
#13921=CARTESIAN_POINT('',(-4.575,-3.05,-0.318));
#13922=CARTESIAN_POINT('',(-4.575,-3.05,0.0));
#13923=VECTOR('',#15876,0.318);
#13924=CARTESIAN_POINT('',(-4.575,-3.05,-0.318));
#13925=VECTOR('',#15877,1.122);
#13926=CARTESIAN_POINT('',(4.575,-3.995,-0.318));
#13927=CARTESIAN_POINT('',(4.575,-3.995,-0.318));
#13928=VECTOR('',#15878,0.9449999999999);
#13929=CARTESIAN_POINT('',(4.575,-3.995,0.0));
#13930=VECTOR('',#15879,0.318);
#13931=CARTESIAN_POINT('',(4.325,-4.245,-0.318));
#13932=AXIS2_PLACEMENT_3D('',#15880,#15881,#15882);
#13933=CARTESIAN_POINT('',(4.325,-4.245,0.0));
#13934=VECTOR('',#15883,0.318);
#13935=CARTESIAN_POINT('',(-4.325,-4.245,-0.318));
#13936=CARTESIAN_POINT('',(-4.325,-4.245,-0.318));
#13937=VECTOR('',#15884,8.65);
#13938=CARTESIAN_POINT('',(-4.325,-4.245,0.0));
#13939=VECTOR('',#15885,0.318);
#13940=CARTESIAN_POINT('',(-4.575,-3.995,-0.318));
#13941=AXIS2_PLACEMENT_3D('',#15886,#15887,#15888);
#13942=CARTESIAN_POINT('',(-4.575,-3.995,0.0));
#13943=VECTOR('',#15889,0.318);
#13944=CARTESIAN_POINT('',(-4.575,-3.05,-0.318));
#13945=VECTOR('',#15890,0.9449999999999);
#13946=CARTESIAN_POINT('',(1.25,5.482,-0.318));
#13947=CARTESIAN_POINT('',(1.25,5.482,-0.318));
#13948=VECTOR('',#15891,4.447);
#13949=CARTESIAN_POINT('',(4.575,1.45,-0.318));
#13950=CARTESIAN_POINT('',(4.575,1.45,-0.318));
#13951=VECTOR('',#15892,1.122);
#13952=CARTESIAN_POINT('',(4.575,2.415,-0.318));
#13953=CARTESIAN_POINT('',(4.575,1.45,-0.318));
#13954=VECTOR('',#15893,0.965);
#13955=CARTESIAN_POINT('',(4.501776695297,2.591776695297,-0.318));
#13956=AXIS2_PLACEMENT_3D('',#15894,#15895,#15896);
#13957=CARTESIAN_POINT('',(2.921776695297,4.171776695297,-0.318));
#13958=CARTESIAN_POINT('',(4.501776695297,2.591776695297,-0.318));
#13959=VECTOR('',#15897,2.234457428549);
#13960=CARTESIAN_POINT('',(2.745,4.245,-0.318));
#13961=AXIS2_PLACEMENT_3D('',#15898,#15899,#15900);
#13962=CARTESIAN_POINT('',(1.25,4.245,-0.318));
#13963=CARTESIAN_POINT('',(2.745,4.245,-0.318));
#13964=VECTOR('',#15901,1.495);
#13965=CARTESIAN_POINT('',(1.25,4.245,-0.318));
#13966=VECTOR('',#15902,1.237);
#13967=CARTESIAN_POINT('',(-1.25,4.245,-0.318));
#13968=CARTESIAN_POINT('',(-2.745,4.245,-0.318));
#13969=CARTESIAN_POINT('',(-1.25,4.245,-0.318));
#13970=VECTOR('',#15903,1.495);
#13971=CARTESIAN_POINT('',(-2.921776695297,4.171776695297,-0.318));
#13972=AXIS2_PLACEMENT_3D('',#15904,#15905,#15906);
#13973=CARTESIAN_POINT('',(-4.501776695297,2.591776695297,-0.318));
#13974=CARTESIAN_POINT('',(-2.921776695297,4.171776695297,-0.318));
#13975=VECTOR('',#15907,2.234457428549);
#13976=CARTESIAN_POINT('',(-4.575,2.415,-0.318));
#13977=AXIS2_PLACEMENT_3D('',#15908,#15909,#15910);
#13978=CARTESIAN_POINT('',(-4.575,1.45,-0.318));
#13979=CARTESIAN_POINT('',(-4.575,2.415,-0.318));
#13980=VECTOR('',#15911,0.965);
#13981=CARTESIAN_POINT('',(-4.575,1.45,-0.318));
#13982=VECTOR('',#15912,1.122);
#13983=CARTESIAN_POINT('',(-1.25,5.482,-0.318));
#13984=CARTESIAN_POINT('',(-5.697,5.482,-0.318));
#13985=VECTOR('',#15913,4.447);
#13986=CARTESIAN_POINT('',(-1.25,4.245,-0.318));
#13987=VECTOR('',#15914,1.237);
#13988=CARTESIAN_POINT('',(1.25,4.245,0.0));
#13989=VECTOR('',#15915,0.318);
#13990=CARTESIAN_POINT('',(1.25,5.482,-0.318));
#13991=VECTOR('',#15916,0.832);
#13992=CARTESIAN_POINT('',(-0.75,5.482,-0.638));
#13993=CARTESIAN_POINT('',(0.75,5.482,-0.638));
#13994=CARTESIAN_POINT('',(-0.75,5.482,-0.638));
#13995=VECTOR('',#15917,1.5);
#13996=CARTESIAN_POINT('',(-0.75,5.482,-0.638));
#13997=VECTOR('',#15918,0.512);
#13998=CARTESIAN_POINT('',(-1.25,5.482,-1.15));
#13999=AXIS2_PLACEMENT_3D('',#15919,#15920,#15921);
#14000=CARTESIAN_POINT('',(-1.25,5.482,-0.318));
#14001=VECTOR('',#15922,0.832);
#14002=CARTESIAN_POINT('',(0.75,5.482,-1.15));
#14003=AXIS2_PLACEMENT_3D('',#15923,#15924,#15925);
#14004=CARTESIAN_POINT('',(0.75,5.482,-0.638));
#14005=VECTOR('',#15926,0.512);
#14006=CARTESIAN_POINT('',(0.75,5.162,0.0));
#14007=CARTESIAN_POINT('',(0.75,4.5267614196,0.0));
#14008=CARTESIAN_POINT('',(0.75,5.162,0.0));
#14009=VECTOR('',#15927,0.6352385803996);
#14010=CARTESIAN_POINT('',(0.75,3.89,-0.5982646944336));
#14011=AXIS2_PLACEMENT_3D('',#15928,#15929,#15930);
#14012=CARTESIAN_POINT('',(0.75,3.363776002921,-2.446017462247));
#14013=AXIS2_PLACEMENT_3D('',#15931,#15932,#15933);
#14014=CARTESIAN_POINT('',(0.75,3.381368852986,-2.662399789452));
#14015=AXIS2_PLACEMENT_3D('',#15934,#15935,#15936);
#14016=CARTESIAN_POINT('',(0.75,3.510059456562,-2.83));
#14017=CARTESIAN_POINT('',(0.75,3.381368852986,-2.662399789452));
#14018=VECTOR('',#15937,0.2113080737324);
#14019=CARTESIAN_POINT('',(0.75,4.207382651149,-0.6180700661736));
#14020=AXIS2_PLACEMENT_3D('',#15938,#15939,#15940);
#14021=CARTESIAN_POINT('',(0.75,4.5267614196,-0.318));
#14022=AXIS2_PLACEMENT_3D('',#15941,#15942,#15943);
#14023=CARTESIAN_POINT('',(0.75,5.162,-0.318));
#14024=CARTESIAN_POINT('',(0.75,4.5267614196,-0.318));
#14025=VECTOR('',#15944,0.6352385803996);
#14026=AXIS2_PLACEMENT_3D('',#15945,#15946,#15947);
#14027=CARTESIAN_POINT('',(0.75,5.8,-1.15));
#14028=VECTOR('',#15948,0.318);
#14029=AXIS2_PLACEMENT_3D('',#15949,#15950,#15951);
#14030=CARTESIAN_POINT('',(-0.75,5.162,0.0));
#14031=AXIS2_PLACEMENT_3D('',#15952,#15953,#15954);
#14032=CARTESIAN_POINT('',(-0.75,5.162,0.0));
#14033=VECTOR('',#15955,1.5);
#14034=CARTESIAN_POINT('',(-0.75,4.5267614196,0.0));
#14035=CARTESIAN_POINT('',(-0.75,4.5267614196,0.0));
#14036=VECTOR('',#15956,1.5);
#14037=CARTESIAN_POINT('',(-0.75,5.162,0.0));
#14038=VECTOR('',#15957,0.6352385803996);
#14039=CARTESIAN_POINT('',(-0.75,4.5267614196,-0.318));
#14040=CARTESIAN_POINT('',(-0.75,5.162,-0.318));
#14041=CARTESIAN_POINT('',(-0.75,4.5267614196,-0.318));
#14042=VECTOR('',#15958,0.6352385803996);
#14043=CARTESIAN_POINT('',(-0.75,4.207382651149,-0.6180700661736));
#14044=AXIS2_PLACEMENT_3D('',#15959,#15960,#15961);
#14045=CARTESIAN_POINT('',(-0.75,3.510059456562,-2.83));
#14046=AXIS2_PLACEMENT_3D('',#15962,#15963,#15964);
#14047=CARTESIAN_POINT('',(-0.75,3.381368852986,-2.662399789452));
#14048=CARTESIAN_POINT('',(-0.75,3.381368852986,-2.662399789452));
#14049=VECTOR('',#15965,0.2113080737324);
#14050=CARTESIAN_POINT('',(-0.75,3.363776002921,-2.446017462247));
#14051=AXIS2_PLACEMENT_3D('',#15966,#15967,#15968);
#14052=CARTESIAN_POINT('',(-0.75,3.89,-0.5982646944336));
#14053=AXIS2_PLACEMENT_3D('',#15969,#15970,#15971);
#14054=AXIS2_PLACEMENT_3D('',#15972,#15973,#15974);
#14055=AXIS2_PLACEMENT_3D('',#15975,#15976,#15977);
#14056=CARTESIAN_POINT('',(-0.75,5.162,-0.318));
#14057=VECTOR('',#15978,1.5);
#14058=CARTESIAN_POINT('',(-0.75,4.5267614196,-0.318));
#14059=VECTOR('',#15979,1.5);
#14060=CARTESIAN_POINT('',(-0.75,4.207382651149,-0.6180700661736));
#14061=VECTOR('',#15980,1.5);
#14062=CARTESIAN_POINT('',(-0.75,3.510059456562,-2.83));
#14063=VECTOR('',#15981,1.5);
#14064=CARTESIAN_POINT('',(-0.75,3.381368852986,-2.662399789452));
#14065=VECTOR('',#15982,1.5);
#14066=CARTESIAN_POINT('',(-0.75,3.363776002921,-2.446017462247));
#14067=VECTOR('',#15983,1.5);
#14068=CARTESIAN_POINT('',(-0.75,3.89,-0.5982646944336));
#14069=VECTOR('',#15984,1.5);
#14070=CARTESIAN_POINT('',(-1.25,5.8,-1.15));
#14071=VECTOR('',#15985,0.318);
#14072=CARTESIAN_POINT('',(-1.25,4.245,0.0));
#14073=VECTOR('',#15986,0.318);
#14074=CARTESIAN_POINT('',(-2.745,4.245,0.0));
#14075=VECTOR('',#15987,0.318);
#14076=CARTESIAN_POINT('',(-2.921776695297,4.171776695297,0.0));
#14077=VECTOR('',#15988,0.318);
#14078=CARTESIAN_POINT('',(-4.501776695297,2.591776695297,0.0));
#14079=VECTOR('',#15989,0.318);
#14080=CARTESIAN_POINT('',(-4.575,2.415,0.0));
#14081=VECTOR('',#15990,0.318);
#14082=CARTESIAN_POINT('',(-4.575,1.45,0.0));
#14083=VECTOR('',#15991,0.318);
#14084=CARTESIAN_POINT('',(4.575,1.45,0.0));
#14085=VECTOR('',#15992,0.318);
#14086=CARTESIAN_POINT('',(4.575,2.415,0.0));
#14087=VECTOR('',#15993,0.318);
#14088=CARTESIAN_POINT('',(4.501776695297,2.591776695297,0.0));
#14089=VECTOR('',#15994,0.318);
#14090=CARTESIAN_POINT('',(2.921776695297,4.171776695297,0.0));
#14091=VECTOR('',#15995,0.318);
#14092=CARTESIAN_POINT('',(2.745,4.245,0.0));
#14093=VECTOR('',#15996,0.318);
#14094=CARTESIAN_POINT('',(4.693,-2.55,-2.5));
#14095=VECTOR('',#15997,3.5);
#14096=CARTESIAN_POINT('',(4.611372584948,-2.55,-2.895304041917));
#14097=VECTOR('',#15998,3.5);
#14098=CARTESIAN_POINT('',(3.832700881108,-2.55,-4.700378937216));
#14099=VECTOR('',#15999,3.5);
#14100=CARTESIAN_POINT('',(3.959,-2.55,-5.081539671943));
#14101=VECTOR('',#16000,3.5);
#14102=CARTESIAN_POINT('',(4.102871500693,-2.55,-5.164603921597));
#14103=VECTOR('',#16001,3.5);
#14104=CARTESIAN_POINT('',(3.943871500693,-2.55,-5.44));
#14105=VECTOR('',#16002,3.5);
#14106=CARTESIAN_POINT('',(3.8,-2.55,-5.356935750346));
#14107=VECTOR('',#16003,3.5);
#14108=CARTESIAN_POINT('',(3.540710418169,-2.55,-4.574420334681));
#14109=VECTOR('',#16004,3.5);
#14110=CARTESIAN_POINT('',(4.319382122009,-2.55,-2.769345439382));
#14111=VECTOR('',#16005,3.5);
#14112=CARTESIAN_POINT('',(4.375,-2.55,-2.5));
#14113=VECTOR('',#16006,3.5);
#14114=CARTESIAN_POINT('',(-5.552102663962,-5.207154725441,-9.26));
#14115=AXIS2_PLACEMENT_3D('',#16007,#16008,#16009);
#14116=CARTESIAN_POINT('',(-5.35,-5.31,-9.287284593443));
#14117=CARTESIAN_POINT('',(-5.392597131282,-5.31,-9.284519261879));
#14118=CARTESIAN_POINT('',(-5.467267067145,-5.289761130047,-9.276884406566));
#14119=CARTESIAN_POINT('',(-5.527252762129,-5.241283642093,-9.266313642308));
#14120=CARTESIAN_POINT('',(-5.552102663962,-5.207154725441,-9.26));
#14121=CARTESIAN_POINT('',(-5.35,-5.31,-11.27271540656));
#14122=CARTESIAN_POINT('',(-5.392597131282,-5.31,-11.27548073812));
#14123=CARTESIAN_POINT('',(-5.467267067145,-5.289761130047,-11.28311559343));
#14124=CARTESIAN_POINT('',(-5.527252762129,-5.241283642093,-11.29368635769));
#14125=CARTESIAN_POINT('',(-5.552102663962,-5.207154725441,-11.3));
#14126=CARTESIAN_POINT('',(-5.643,-5.25,-9.26));
#14127=VECTOR('',#16010,0.100489020549);
#14128=CARTESIAN_POINT('',(-5.936751378789,-6.062304517766,-9.352805405015));
#14129=CARTESIAN_POINT('',(-5.936751378789,-6.062304517766,-9.352805405015));
#14130=CARTESIAN_POINT('',(-5.838474100227,-5.944192337427,-9.342918308471));
#14131=CARTESIAN_POINT('',(-5.696128789752,-5.688983357992,-9.317010275035));
#14132=CARTESIAN_POINT('',(-5.643,-5.402529863323,-9.281007286802));
#14133=CARTESIAN_POINT('',(-5.643,-5.25,-9.26));
#14134=CARTESIAN_POINT('',(-7.095540871749,-7.454967761701,-9.469384371779));
#14135=CARTESIAN_POINT('',(-5.936751378789,-6.062304517766,-9.352805405015));
#14136=VECTOR('',#16011,1.815459901923);
#14137=CARTESIAN_POINT('',(-7.095540871749,-7.454967761701,-9.469384371779));
#14138=CARTESIAN_POINT('',(-7.154221417394,-7.525491562228,-9.475287874893));
#14139=CARTESIAN_POINT('',(-7.209760576776,-7.673955149621,-9.492129625389));
#14140=CARTESIAN_POINT('',(-7.192707561798,-7.831126691562,-9.514883242796));
#14141=CARTESIAN_POINT('',(-7.153956467909,-7.913338119527,-9.528721525259));
#14142=CARTESIAN_POINT('',(-6.545088207927,-9.205067566929,-9.74615257348));
#14143=CARTESIAN_POINT('',(-7.153956467909,-7.913338119527,-9.528721525259));
#14144=VECTOR('',#16012,1.444493608165);
#14145=CARTESIAN_POINT('',(-6.25744133166,-9.069482632023,-9.74615257348));
#14146=CARTESIAN_POINT('',(-6.545088207927,-9.205067566929,-9.74615257348));
#14147=VECTOR('',#16013,0.318);
#14148=CARTESIAN_POINT('',(-6.866309591641,-7.777753184621,-9.528721525259));
#14149=VECTOR('',#16014,1.444493608165);
#14150=CARTESIAN_POINT('',(-6.851094366595,-7.658363696071,-9.513266266678));
#14151=CARTESIAN_POINT('',(-6.851094366595,-7.658363696071,-9.513266266678));
#14152=CARTESIAN_POINT('',(-6.86637860174,-7.676732685976,-9.514803923303));
#14153=CARTESIAN_POINT('',(-6.880844615346,-7.715402271529,-9.519190611804));
#14154=CARTESIAN_POINT('',(-6.876402899817,-7.756339975477,-9.525117135408));
#14155=CARTESIAN_POINT('',(-6.866309591641,-7.777753184621,-9.528721525259));
#14156=CARTESIAN_POINT('',(-5.692304873635,-6.265700452136,-9.396687299914));
#14157=CARTESIAN_POINT('',(-6.851094366595,-7.658363696071,-9.513266266678));
#14158=VECTOR('',#16015,1.815459901923);
#14159=CARTESIAN_POINT('',(-5.692304873635,-6.265700452136,-9.396687299914));
#14160=CARTESIAN_POINT('',(-5.576651864852,-6.126705668907,-9.385052133778));
#14161=CARTESIAN_POINT('',(-5.404828032542,-5.826623241833,-9.35487756629));
#14162=CARTESIAN_POINT('',(-5.33291825016,-5.489430759555,-9.313105743267));
#14163=CARTESIAN_POINT('',(-5.32613390609,-5.31,-9.288833938688));
#14164=CARTESIAN_POINT('',(-5.692304873635,-6.265700452136,-11.16331270009));
#14165=CARTESIAN_POINT('',(-5.692304873635,-6.265700452136,-11.16331270009));
#14166=VECTOR('',#16016,1.766625400172);
#14167=CARTESIAN_POINT('',(-5.692304873635,-6.265700452136,-11.16331270009));
#14168=CARTESIAN_POINT('',(-5.576651864852,-6.126705668907,-11.17494786622));
#14169=CARTESIAN_POINT('',(-5.404828032542,-5.826623241833,-11.20512243371));
#14170=CARTESIAN_POINT('',(-5.33291825016,-5.489430759555,-11.24689425673));
#14171=CARTESIAN_POINT('',(-5.32613390609,-5.31,-11.27116606131));
#14172=CARTESIAN_POINT('',(-6.851094366595,-7.658363696071,-11.04673373332));
#14173=CARTESIAN_POINT('',(-6.851094366595,-7.658363696071,-11.04673373332));
#14174=VECTOR('',#16017,1.815459901923);
#14175=CARTESIAN_POINT('',(-6.851094366595,-7.658363696071,-11.04673373332));
#14176=CARTESIAN_POINT('',(-6.86637860174,-7.676732685976,-11.0451960767));
#14177=CARTESIAN_POINT('',(-6.880844615346,-7.715402271529,-11.0408093882));
#14178=CARTESIAN_POINT('',(-6.876402899817,-7.756339975477,-11.03488286459));
#14179=CARTESIAN_POINT('',(-6.866309591641,-7.777753184621,-11.03127847474));
#14180=CARTESIAN_POINT('',(-6.25744133166,-9.069482632023,-10.81384742652));
#14181=CARTESIAN_POINT('',(-6.866309591641,-7.777753184621,-11.03127847474));
#14182=VECTOR('',#16018,1.444493608165);
#14183=CARTESIAN_POINT('',(-6.545088207927,-9.205067566929,-10.81384742652));
#14184=CARTESIAN_POINT('',(-6.545088207927,-9.205067566929,-10.81384742652));
#14185=VECTOR('',#16019,0.318);
#14186=CARTESIAN_POINT('',(-7.153956467909,-7.913338119527,-11.03127847474));
#14187=VECTOR('',#16020,1.444493608165);
#14188=CARTESIAN_POINT('',(-7.095540871749,-7.454967761701,-11.09061562822));
#14189=CARTESIAN_POINT('',(-7.095540871749,-7.454967761701,-11.09061562822));
#14190=CARTESIAN_POINT('',(-7.154221417394,-7.525491562228,-11.08471212511));
#14191=CARTESIAN_POINT('',(-7.209760576776,-7.673955149621,-11.06787037461));
#14192=CARTESIAN_POINT('',(-7.192707561798,-7.831126691562,-11.0451167572));
#14193=CARTESIAN_POINT('',(-7.153956467909,-7.913338119527,-11.03127847474));
#14194=CARTESIAN_POINT('',(-5.936751378789,-6.062304517766,-11.20719459499));
#14195=CARTESIAN_POINT('',(-5.936751378789,-6.062304517766,-11.20719459499));
#14196=VECTOR('',#16021,1.815459901923);
#14197=CARTESIAN_POINT('',(-5.936751378789,-6.062304517766,-11.20719459499));
#14198=CARTESIAN_POINT('',(-5.838474100227,-5.944192337427,-11.21708169153));
#14199=CARTESIAN_POINT('',(-5.696128789752,-5.688983357992,-11.24298972497));
#14200=CARTESIAN_POINT('',(-5.643,-5.402529863323,-11.2789927132));
#14201=CARTESIAN_POINT('',(-5.643,-5.25,-11.3));
#14202=CARTESIAN_POINT('',(-5.936751378789,-6.062304517766,-11.20719459499));
#14203=VECTOR('',#16022,1.854389189971);
#14204=CARTESIAN_POINT('',(-7.095540871749,-7.454967761701,-11.09061562822));
#14205=VECTOR('',#16023,1.621231256443);
#14206=AXIS2_PLACEMENT_3D('',#16024,#16025,#16026);
#14207=AXIS2_PLACEMENT_3D('',#16027,#16028,#16029);
#14208=CARTESIAN_POINT('',(-6.851094366595,-7.658363696071,-11.04673373332));
#14209=VECTOR('',#16030,1.533467466644);
#14210=CARTESIAN_POINT('',(-2.65,-5.56,-9.17));
#14211=CARTESIAN_POINT('',(-2.65,-5.31,-9.17));
#14212=VECTOR('',#16031,0.25);
#14213=CARTESIAN_POINT('',(-2.65,-5.56,-9.17));
#14214=VECTOR('',#16032,6.53);
#14215=AXIS2_PLACEMENT_3D('',#16033,#16034,#16035);
#14216=CARTESIAN_POINT('',(-2.0,-5.56,-9.17));
#14217=CARTESIAN_POINT('',(-2.0,-5.31,-9.17));
#14218=VECTOR('',#16036,0.25);
#14219=AXIS2_PLACEMENT_3D('',#16037,#16038,#16039);
#14220=CARTESIAN_POINT('',(-2.0,-5.56,-15.7));
#14221=VECTOR('',#16040,6.53);
#14222=CARTESIAN_POINT('',(-4.2,-5.56,-9.17));
#14223=AXIS2_PLACEMENT_3D('',#16041,#16042,#16043);
#14224=CARTESIAN_POINT('',(-4.2,-5.56,-4.99));
#14225=CARTESIAN_POINT('',(-4.2,-5.56,-9.17));
#14226=VECTOR('',#16044,4.18);
#14227=AXIS2_PLACEMENT_3D('',#16045,#16046,#16047);
#14228=CARTESIAN_POINT('',(-4.2,-5.31,-4.99));
#14229=VECTOR('',#16048,0.25);
#14230=CARTESIAN_POINT('',(-4.85,-5.56,-4.99));
#14231=CARTESIAN_POINT('',(-4.85,-5.31,-4.99));
#14232=VECTOR('',#16049,0.25);
#14233=AXIS2_PLACEMENT_3D('',#16050,#16051,#16052);
#14234=CARTESIAN_POINT('',(-4.85,-5.56,-9.17));
#14235=CARTESIAN_POINT('',(-4.85,-5.56,-4.99));
#14236=VECTOR('',#16053,4.18);
#14237=AXIS2_PLACEMENT_3D('',#16054,#16055,#16056);
#14238=CARTESIAN_POINT('',(-4.85,-5.31,-9.17));
#14239=VECTOR('',#16057,0.25);
#14240=CARTESIAN_POINT('',(-4.2,-5.31,-9.17));
#14241=VECTOR('',#16058,0.25);
#14242=CARTESIAN_POINT('',(5.692304873635,-6.265700452136,-9.396687299914));
#14243=CARTESIAN_POINT('',(5.32613390609,-5.31,-9.288833938688));
#14244=CARTESIAN_POINT('',(5.33291825016,-5.489430759555,-9.313105743267));
#14245=CARTESIAN_POINT('',(5.404828032542,-5.826623241833,-9.35487756629));
#14246=CARTESIAN_POINT('',(5.576651864852,-6.126705668907,-9.385052133778));
#14247=CARTESIAN_POINT('',(5.692304873635,-6.265700452136,-9.396687299914));
#14248=CARTESIAN_POINT('',(6.851094366595,-7.658363696071,-9.513266266678));
#14249=CARTESIAN_POINT('',(5.692304873635,-6.265700452136,-9.396687299914));
#14250=VECTOR('',#16059,1.815459901923);
#14251=CARTESIAN_POINT('',(6.866309591641,-7.777753184621,-9.528721525259));
#14252=CARTESIAN_POINT('',(6.876402899817,-7.756339975477,-9.525117135408));
#14253=CARTESIAN_POINT('',(6.880844615346,-7.715402271529,-9.519190611804));
#14254=CARTESIAN_POINT('',(6.86637860174,-7.676732685976,-9.514803923303));
#14255=CARTESIAN_POINT('',(6.851094366595,-7.658363696071,-9.513266266678));
#14256=CARTESIAN_POINT('',(6.25744133166,-9.069482632023,-9.74615257348));
#14257=CARTESIAN_POINT('',(6.866309591641,-7.777753184621,-9.528721525259));
#14258=VECTOR('',#16060,1.444493608165);
#14259=CARTESIAN_POINT('',(6.545088207927,-9.205067566929,-9.74615257348));
#14260=CARTESIAN_POINT('',(6.545088207927,-9.205067566929,-9.74615257348));
#14261=VECTOR('',#16061,0.318);
#14262=CARTESIAN_POINT('',(7.153956467909,-7.913338119527,-9.528721525259));
#14263=VECTOR('',#16062,1.444493608165);
#14264=CARTESIAN_POINT('',(7.095540871749,-7.454967761701,-9.469384371779));
#14265=CARTESIAN_POINT('',(7.153956467909,-7.913338119527,-9.528721525259));
#14266=CARTESIAN_POINT('',(7.192707561798,-7.831126691562,-9.514883242796));
#14267=CARTESIAN_POINT('',(7.209760576776,-7.673955149621,-9.492129625389));
#14268=CARTESIAN_POINT('',(7.154221417394,-7.525491562228,-9.475287874893));
#14269=CARTESIAN_POINT('',(7.095540871749,-7.454967761701,-9.469384371779));
#14270=CARTESIAN_POINT('',(7.095540871749,-7.454967761701,-9.469384371779));
#14271=VECTOR('',#16063,1.815459901923);
#14272=CARTESIAN_POINT('',(5.643,-5.25,-9.26));
#14273=VECTOR('',#16064,0.100489020549);
#14274=CARTESIAN_POINT('',(7.095540871749,-7.454967761701,-11.09061562822));
#14275=VECTOR('',#16065,1.621231256443);
#14276=AXIS2_PLACEMENT_3D('',#16066,#16067,#16068);
#14277=AXIS2_PLACEMENT_3D('',#16069,#16070,#16071);
#14278=CARTESIAN_POINT('',(6.851094366595,-7.658363696071,-11.04673373332));
#14279=VECTOR('',#16072,1.533467466644);
#14280=CARTESIAN_POINT('',(5.692304873635,-6.265700452136,-11.16331270009));
#14281=VECTOR('',#16073,1.766625400172);
#14282=DIRECTION('',(0.0,0.0,1.0));
#14283=DIRECTION('',(0.0,0.0,1.0));
#14284=DIRECTION('',(-0.0,-0.0,-1.0));
#14285=DIRECTION('',(0.0,0.0,1.0));
#14286=DIRECTION('',(-0.0,-0.0,-1.0));
#14287=DIRECTION('',(0.0,0.0,1.0));
#14288=DIRECTION('',(-0.0,0.0,1.0));
#14289=DIRECTION('',(0.0,0.0,1.0));
#14290=DIRECTION('',(-0.0,-1.0,-0.0));
#14291=CARTESIAN_POINT('',(5.195,0.95,-1.32));
#14292=DIRECTION('',(0.0,1.0,0.0));
#14293=DIRECTION('',(-1.0,0.0,0.0));
#14294=DIRECTION('',(0.0,1.0,0.0));
#14295=CARTESIAN_POINT('',(5.195,-2.55,-1.32));
#14296=DIRECTION('',(0.0,1.0,0.0));
#14297=DIRECTION('',(-1.0,0.0,0.0));
#14298=DIRECTION('',(0.0,1.0,0.0));
#14299=CARTESIAN_POINT('',(5.195,-2.55,-1.32));
#14300=DIRECTION('',(0.0,-1.0,0.0));
#14301=DIRECTION('',(1.0,0.0,0.0));
#14302=DIRECTION('',(0.0,1.0,0.0));
#14303=CARTESIAN_POINT('',(5.195,0.95,-1.32));
#14304=DIRECTION('',(0.0,-1.0,0.0));
#14305=DIRECTION('',(1.0,0.0,0.0));
#14306=DIRECTION('',(0.0,1.0,-0.0));
#14307=CARTESIAN_POINT('',(1.0,5.482,-1.15));
#14308=DIRECTION('',(-0.0,1.0,0.0));
#14309=DIRECTION('',(1.0,0.0,0.0));
#14310=DIRECTION('',(0.0,-1.0,0.0));
#14311=CARTESIAN_POINT('',(1.0,5.8,-1.15));
#14312=DIRECTION('',(-0.0,1.0,0.0));
#14313=DIRECTION('',(1.0,0.0,0.0));
#14314=DIRECTION('',(-1.0,-0.0,-0.0));
#14315=CARTESIAN_POINT('',(6.015,1.2,-2.25));
#14316=DIRECTION('',(1.0,0.0,0.0));
#14317=DIRECTION('',(0.0,-1.0,0.0));
#14318=DIRECTION('',(-1.0,0.0,0.0));
#14319=CARTESIAN_POINT('',(5.697,1.2,-2.25));
#14320=DIRECTION('',(1.0,0.0,0.0));
#14321=DIRECTION('',(0.0,-1.0,0.0));
#14322=DIRECTION('',(-1.0,-0.0,-0.0));
#14323=CARTESIAN_POINT('',(-5.697,1.2,-2.25));
#14324=DIRECTION('',(1.0,0.0,0.0));
#14325=DIRECTION('',(0.0,-1.0,0.0));
#14326=DIRECTION('',(-1.0,0.0,0.0));
#14327=CARTESIAN_POINT('',(-6.015,1.2,-2.25));
#14328=DIRECTION('',(1.0,0.0,0.0));
#14329=DIRECTION('',(0.0,-1.0,0.0));
#14330=DIRECTION('',(0.0,1.0,-0.0));
#14331=CARTESIAN_POINT('',(-1.0,5.482,-1.15));
#14332=DIRECTION('',(-0.0,1.0,0.0));
#14333=DIRECTION('',(1.0,0.0,0.0));
#14334=DIRECTION('',(0.0,-1.0,0.0));
#14335=CARTESIAN_POINT('',(-1.0,5.8,-1.15));
#14336=DIRECTION('',(-0.0,1.0,0.0));
#14337=DIRECTION('',(1.0,0.0,0.0));
#14338=DIRECTION('',(-1.0,-0.0,-0.0));
#14339=CARTESIAN_POINT('',(6.015,-2.8,-2.25));
#14340=DIRECTION('',(1.0,0.0,0.0));
#14341=DIRECTION('',(0.0,-1.0,0.0));
#14342=DIRECTION('',(-1.0,0.0,0.0));
#14343=CARTESIAN_POINT('',(5.697,-2.8,-2.25));
#14344=DIRECTION('',(1.0,0.0,0.0));
#14345=DIRECTION('',(0.0,-1.0,0.0));
#14346=DIRECTION('',(-1.0,-0.0,-0.0));
#14347=CARTESIAN_POINT('',(-5.697,-2.8,-2.25));
#14348=DIRECTION('',(1.0,0.0,0.0));
#14349=DIRECTION('',(0.0,-1.0,0.0));
#14350=DIRECTION('',(-1.0,0.0,0.0));
#14351=CARTESIAN_POINT('',(-6.015,-2.8,-2.25));
#14352=DIRECTION('',(1.0,0.0,0.0));
#14353=DIRECTION('',(0.0,-1.0,0.0));
#14354=DIRECTION('',(-0.0,-1.0,-0.0));
#14355=CARTESIAN_POINT('',(-5.195,0.95,-1.32));
#14356=DIRECTION('',(0.0,1.0,0.0));
#14357=DIRECTION('',(-1.0,0.0,0.0));
#14358=DIRECTION('',(0.0,1.0,0.0));
#14359=CARTESIAN_POINT('',(-5.195,-2.55,-1.32));
#14360=DIRECTION('',(0.0,1.0,0.0));
#14361=DIRECTION('',(-1.0,0.0,0.0));
#14362=DIRECTION('',(0.0,1.0,0.0));
#14363=CARTESIAN_POINT('',(-5.195,-2.55,-1.32));
#14364=DIRECTION('',(0.0,-1.0,0.0));
#14365=DIRECTION('',(1.0,0.0,0.0));
#14366=DIRECTION('',(0.0,1.0,0.0));
#14367=CARTESIAN_POINT('',(-5.195,0.95,-1.32));
#14368=DIRECTION('',(0.0,-1.0,0.0));
#14369=DIRECTION('',(1.0,0.0,0.0));
#14370=DIRECTION('',(0.0,0.0,1.0));
#14371=CARTESIAN_POINT('',(-2.8,0.0,-8.87));
#14372=DIRECTION('',(0.0,0.0,-1.0));
#14373=DIRECTION('',(0.0,-1.0,0.0));
#14374=DIRECTION('',(0.0,0.0,-1.0));
#14375=DIRECTION('',(0.0,-0.0,-1.0));
#14376=DIRECTION('',(0.0,0.0,-1.0));
#14377=CARTESIAN_POINT('',(2.8,0.0,-8.87));
#14378=DIRECTION('',(0.0,0.0,-1.0));
#14379=DIRECTION('',(0.0,1.0,0.0));
#14380=DIRECTION('',(0.0,1.0,0.0));
#14381=DIRECTION('',(-1.0,0.0,0.0));
#14382=DIRECTION('',(0.0,-1.0,0.0));
#14383=CARTESIAN_POINT('',(-4.325,2.415,0.0));
#14384=DIRECTION('',(0.0,0.0,1.0));
#14385=DIRECTION('',(-0.707106781186498,0.707106781186598,0.0));
#14386=DIRECTION('',(-0.707106781186547,-0.707106781186547,0.0));
#14387=CARTESIAN_POINT('',(-2.745,3.995,0.0));
#14388=DIRECTION('',(0.0,-0.0,1.0));
#14389=DIRECTION('',(0.0,1.0,0.0));
#14390=DIRECTION('',(-1.0,0.0,0.0));
#14391=DIRECTION('',(0.0,1.0,0.0));
#14392=DIRECTION('',(1.0,0.0,0.0));
#14393=CARTESIAN_POINT('',(-5.765,5.55,0.0));
#14394=DIRECTION('',(0.0,-0.0,1.0));
#14395=DIRECTION('',(0.0,1.0,0.0));
#14396=DIRECTION('',(1.0,0.0,0.0));
#14397=DIRECTION('',(0.0,1.0,0.0));
#14398=DIRECTION('',(-1.0,0.0,0.0));
#14399=CARTESIAN_POINT('',(2.745,3.995,0.0));
#14400=DIRECTION('',(0.0,-0.0,1.0));
#14401=DIRECTION('',(0.707106781186548,0.707106781186548,0.0));
#14402=DIRECTION('',(-0.707106781186547,0.707106781186547,0.0));
#14403=CARTESIAN_POINT('',(4.325,2.415,0.0));
#14404=DIRECTION('',(0.0,0.0,1.0));
#14405=DIRECTION('',(1.0,0.0,0.0));
#14406=DIRECTION('',(0.0,1.0,0.0));
#14407=DIRECTION('',(1.0,0.0,0.0));
#14408=DIRECTION('',(0.0,-1.0,0.0));
#14409=CARTESIAN_POINT('',(5.765,5.55,0.0));
#14410=DIRECTION('',(0.0,0.0,1.0));
#14411=DIRECTION('',(1.0,0.0,0.0));
#14412=DIRECTION('',(-1.0,0.0,0.0));
#14413=CARTESIAN_POINT('',(5.765,-5.0,0.0));
#14414=DIRECTION('',(0.0,0.0,1.0));
#14415=DIRECTION('',(0.0,-1.0,0.0));
#14416=DIRECTION('',(0.0,-1.0,0.0));
#14417=DIRECTION('',(1.0,0.0,0.0));
#14418=DIRECTION('',(0.0,1.0,0.0));
#14419=CARTESIAN_POINT('',(4.325,-3.995,0.0));
#14420=DIRECTION('',(0.0,0.0,1.0));
#14421=DIRECTION('',(0.0,-1.0,0.0));
#14422=DIRECTION('',(1.0,0.0,0.0));
#14423=CARTESIAN_POINT('',(-4.325,-3.995,0.0));
#14424=DIRECTION('',(0.0,0.0,1.0));
#14425=DIRECTION('',(-1.0,2.30926389122E-14,0.0));
#14426=DIRECTION('',(0.0,-1.0,0.0));
#14427=DIRECTION('',(-1.0,0.0,0.0));
#14428=DIRECTION('',(0.0,1.0,0.0));
#14429=CARTESIAN_POINT('',(-5.765,-5.0,0.0));
#14430=DIRECTION('',(0.0,0.0,1.0));
#14431=DIRECTION('',(-1.0,0.0,0.0));
#14432=DIRECTION('',(0.0,0.0,1.0));
#14433=CARTESIAN_POINT('',(-5.765,5.55,-11.3));
#14434=DIRECTION('',(0.0,0.0,-1.0));
#14435=DIRECTION('',(-1.0,0.0,0.0));
#14436=DIRECTION('',(0.0,0.0,1.0));
#14437=DIRECTION('',(0.0,1.0,0.0));
#14438=DIRECTION('',(0.0,0.0,1.0));
#14439=DIRECTION('',(0.0,0.0,-1.0));
#14440=CARTESIAN_POINT('',(-6.015,-2.8,-2.25));
#14441=DIRECTION('',(1.0,0.0,0.0));
#14442=DIRECTION('',(0.0,-1.0,0.0));
#14443=DIRECTION('',(0.0,0.0,1.0));
#14444=DIRECTION('',(0.0,0.0,-1.0));
#14445=CARTESIAN_POINT('',(-6.015,1.2,-2.25));
#14446=DIRECTION('',(1.0,0.0,0.0));
#14447=DIRECTION('',(0.0,-1.0,0.0));
#14448=DIRECTION('',(0.0,0.0,1.0));
#14449=DIRECTION('',(0.0,0.0,-1.0));
#14450=CARTESIAN_POINT('',(-6.015,1.63,-9.638));
#14451=DIRECTION('',(1.0,0.0,0.0));
#14452=DIRECTION('',(0.0,-1.0,0.0));
#14453=DIRECTION('',(0.0,1.0,0.0));
#14454=CARTESIAN_POINT('',(-6.015,3.37,-9.638));
#14455=DIRECTION('',(1.0,0.0,0.0));
#14456=DIRECTION('',(0.0,0.0,-1.0));
#14457=DIRECTION('',(0.0,0.0,1.0));
#14458=CARTESIAN_POINT('',(-6.015,3.37,-7.788));
#14459=DIRECTION('',(1.0,0.0,0.0));
#14460=DIRECTION('',(0.0,1.0,0.0));
#14461=DIRECTION('',(0.0,-1.0,0.0));
#14462=CARTESIAN_POINT('',(-6.015,1.63,-7.788));
#14463=DIRECTION('',(1.0,0.0,-0.0));
#14464=DIRECTION('',(0.0,0.0,1.0));
#14465=CARTESIAN_POINT('',(-6.015,-3.37,-7.788));
#14466=DIRECTION('',(1.0,0.0,-0.0));
#14467=DIRECTION('',(0.0,0.0,1.0));
#14468=DIRECTION('',(0.0,0.0,-1.0));
#14469=CARTESIAN_POINT('',(-6.015,-3.37,-9.638));
#14470=DIRECTION('',(1.0,0.0,0.0));
#14471=DIRECTION('',(0.0,-1.0,4.099285014001E-14));
#14472=DIRECTION('',(0.0,1.0,0.0));
#14473=CARTESIAN_POINT('',(-6.015,-1.63,-9.638));
#14474=DIRECTION('',(1.0,0.0,0.0));
#14475=DIRECTION('',(0.0,0.0,-1.0));
#14476=DIRECTION('',(0.0,0.0,1.0));
#14477=CARTESIAN_POINT('',(-6.015,-1.63,-7.788));
#14478=DIRECTION('',(1.0,0.0,0.0));
#14479=DIRECTION('',(0.0,1.0,-6.148927521001E-14));
#14480=DIRECTION('',(0.0,-1.0,0.0));
#14481=DIRECTION('',(-1.0,0.0,0.0));
#14482=DIRECTION('',(0.0,-1.0,0.0));
#14483=DIRECTION('',(-1.0,0.0,0.0));
#14484=DIRECTION('',(-1.0,0.0,0.0));
#14485=DIRECTION('',(0.0,-1.0,0.0));
#14486=DIRECTION('',(-1.0,0.0,0.0));
#14487=DIRECTION('',(0.0,-1.0,0.0));
#14488=CARTESIAN_POINT('',(-5.697,-3.37,-7.788));
#14489=DIRECTION('',(1.0,0.0,-0.0));
#14490=DIRECTION('',(0.0,0.0,1.0));
#14491=DIRECTION('',(-1.0,0.0,0.0));
#14492=DIRECTION('',(-1.0,0.0,0.0));
#14493=CARTESIAN_POINT('',(5.697,-3.37,-7.788));
#14494=DIRECTION('',(1.0,0.0,0.0));
#14495=DIRECTION('',(0.0,-1.0248212535E-14,1.0));
#14496=CARTESIAN_POINT('',(6.015,-3.37,-7.788));
#14497=DIRECTION('',(1.0,0.0,0.0));
#14498=DIRECTION('',(0.0,-1.0248212535E-14,1.0));
#14499=DIRECTION('',(0.0,0.0,-1.0));
#14500=DIRECTION('',(-1.0,0.0,0.0));
#14501=DIRECTION('',(-1.0,0.0,0.0));
#14502=DIRECTION('',(0.0,0.0,-1.0));
#14503=DIRECTION('',(0.0,0.0,-1.0));
#14504=CARTESIAN_POINT('',(-5.697,-3.37,-9.638));
#14505=DIRECTION('',(1.0,0.0,0.0));
#14506=DIRECTION('',(0.0,-1.0,4.099285014001E-14));
#14507=DIRECTION('',(-1.0,0.0,0.0));
#14508=DIRECTION('',(-1.0,0.0,0.0));
#14509=CARTESIAN_POINT('',(5.697,-3.37,-9.638));
#14510=DIRECTION('',(1.0,0.0,0.0));
#14511=DIRECTION('',(0.0,-1.0,8.198570028001E-14));
#14512=CARTESIAN_POINT('',(6.015,-3.37,-9.638));
#14513=DIRECTION('',(1.0,0.0,0.0));
#14514=DIRECTION('',(0.0,-1.0,8.198570028001E-14));
#14515=DIRECTION('',(0.0,1.0,0.0));
#14516=DIRECTION('',(-1.0,0.0,0.0));
#14517=DIRECTION('',(-1.0,0.0,0.0));
#14518=DIRECTION('',(0.0,1.0,0.0));
#14519=DIRECTION('',(0.0,1.0,0.0));
#14520=CARTESIAN_POINT('',(-5.697,-1.63,-9.638));
#14521=DIRECTION('',(1.0,0.0,0.0));
#14522=DIRECTION('',(0.0,0.0,-1.0));
#14523=DIRECTION('',(-1.0,0.0,0.0));
#14524=DIRECTION('',(-1.0,0.0,0.0));
#14525=CARTESIAN_POINT('',(5.697,-1.63,-9.638));
#14526=DIRECTION('',(1.0,0.0,0.0));
#14527=DIRECTION('',(0.0,0.0,-1.0));
#14528=CARTESIAN_POINT('',(6.015,-1.63,-9.638));
#14529=DIRECTION('',(1.0,0.0,0.0));
#14530=DIRECTION('',(0.0,0.0,-1.0));
#14531=DIRECTION('',(0.0,0.0,1.0));
#14532=DIRECTION('',(-1.0,0.0,0.0));
#14533=DIRECTION('',(-1.0,0.0,0.0));
#14534=DIRECTION('',(0.0,0.0,1.0));
#14535=DIRECTION('',(0.0,0.0,1.0));
#14536=CARTESIAN_POINT('',(-5.697,-1.63,-7.788));
#14537=DIRECTION('',(1.0,0.0,0.0));
#14538=DIRECTION('',(0.0,1.0,-6.148927521001E-14));
#14539=CARTESIAN_POINT('',(5.697,-1.63,-7.788));
#14540=DIRECTION('',(1.0,0.0,0.0));
#14541=DIRECTION('',(0.0,1.0,-8.881784197001E-14));
#14542=CARTESIAN_POINT('',(6.015,-1.63,-7.788));
#14543=DIRECTION('',(1.0,0.0,0.0));
#14544=DIRECTION('',(0.0,1.0,-8.881784197001E-14));
#14545=DIRECTION('',(0.0,0.0,-1.0));
#14546=CARTESIAN_POINT('',(-5.697,-2.8,-2.25));
#14547=DIRECTION('',(1.0,0.0,0.0));
#14548=DIRECTION('',(0.0,-1.0,0.0));
#14549=DIRECTION('',(0.0,0.0,-1.0));
#14550=DIRECTION('',(0.0,1.0,0.0));
#14551=DIRECTION('',(0.0,0.0,-1.0));
#14552=DIRECTION('',(0.0,1.0,0.0));
#14553=DIRECTION('',(0.0,0.0,-1.0));
#14554=DIRECTION('',(0.0,1.0,0.0));
#14555=DIRECTION('',(0.0,0.0,-1.0));
#14556=CARTESIAN_POINT('',(-5.697,1.2,-2.25));
#14557=DIRECTION('',(1.0,0.0,0.0));
#14558=DIRECTION('',(0.0,-1.0,0.0));
#14559=DIRECTION('',(0.0,0.0,-1.0));
#14560=DIRECTION('',(0.0,-1.0,0.0));
#14561=CARTESIAN_POINT('',(-5.697,3.37,-7.788));
#14562=DIRECTION('',(1.0,0.0,0.0));
#14563=DIRECTION('',(0.0,1.0,0.0));
#14564=DIRECTION('',(0.0,0.0,1.0));
#14565=CARTESIAN_POINT('',(-5.697,3.37,-9.638));
#14566=DIRECTION('',(1.0,0.0,0.0));
#14567=DIRECTION('',(0.0,0.0,-1.0));
#14568=DIRECTION('',(0.0,1.0,0.0));
#14569=CARTESIAN_POINT('',(-5.697,1.63,-9.638));
#14570=DIRECTION('',(1.0,0.0,0.0));
#14571=DIRECTION('',(0.0,-1.0,0.0));
#14572=DIRECTION('',(0.0,0.0,-1.0));
#14573=CARTESIAN_POINT('',(-5.697,1.63,-7.788));
#14574=DIRECTION('',(1.0,0.0,-0.0));
#14575=DIRECTION('',(0.0,0.0,1.0));
#14576=DIRECTION('',(-1.0,0.0,0.0));
#14577=DIRECTION('',(-1.0,0.0,0.0));
#14578=DIRECTION('',(-1.0,0.0,0.0));
#14579=CARTESIAN_POINT('',(5.697,1.63,-7.788));
#14580=DIRECTION('',(1.0,0.0,0.0));
#14581=DIRECTION('',(0.0,-1.0248212535E-14,1.0));
#14582=DIRECTION('',(-1.0,0.0,0.0));
#14583=CARTESIAN_POINT('',(6.015,1.63,-7.788));
#14584=DIRECTION('',(1.0,0.0,0.0));
#14585=DIRECTION('',(0.0,-1.0248212535E-14,1.0));
#14586=DIRECTION('',(-1.0,0.0,0.0));
#14587=DIRECTION('',(-1.0,0.0,0.0));
#14588=DIRECTION('',(0.0,0.0,-1.0));
#14589=DIRECTION('',(0.0,0.0,-1.0));
#14590=DIRECTION('',(-1.0,0.0,0.0));
#14591=DIRECTION('',(-1.0,0.0,0.0));
#14592=CARTESIAN_POINT('',(5.697,1.63,-9.638));
#14593=DIRECTION('',(1.0,0.0,0.0));
#14594=DIRECTION('',(0.0,-1.0,0.0));
#14595=CARTESIAN_POINT('',(6.015,1.63,-9.638));
#14596=DIRECTION('',(1.0,0.0,0.0));
#14597=DIRECTION('',(0.0,-1.0,0.0));
#14598=DIRECTION('',(-1.0,0.0,0.0));
#14599=DIRECTION('',(-1.0,0.0,0.0));
#14600=DIRECTION('',(0.0,1.0,0.0));
#14601=DIRECTION('',(0.0,1.0,0.0));
#14602=DIRECTION('',(-1.0,0.0,0.0));
#14603=DIRECTION('',(-1.0,0.0,0.0));
#14604=CARTESIAN_POINT('',(5.697,3.37,-9.638));
#14605=DIRECTION('',(1.0,0.0,0.0));
#14606=DIRECTION('',(0.0,0.0,-1.0));
#14607=CARTESIAN_POINT('',(6.015,3.37,-9.638));
#14608=DIRECTION('',(1.0,0.0,0.0));
#14609=DIRECTION('',(0.0,0.0,-1.0));
#14610=DIRECTION('',(-1.0,0.0,0.0));
#14611=DIRECTION('',(-1.0,0.0,0.0));
#14612=DIRECTION('',(0.0,0.0,1.0));
#14613=DIRECTION('',(0.0,0.0,1.0));
#14614=DIRECTION('',(-1.0,0.0,0.0));
#14615=DIRECTION('',(-1.0,0.0,0.0));
#14616=CARTESIAN_POINT('',(5.697,3.37,-7.788));
#14617=DIRECTION('',(1.0,0.0,-0.0));
#14618=DIRECTION('',(0.0,1.0,2.049642507E-14));
#14619=CARTESIAN_POINT('',(6.015,3.37,-7.788));
#14620=DIRECTION('',(1.0,0.0,-0.0));
#14621=DIRECTION('',(0.0,1.0,2.049642507E-14));
#14622=DIRECTION('',(0.0,-1.0,0.0));
#14623=DIRECTION('',(0.0,-1.0,0.0));
#14624=DIRECTION('',(0.0,0.0,-1.0));
#14625=CARTESIAN_POINT('',(6.015,1.2,-2.25));
#14626=DIRECTION('',(1.0,0.0,0.0));
#14627=DIRECTION('',(0.0,-1.0,0.0));
#14628=DIRECTION('',(0.0,0.0,-1.0));
#14629=DIRECTION('',(0.0,1.0,0.0));
#14630=DIRECTION('',(0.0,0.0,1.0));
#14631=CARTESIAN_POINT('',(6.015,-2.8,-2.25));
#14632=DIRECTION('',(1.0,0.0,0.0));
#14633=DIRECTION('',(0.0,-1.0,0.0));
#14634=DIRECTION('',(0.0,0.0,1.0));
#14635=DIRECTION('',(0.0,0.0,1.0));
#14636=DIRECTION('',(0.0,-1.0,0.0));
#14637=DIRECTION('',(0.0,0.0,1.0));
#14638=CARTESIAN_POINT('',(5.765,5.55,-11.3));
#14639=DIRECTION('',(0.0,0.0,-1.0));
#14640=DIRECTION('',(0.0,1.0,0.0));
#14641=DIRECTION('',(0.0,0.0,1.0));
#14642=DIRECTION('',(0.0,0.0,-1.0));
#14643=CARTESIAN_POINT('',(-1.0,5.8,-1.15));
#14644=DIRECTION('',(-0.0,1.0,0.0));
#14645=DIRECTION('',(1.0,0.0,0.0));
#14646=DIRECTION('',(0.0,0.0,-1.0));
#14647=DIRECTION('',(1.0,0.0,0.0));
#14648=DIRECTION('',(0.0,0.0,1.0));
#14649=CARTESIAN_POINT('',(1.0,5.8,-1.15));
#14650=DIRECTION('',(-0.0,1.0,0.0));
#14651=DIRECTION('',(1.0,0.0,0.0));
#14652=DIRECTION('',(0.0,0.0,1.0));
#14653=DIRECTION('',(1.0,0.0,0.0));
#14654=CARTESIAN_POINT('',(5.765,-5.0,-11.3));
#14655=DIRECTION('',(0.0,0.0,-1.0));
#14656=DIRECTION('',(1.0,0.0,0.0));
#14657=DIRECTION('',(-1.0,0.0,-1.45603019623E-14));
#14658=DIRECTION('',(-0.904549925369852,0.426367719830424,0.0));
#14659=CARTESIAN_POINT('',(5.35,-5.06,-11.3));
#14660=DIRECTION('',(0.0,0.0,-1.0));
#14661=DIRECTION('',(1.0,0.0,0.0));
#14662=DIRECTION('',(0.0,-1.0,0.0));
#14663=DIRECTION('',(-1.0,0.0,0.0));
#14664=DIRECTION('',(0.0,-1.0,0.0));
#14665=DIRECTION('',(1.0,0.0,0.0));
#14666=DIRECTION('',(-1.0,0.0,0.0));
#14667=DIRECTION('',(0.0,1.0,0.0));
#14668=CARTESIAN_POINT('',(-5.35,-5.06,-11.3));
#14669=DIRECTION('',(-0.0,0.0,-1.0));
#14670=DIRECTION('',(-0.808410655847797,-0.588618901762198,0.0));
#14671=DIRECTION('',(0.904549925369813,0.426367719830506,0.0));
#14672=DIRECTION('',(-1.0,1.45603019623E-14,1.45603019623E-14));
#14673=CARTESIAN_POINT('',(-5.765,-5.0,-11.3));
#14674=DIRECTION('',(0.0,0.0,-1.0));
#14675=DIRECTION('',(0.0,-1.0,0.0));
#14676=DIRECTION('',(0.0,0.0,1.0));
#14677=DIRECTION('',(0.0,0.0,1.0));
#14678=DIRECTION('',(-1.0,0.0,0.0));
#14679=DIRECTION('',(0.0,0.0,-1.0));
#14680=DIRECTION('',(1.0,0.0,0.0));
#14681=DIRECTION('',(0.0,0.0,-1.0));
#14682=DIRECTION('',(-1.0,0.0,0.0));
#14683=DIRECTION('',(0.0,0.0,1.0));
#14684=DIRECTION('',(0.0,0.0,1.0));
#14685=DIRECTION('',(0.0,0.0,1.0));
#14686=DIRECTION('',(-0.638289775352111,0.767113193995213,-0.0642145643870211));
#14687=DIRECTION('',(-0.421509833300904,-0.894243795957608,0.150524063929901));
#14688=DIRECTION('',(-0.904549925369813,0.426367719830506,0.0));
#14689=DIRECTION('',(-0.421509833300904,-0.894243795957608,0.150524063929901));
#14690=DIRECTION('',(0.638289775352111,-0.767113193995213,0.0642145643870211));
#14691=DIRECTION('',(0.997899446950957,0.0,-0.0647818938822672));
#14692=DIRECTION('',(0.0,0.0,-1.0));
#14693=CARTESIAN_POINT('',(5.35,-5.06,-9.26));
#14694=DIRECTION('',(0.0,0.0,-1.0));
#14695=DIRECTION('',(0.808410655847797,-0.588618901762198,0.0));
#14696=CARTESIAN_POINT('',(5.35,-5.06,-0.4));
#14697=DIRECTION('',(0.0,0.0,-1.0));
#14698=DIRECTION('',(0.64992307237089,-0.759999999999989,0.0));
#14699=DIRECTION('',(0.0,0.0,-1.0));
#14700=CARTESIAN_POINT('',(5.35,-5.06,-15.7));
#14701=DIRECTION('',(0.0,0.0,-1.0));
#14702=DIRECTION('',(1.0,0.0,0.0));
#14703=DIRECTION('',(0.0,0.0,-1.0));
#14704=CARTESIAN_POINT('',(-5.35,-5.06,-0.4));
#14705=DIRECTION('',(0.0,0.0,-1.0));
#14706=DIRECTION('',(0.0,-1.0,0.0));
#14707=DIRECTION('',(-1.0,0.0,0.0));
#14708=CARTESIAN_POINT('',(-2.439662314071,3.51,-0.4));
#14709=DIRECTION('',(0.0,0.0,-1.0));
#14710=DIRECTION('',(-0.700509011692493,0.713643555661793,0.0));
#14711=DIRECTION('',(-1.0,0.0,0.0));
#14712=DIRECTION('',(0.0,1.0,0.0));
#14713=DIRECTION('',(1.0,0.0,0.0));
#14714=DIRECTION('',(0.0,1.0,0.0));
#14715=DIRECTION('',(-1.0,0.0,0.0));
#14716=CARTESIAN_POINT('',(2.437598846298,3.51,-0.4));
#14717=DIRECTION('',(0.0,0.0,-1.0));
#14718=DIRECTION('',(0.0,1.0,0.0));
#14719=DIRECTION('',(-0.707106781186548,0.707106781186548,0.0));
#14720=CARTESIAN_POINT('',(3.845,2.102598846298,-0.4));
#14721=DIRECTION('',(0.0,0.0,-1.0));
#14722=DIRECTION('',(0.707106781186548,0.707106781186548,0.0));
#14723=DIRECTION('',(0.0,1.0,0.0));
#14724=DIRECTION('',(1.0,0.0,0.0));
#14725=DIRECTION('',(0.0,-1.0,0.0));
#14726=CARTESIAN_POINT('',(5.35,5.06,-0.4));
#14727=DIRECTION('',(0.0,0.0,-1.0));
#14728=DIRECTION('',(0.0,1.0,0.0));
#14729=DIRECTION('',(1.0,0.0,0.0));
#14730=CARTESIAN_POINT('',(-5.35,5.06,-0.4));
#14731=DIRECTION('',(0.0,0.0,-1.0));
#14732=DIRECTION('',(-1.0,0.0,0.0));
#14733=DIRECTION('',(0.0,1.0,0.0));
#14734=DIRECTION('',(1.0,0.0,0.0));
#14735=DIRECTION('',(0.0,-1.0,0.0));
#14736=CARTESIAN_POINT('',(-3.845,2.130527424855,-0.4));
#14737=DIRECTION('',(0.0,0.0,-1.0));
#14738=DIRECTION('',(-1.0,0.0,0.0));
#14739=DIRECTION('',(-0.713643555661793,-0.700509011692493,0.0));
#14740=DIRECTION('',(-1.0,0.0,0.0));
#14741=DIRECTION('',(0.0,1.0,0.0));
#14742=DIRECTION('',(1.0,0.0,0.0));
#14743=DIRECTION('',(0.0,-1.0,0.0));
#14744=DIRECTION('',(-1.0,0.0,0.0));
#14745=DIRECTION('',(0.0,1.0,0.0));
#14746=CARTESIAN_POINT('',(3.845,-3.51,-0.4));
#14747=DIRECTION('',(0.0,0.0,-1.0));
#14748=DIRECTION('',(1.0,0.0,0.0));
#14749=DIRECTION('',(1.0,0.0,0.0));
#14750=CARTESIAN_POINT('',(-3.845,-3.51,-0.4));
#14751=DIRECTION('',(0.0,0.0,-1.0));
#14752=DIRECTION('',(0.0,-1.0,0.0));
#14753=DIRECTION('',(0.0,-1.0,0.0));
#14754=DIRECTION('',(0.0,0.0,1.0));
#14755=DIRECTION('',(-1.0,0.0,0.0));
#14756=DIRECTION('',(0.0,0.0,1.0));
#14757=DIRECTION('',(0.997899446950957,0.0,0.0647818938822672));
#14758=DIRECTION('',(0.0,0.0,-1.0));
#14759=DIRECTION('',(-0.997899446950952,3.71369004567182E-14,0.0647818938823469));
#14760=DIRECTION('',(0.0,0.0,1.0));
#14761=DIRECTION('',(-0.997899446950968,0.0,-0.0647818938821079));
#14762=DIRECTION('',(0.0,0.0,-1.0));
#14763=DIRECTION('',(-1.0,0.0,0.0));
#14764=DIRECTION('',(0.0,0.0,1.0));
#14765=DIRECTION('',(-1.0,0.0,0.0));
#14766=DIRECTION('',(0.0,0.0,1.0));
#14767=DIRECTION('',(-1.0,0.0,0.0));
#14768=DIRECTION('',(0.0,0.0,1.0));
#14769=DIRECTION('',(-1.0,0.0,0.0));
#14770=DIRECTION('',(-1.0,0.0,0.0));
#14771=DIRECTION('',(0.0,0.0,1.0));
#14772=DIRECTION('',(1.0,0.0,0.0));
#14773=DIRECTION('',(0.0,0.0,-1.0));
#14774=DIRECTION('',(0.0,0.0,1.0));
#14775=DIRECTION('',(1.0,0.0,0.0));
#14776=DIRECTION('',(0.0,0.0,-1.0));
#14777=DIRECTION('',(-1.0,0.0,0.0));
#14778=DIRECTION('',(1.0,0.0,0.0));
#14779=DIRECTION('',(0.0,0.0,-1.0));
#14780=DIRECTION('',(1.0,0.0,0.0));
#14781=DIRECTION('',(0.0,0.0,-1.0));
#14782=DIRECTION('',(1.0,0.0,0.0));
#14783=DIRECTION('',(0.0,0.0,-1.0));
#14784=DIRECTION('',(1.0,0.0,0.0));
#14785=DIRECTION('',(0.0,0.0,-1.0));
#14786=DIRECTION('',(1.0,0.0,0.0));
#14787=DIRECTION('',(0.0,0.0,-1.0));
#14788=DIRECTION('',(1.0,0.0,0.0));
#14789=DIRECTION('',(0.0,0.0,-1.0));
#14790=DIRECTION('',(1.0,0.0,0.0));
#14791=DIRECTION('',(0.0,0.0,-1.0));
#14792=DIRECTION('',(1.0,0.0,0.0));
#14793=DIRECTION('',(0.0,0.0,-1.0));
#14794=DIRECTION('',(0.0,-1.0,0.0));
#14795=DIRECTION('',(0.0,-1.0,0.0));
#14796=DIRECTION('',(0.0,0.0,-1.0));
#14797=DIRECTION('',(0.0,0.0,-1.0));
#14798=CARTESIAN_POINT('',(4.33,-5.56,-4.99));
#14799=DIRECTION('',(0.0,0.0,1.0));
#14800=DIRECTION('',(-1.0,0.0,0.0));
#14801=CARTESIAN_POINT('',(4.33,-5.56,-9.17));
#14802=DIRECTION('',(0.0,0.0,-1.0));
#14803=DIRECTION('',(0.0,-1.0,0.0));
#14804=DIRECTION('',(1.0,0.0,0.0));
#14805=DIRECTION('',(0.0,-1.0,0.0));
#14806=CARTESIAN_POINT('',(4.72,-5.56,-9.17));
#14807=DIRECTION('',(0.0,0.0,-1.0));
#14808=DIRECTION('',(1.0,0.0,0.0));
#14809=DIRECTION('',(0.0,0.0,1.0));
#14810=DIRECTION('',(0.0,0.0,1.0));
#14811=CARTESIAN_POINT('',(4.72,-5.56,-4.99));
#14812=DIRECTION('',(0.0,0.0,1.0));
#14813=DIRECTION('',(0.0,-1.0,0.0));
#14814=DIRECTION('',(0.0,-1.0,0.0));
#14815=DIRECTION('',(-1.0,0.0,0.0));
#14816=DIRECTION('',(-1.0,0.0,0.0));
#14817=DIRECTION('',(0.0,0.0,-1.0));
#14818=DIRECTION('',(1.0,0.0,0.0));
#14819=DIRECTION('',(0.0,0.0,1.0));
#14820=DIRECTION('',(-1.0,0.0,0.0));
#14821=DIRECTION('',(0.0,0.0,-1.0));
#14822=DIRECTION('',(1.0,0.0,0.0));
#14823=DIRECTION('',(0.0,0.0,1.0));
#14824=DIRECTION('',(-1.0,0.0,0.0));
#14825=DIRECTION('',(0.0,0.0,-1.0));
#14826=DIRECTION('',(1.0,0.0,0.0));
#14827=DIRECTION('',(0.0,0.0,1.0));
#14828=CARTESIAN_POINT('',(2.52,-5.56,-15.7));
#14829=DIRECTION('',(0.0,0.0,-1.0));
#14830=DIRECTION('',(1.0,0.0,0.0));
#14831=DIRECTION('',(0.0,0.0,1.0));
#14832=CARTESIAN_POINT('',(2.52,-5.56,-9.17));
#14833=DIRECTION('',(0.0,0.0,1.0));
#14834=DIRECTION('',(0.0,-1.0,0.0));
#14835=DIRECTION('',(0.0,-1.0,0.0));
#14836=DIRECTION('',(0.0,-1.0,0.0));
#14837=CARTESIAN_POINT('',(2.13,-5.56,-9.17));
#14838=DIRECTION('',(0.0,0.0,1.0));
#14839=DIRECTION('',(-1.0,0.0,0.0));
#14840=DIRECTION('',(0.0,0.0,-1.0));
#14841=CARTESIAN_POINT('',(2.13,-5.56,-15.7));
#14842=DIRECTION('',(0.0,0.0,-1.0));
#14843=DIRECTION('',(0.0,-1.0,0.0));
#14844=DIRECTION('',(1.0,0.0,0.0));
#14845=DIRECTION('',(0.0,-1.0,0.0));
#14846=CARTESIAN_POINT('',(4.6,4.31,-15.7));
#14847=DIRECTION('',(0.0,0.0,-1.0));
#14848=DIRECTION('',(0.0,1.0,0.0));
#14849=DIRECTION('',(1.0,0.0,0.0));
#14850=CARTESIAN_POINT('',(-4.6,4.31,-15.7));
#14851=DIRECTION('',(0.0,0.0,-1.0));
#14852=DIRECTION('',(-1.0,0.0,0.0));
#14853=DIRECTION('',(0.0,1.0,0.0));
#14854=DIRECTION('',(1.0,0.0,0.0));
#14855=DIRECTION('',(0.0,1.0,0.0));
#14856=DIRECTION('',(1.0,0.0,0.0));
#14857=DIRECTION('',(0.0,-1.0,0.0));
#14858=DIRECTION('',(-1.0,0.0,0.0));
#14859=DIRECTION('',(0.0,1.0,0.0));
#14860=CARTESIAN_POINT('',(-5.35,5.06,-15.7));
#14861=DIRECTION('',(0.0,0.0,-1.0));
#14862=DIRECTION('',(-1.0,0.0,0.0));
#14863=DIRECTION('',(1.0,0.0,0.0));
#14864=CARTESIAN_POINT('',(5.35,5.06,-15.7));
#14865=DIRECTION('',(0.0,0.0,-1.0));
#14866=DIRECTION('',(0.0,1.0,0.0));
#14867=DIRECTION('',(0.0,-1.0,0.0));
#14868=DIRECTION('',(-1.0,0.0,0.0));
#14869=DIRECTION('',(0.0,1.0,0.0));
#14870=DIRECTION('',(1.0,0.0,0.0));
#14871=DIRECTION('',(0.0,-1.0,0.0));
#14872=DIRECTION('',(0.0,-1.0,0.0));
#14873=DIRECTION('',(0.0,-1.0,0.0));
#14874=CARTESIAN_POINT('',(-2.13,-5.56,-15.7));
#14875=DIRECTION('',(0.0,0.0,-1.0));
#14876=DIRECTION('',(1.0,0.0,0.0));
#14877=CARTESIAN_POINT('',(-2.52,-5.56,-15.7));
#14878=DIRECTION('',(0.0,0.0,-1.0));
#14879=DIRECTION('',(0.0,-1.0,0.0));
#14880=DIRECTION('',(0.0,-1.0,0.0));
#14881=CARTESIAN_POINT('',(-5.35,-5.06,-15.7));
#14882=DIRECTION('',(0.0,0.0,-1.0));
#14883=DIRECTION('',(0.0,-1.0,0.0));
#14884=DIRECTION('',(0.0,1.0,0.0));
#14885=DIRECTION('',(1.0,0.0,0.0));
#14886=DIRECTION('',(0.0,-1.0,0.0));
#14887=DIRECTION('',(-1.0,0.0,0.0));
#14888=DIRECTION('',(0.0,1.0,0.0));
#14889=DIRECTION('',(1.0,0.0,0.0));
#14890=DIRECTION('',(0.0,1.0,0.0));
#14891=CARTESIAN_POINT('',(-4.6,-4.31,-15.7));
#14892=DIRECTION('',(0.0,0.0,-1.0));
#14893=DIRECTION('',(0.0,-1.0,0.0));
#14894=DIRECTION('',(-1.0,0.0,0.0));
#14895=DIRECTION('',(0.0,1.0,0.0));
#14896=DIRECTION('',(1.0,0.0,0.0));
#14897=DIRECTION('',(0.0,1.0,0.0));
#14898=DIRECTION('',(-1.0,0.0,0.0));
#14899=CARTESIAN_POINT('',(4.6,-4.31,-15.7));
#14900=DIRECTION('',(0.0,0.0,-1.0));
#14901=DIRECTION('',(1.0,0.0,0.0));
#14902=DIRECTION('',(0.0,-1.0,0.0));
#14903=DIRECTION('',(1.0,0.0,0.0));
#14904=DIRECTION('',(0.0,-1.0,0.0));
#14905=DIRECTION('',(-1.0,0.0,0.0));
#14906=DIRECTION('',(0.0,1.0,0.0));
#14907=DIRECTION('',(1.0,0.0,0.0));
#14908=DIRECTION('',(0.0,-1.0,0.0));
#14909=DIRECTION('',(0.0,-1.0,0.0));
#14910=CARTESIAN_POINT('',(5.6,2.033546278949,-12.45035716108));
#14911=DIRECTION('',(-1.0,0.0,0.0));
#14912=DIRECTION('',(0.0,0.0,1.0));
#14913=DIRECTION('',(0.0,-0.0142857142857097,0.999897953976978));
#14914=DIRECTION('',(0.0,0.0,1.0));
#14915=DIRECTION('',(0.0,1.0,0.0));
#14916=DIRECTION('',(0.0,0.0,1.0));
#14917=DIRECTION('',(0.0,0.0,-1.0));
#14918=DIRECTION('',(0.0,0.0,-1.0));
#14919=DIRECTION('',(0.0,1.0,0.0));
#14920=DIRECTION('',(0.0,0.0,-1.0));
#14921=DIRECTION('',(0.0,0.0,1.0));
#14922=DIRECTION('',(0.0,0.0,1.0));
#14923=DIRECTION('',(0.0,1.0,0.0));
#14924=DIRECTION('',(0.0,0.0,1.0));
#14925=DIRECTION('',(0.0,-0.0142857142857097,-0.999897953976978));
#14926=CARTESIAN_POINT('',(5.6,-0.9235462789493,-12.45035716108));
#14927=DIRECTION('',(-1.0,0.0,0.0));
#14928=DIRECTION('',(0.0,-0.999897953976978,0.0142857142857097));
#14929=DIRECTION('',(0.0,-1.0,0.0));
#14930=DIRECTION('',(0.0,1.0,0.0));
#14931=DIRECTION('',(0.0,0.0,-1.0));
#14932=DIRECTION('',(0.0,1.0,0.0));
#14933=DIRECTION('',(0.0,0.0,-1.0));
#14934=DIRECTION('',(0.0,1.0,0.0));
#14935=DIRECTION('',(0.0,0.0,-1.0));
#14936=DIRECTION('',(0.0,1.0,0.0));
#14937=DIRECTION('',(0.0,0.0,-1.0));
#14938=DIRECTION('',(0.412629449008899,0.0,0.910898972340299));
#14939=DIRECTION('',(0.0,0.0,1.0));
#14940=DIRECTION('',(-1.0,0.0,0.0));
#14941=DIRECTION('',(0.0,0.0,-1.0));
#14942=DIRECTION('',(-1.0,0.0,0.0));
#14943=DIRECTION('',(0.0,0.0,-1.0));
#14944=DIRECTION('',(0.412629449008899,0.0,-0.910898972340299));
#14945=CARTESIAN_POINT('',(-5.6,-0.9235462789493,-12.45035716108));
#14946=DIRECTION('',(1.0,0.0,-0.0));
#14947=DIRECTION('',(0.0,0.0,1.0));
#14948=DIRECTION('',(0.0,-0.0142857142857097,-0.999897953976978));
#14949=DIRECTION('',(0.0,0.0,1.0));
#14950=DIRECTION('',(0.0,1.0,0.0));
#14951=DIRECTION('',(0.0,0.0,1.0));
#14952=DIRECTION('',(0.0,0.0,-1.0));
#14953=DIRECTION('',(0.0,0.0,1.0));
#14954=DIRECTION('',(0.0,0.0,-1.0));
#14955=DIRECTION('',(0.0,1.0,0.0));
#14956=DIRECTION('',(0.0,0.0,-1.0));
#14957=DIRECTION('',(0.0,0.0,-1.0));
#14958=DIRECTION('',(0.0,0.0,1.0));
#14959=DIRECTION('',(0.0,1.0,0.0));
#14960=DIRECTION('',(0.0,0.0,1.0));
#14961=DIRECTION('',(0.0,-0.0142857142857097,0.999897953976978));
#14962=CARTESIAN_POINT('',(-5.6,2.033546278949,-12.45035716108));
#14963=DIRECTION('',(1.0,0.0,-0.0));
#14964=DIRECTION('',(0.0,0.999897953976978,0.0142857142857197));
#14965=DIRECTION('',(0.0,-1.0,0.0));
#14966=DIRECTION('',(0.0,1.0,0.0));
#14967=DIRECTION('',(0.0,0.0,-1.0));
#14968=DIRECTION('',(0.0,1.0,0.0));
#14969=DIRECTION('',(0.0,0.0,-1.0));
#14970=DIRECTION('',(0.0,1.0,0.0));
#14971=DIRECTION('',(0.0,0.0,-1.0));
#14972=DIRECTION('',(0.0,1.0,0.0));
#14973=DIRECTION('',(0.412629449008899,0.0,0.910898972340299));
#14974=DIRECTION('',(0.0,1.0,0.0));
#14975=DIRECTION('',(0.0,0.0,1.0));
#14976=DIRECTION('',(0.0,1.0,0.0));
#14977=DIRECTION('',(-1.0,0.0,0.0));
#14978=DIRECTION('',(0.412629449008899,0.0,-0.910898972340299));
#14979=DIRECTION('',(0.0,0.0,-1.0));
#14980=DIRECTION('',(-1.0,0.0,0.0));
#14981=DIRECTION('',(0.0,1.0,0.0));
#14982=DIRECTION('',(0.0,1.0,0.0));
#14983=DIRECTION('',(0.412629449008899,0.0,0.910898972340299));
#14984=DIRECTION('',(0.0,0.0,1.0));
#14985=DIRECTION('',(-1.0,0.0,0.0));
#14986=DIRECTION('',(-1.0,0.0,0.0));
#14987=DIRECTION('',(0.0,0.0,-1.0));
#14988=DIRECTION('',(0.412629449008899,0.0,-0.910898972340299));
#14989=DIRECTION('',(0.0,1.0,0.0));
#14990=DIRECTION('',(-1.0,0.0,0.0));
#14991=DIRECTION('',(0.0,0.0,1.0));
#14992=DIRECTION('',(0.412629449008899,0.0,0.910898972340299));
#14993=DIRECTION('',(0.412629449008899,0.0,-0.910898972340299));
#14994=DIRECTION('',(0.0,0.0,-1.0));
#14995=DIRECTION('',(-1.0,0.0,0.0));
#14996=DIRECTION('',(0.0,1.0,0.0));
#14997=DIRECTION('',(0.0,1.0,0.0));
#14998=DIRECTION('',(0.0,1.0,0.0));
#14999=DIRECTION('',(-1.0,0.0,0.0));
#15000=DIRECTION('',(0.0,-1.0,0.0));
#15001=DIRECTION('',(-1.0,0.0,0.0));
#15002=DIRECTION('',(-1.0,0.0,0.0));
#15003=DIRECTION('',(0.0,-1.0,0.0));
#15004=DIRECTION('',(-1.0,0.0,0.0));
#15005=CARTESIAN_POINT('',(-4.85,-0.9235462789493,-12.45035716108));
#15006=DIRECTION('',(-1.0,0.0,0.0));
#15007=DIRECTION('',(0.0,-0.999897953976978,0.0142857142857197));
#15008=DIRECTION('',(-1.0,0.0,0.0));
#15009=DIRECTION('',(0.0,-0.0142857142857097,-0.999897953976978));
#15010=DIRECTION('',(0.0,-0.0142857142857097,-0.999897953976978));
#15011=DIRECTION('',(-1.0,0.0,0.0));
#15012=DIRECTION('',(0.0,0.0,1.0));
#15013=DIRECTION('',(0.0,1.0,0.0));
#15014=DIRECTION('',(0.0,0.0,1.0));
#15015=CARTESIAN_POINT('',(-4.85,2.033546278949,-12.45035716108));
#15016=DIRECTION('',(-1.0,0.0,0.0));
#15017=DIRECTION('',(0.0,0.0,1.0));
#15018=DIRECTION('',(0.0,-0.0142857142857097,0.999897953976978));
#15019=DIRECTION('',(-1.0,0.0,0.0));
#15020=DIRECTION('',(0.0,-0.0142857142857097,0.999897953976978));
#15021=DIRECTION('',(-1.0,0.0,0.0));
#15022=CARTESIAN_POINT('',(4.85,2.033546278949,-12.45035716108));
#15023=DIRECTION('',(1.0,0.0,-0.0));
#15024=DIRECTION('',(0.0,0.999897953976978,0.0142857142857097));
#15025=DIRECTION('',(0.0,0.0,1.0));
#15026=DIRECTION('',(0.0,-1.0,0.0));
#15027=DIRECTION('',(0.0,0.0,1.0));
#15028=CARTESIAN_POINT('',(4.85,-0.9235462789493,-12.45035716108));
#15029=DIRECTION('',(1.0,0.0,-0.0));
#15030=DIRECTION('',(0.0,0.0,1.0));
#15031=CARTESIAN_POINT('',(4.6,4.31,-9.87));
#15032=DIRECTION('',(0.0,0.0,-1.0));
#15033=DIRECTION('',(0.0,1.0,0.0));
#15034=DIRECTION('',(0.0,0.0,1.0));
#15035=DIRECTION('',(1.0,0.0,0.0));
#15036=DIRECTION('',(0.0,0.0,1.0));
#15037=CARTESIAN_POINT('',(-4.6,4.31,-9.87));
#15038=DIRECTION('',(0.0,0.0,-1.0));
#15039=DIRECTION('',(-1.0,0.0,0.0));
#15040=DIRECTION('',(-1.0,0.0,0.0));
#15041=CARTESIAN_POINT('',(-4.6,-4.31,-9.87));
#15042=DIRECTION('',(0.0,0.0,-1.0));
#15043=DIRECTION('',(0.0,-1.0,0.0));
#15044=CARTESIAN_POINT('',(4.6,-4.31,-9.87));
#15045=DIRECTION('',(0.0,0.0,-1.0));
#15046=DIRECTION('',(1.0,0.0,0.0));
#15047=DIRECTION('',(-1.0,0.0,0.0));
#15048=DIRECTION('',(0.0,1.0,0.0));
#15049=DIRECTION('',(-1.0,0.0,0.0));
#15050=DIRECTION('',(0.0,-1.0,0.0));
#15051=DIRECTION('',(1.0,0.0,0.0));
#15052=DIRECTION('',(0.0,1.0,0.0));
#15053=DIRECTION('',(-1.0,0.0,0.0));
#15054=DIRECTION('',(0.0,1.0,0.0));
#15055=DIRECTION('',(0.0,0.0,-1.0));
#15056=DIRECTION('',(0.0,0.0,1.0));
#15057=DIRECTION('',(0.0,0.0,-1.0));
#15058=DIRECTION('',(0.0,0.0,1.0));
#15059=DIRECTION('',(0.0,0.0,1.0));
#15060=DIRECTION('',(0.0,0.0,-1.0));
#15061=DIRECTION('',(0.0,0.0,1.0));
#15062=DIRECTION('',(0.0,0.0,-1.0));
#15063=DIRECTION('',(0.0,0.0,-1.0));
#15064=DIRECTION('',(1.0,0.0,0.0));
#15065=DIRECTION('',(1.0,0.0,0.0));
#15066=DIRECTION('',(0.0,0.0,-1.0));
#15067=DIRECTION('',(0.0,-1.0,0.0));
#15068=DIRECTION('',(-1.0,0.0,0.0));
#15069=DIRECTION('',(0.0,1.0,0.0));
#15070=DIRECTION('',(1.0,0.0,0.0));
#15071=DIRECTION('',(1.0,0.0,0.0));
#15072=DIRECTION('',(0.0,1.0,0.0));
#15073=DIRECTION('',(1.0,0.0,0.0));
#15074=DIRECTION('',(0.0,1.0,0.0));
#15075=DIRECTION('',(1.0,0.0,0.0));
#15076=DIRECTION('',(0.0,1.0,0.0));
#15077=DIRECTION('',(1.0,0.0,0.0));
#15078=DIRECTION('',(0.0,1.0,0.0));
#15079=DIRECTION('',(1.0,0.0,0.0));
#15080=DIRECTION('',(0.0,1.0,0.0));
#15081=DIRECTION('',(1.0,0.0,0.0));
#15082=DIRECTION('',(0.0,1.0,0.0));
#15083=DIRECTION('',(1.0,0.0,0.0));
#15084=DIRECTION('',(0.0,1.0,0.0));
#15085=DIRECTION('',(1.0,0.0,0.0));
#15086=DIRECTION('',(0.0,1.0,0.0));
#15087=DIRECTION('',(1.0,0.0,0.0));
#15088=DIRECTION('',(0.0,0.0,-1.0));
#15089=DIRECTION('',(1.0,0.0,0.0));
#15090=DIRECTION('',(0.0,0.0,-1.0));
#15091=DIRECTION('',(1.0,0.0,0.0));
#15092=DIRECTION('',(0.0,0.0,-1.0));
#15093=DIRECTION('',(1.0,0.0,0.0));
#15094=DIRECTION('',(0.0,0.0,-1.0));
#15095=DIRECTION('',(1.0,0.0,0.0));
#15096=DIRECTION('',(0.0,0.0,-1.0));
#15097=DIRECTION('',(1.0,0.0,0.0));
#15098=DIRECTION('',(0.0,0.0,-1.0));
#15099=DIRECTION('',(1.0,0.0,0.0));
#15100=DIRECTION('',(0.0,0.0,-1.0));
#15101=DIRECTION('',(1.0,0.0,0.0));
#15102=DIRECTION('',(0.0,0.0,-1.0));
#15103=DIRECTION('',(0.0,1.0,0.0));
#15104=DIRECTION('',(0.0,0.0,-1.0));
#15105=DIRECTION('',(0.0,-1.0,0.0));
#15106=DIRECTION('',(0.0,1.0,0.0));
#15107=DIRECTION('',(0.0,0.0,-1.0));
#15108=DIRECTION('',(0.0,-1.0,0.0));
#15109=DIRECTION('',(0.0,0.0,1.0));
#15110=CARTESIAN_POINT('',(0.95,-0.88,-12.605));
#15111=DIRECTION('',(1.0,0.0,0.0));
#15112=DIRECTION('',(0.0,0.0,-1.0));
#15113=DIRECTION('',(0.0,1.0,0.0));
#15114=DIRECTION('',(0.0,-1.0,0.0));
#15115=CARTESIAN_POINT('',(0.95,-0.88,-12.605));
#15116=DIRECTION('',(-1.0,0.0,0.0));
#15117=DIRECTION('',(0.0,1.0,0.0));
#15118=DIRECTION('',(0.0,0.0,-1.0));
#15119=DIRECTION('',(0.0,0.0,1.0));
#15120=CARTESIAN_POINT('',(0.95,0.13,-14.605));
#15121=DIRECTION('',(1.0,0.0,0.0));
#15122=DIRECTION('',(0.0,0.0,-1.0));
#15123=DIRECTION('',(0.0,1.0,0.0));
#15124=DIRECTION('',(0.0,-1.0,0.0));
#15125=CARTESIAN_POINT('',(0.95,0.13,-14.605));
#15126=DIRECTION('',(-1.0,0.0,0.0));
#15127=DIRECTION('',(0.0,1.0,0.0));
#15128=DIRECTION('',(0.0,0.0,-1.0));
#15129=DIRECTION('',(1.0,0.0,0.0));
#15130=DIRECTION('',(0.0,-1.0,0.0));
#15131=DIRECTION('',(0.0,-1.0,0.0));
#15132=DIRECTION('',(1.0,0.0,0.0));
#15133=DIRECTION('',(0.0,0.0,-1.0));
#15134=DIRECTION('',(0.0,1.0,0.0));
#15135=DIRECTION('',(0.0,-1.0,0.0));
#15136=DIRECTION('',(0.0,0.0,-1.0));
#15137=DIRECTION('',(0.0,1.0,0.0));
#15138=DIRECTION('',(0.0,0.0,-1.0));
#15139=CARTESIAN_POINT('',(1.55,-0.88,-12.605));
#15140=DIRECTION('',(-1.0,0.0,0.0));
#15141=DIRECTION('',(0.0,1.0,0.0));
#15142=DIRECTION('',(0.0,1.0,0.0));
#15143=CARTESIAN_POINT('',(1.55,-0.88,-12.605));
#15144=DIRECTION('',(1.0,0.0,0.0));
#15145=DIRECTION('',(0.0,0.0,-1.0));
#15146=DIRECTION('',(0.0,0.0,1.0));
#15147=DIRECTION('',(0.0,0.0,-1.0));
#15148=CARTESIAN_POINT('',(1.55,0.13,-14.605));
#15149=DIRECTION('',(-1.0,0.0,0.0));
#15150=DIRECTION('',(0.0,1.0,0.0));
#15151=DIRECTION('',(0.0,-1.0,0.0));
#15152=DIRECTION('',(0.0,1.0,0.0));
#15153=CARTESIAN_POINT('',(1.55,0.13,-14.605));
#15154=DIRECTION('',(1.0,0.0,0.0));
#15155=DIRECTION('',(0.0,0.0,-1.0));
#15156=DIRECTION('',(0.0,0.0,1.0));
#15157=DIRECTION('',(1.0,0.0,0.0));
#15158=DIRECTION('',(1.0,0.0,0.0));
#15159=DIRECTION('',(1.0,0.0,0.0));
#15160=DIRECTION('',(1.0,0.0,0.0));
#15161=DIRECTION('',(1.0,0.0,0.0));
#15162=DIRECTION('',(1.0,0.0,0.0));
#15163=DIRECTION('',(1.0,0.0,0.0));
#15164=DIRECTION('',(1.0,0.0,0.0));
#15165=DIRECTION('',(1.0,0.0,0.0));
#15166=DIRECTION('',(1.0,0.0,0.0));
#15167=DIRECTION('',(0.0,1.0,0.0));
#15168=DIRECTION('',(0.0,0.0,-1.0));
#15169=DIRECTION('',(0.0,-1.0,0.0));
#15170=DIRECTION('',(0.0,1.0,0.0));
#15171=DIRECTION('',(0.0,0.0,-1.0));
#15172=DIRECTION('',(0.0,-1.0,0.0));
#15173=CARTESIAN_POINT('',(-1.55,0.13,-14.605));
#15174=DIRECTION('',(-1.0,0.0,0.0));
#15175=DIRECTION('',(0.0,1.0,0.0));
#15176=DIRECTION('',(0.0,0.0,-1.0));
#15177=DIRECTION('',(0.0,0.0,1.0));
#15178=CARTESIAN_POINT('',(-1.55,0.13,-14.605));
#15179=DIRECTION('',(1.0,0.0,0.0));
#15180=DIRECTION('',(0.0,0.0,-1.0));
#15181=DIRECTION('',(0.0,1.0,0.0));
#15182=DIRECTION('',(0.0,-1.0,0.0));
#15183=CARTESIAN_POINT('',(-1.55,-0.88,-12.605));
#15184=DIRECTION('',(-1.0,0.0,0.0));
#15185=DIRECTION('',(0.0,1.0,0.0));
#15186=DIRECTION('',(0.0,0.0,-1.0));
#15187=DIRECTION('',(0.0,0.0,1.0));
#15188=CARTESIAN_POINT('',(-1.55,-0.88,-12.605));
#15189=DIRECTION('',(1.0,0.0,0.0));
#15190=DIRECTION('',(0.0,0.0,-1.0));
#15191=DIRECTION('',(0.0,1.0,0.0));
#15192=DIRECTION('',(0.0,-1.0,0.0));
#15193=DIRECTION('',(1.0,0.0,0.0));
#15194=DIRECTION('',(0.0,-1.0,0.0));
#15195=DIRECTION('',(0.0,-1.0,0.0));
#15196=DIRECTION('',(1.0,0.0,0.0));
#15197=DIRECTION('',(0.0,0.0,-1.0));
#15198=DIRECTION('',(0.0,1.0,0.0));
#15199=DIRECTION('',(0.0,-1.0,0.0));
#15200=DIRECTION('',(0.0,0.0,-1.0));
#15201=DIRECTION('',(0.0,1.0,0.0));
#15202=DIRECTION('',(0.0,1.0,0.0));
#15203=CARTESIAN_POINT('',(-0.95,0.13,-14.605));
#15204=DIRECTION('',(1.0,0.0,0.0));
#15205=DIRECTION('',(0.0,0.0,-1.0));
#15206=DIRECTION('',(0.0,0.0,1.0));
#15207=DIRECTION('',(0.0,0.0,-1.0));
#15208=CARTESIAN_POINT('',(-0.95,0.13,-14.605));
#15209=DIRECTION('',(-1.0,0.0,0.0));
#15210=DIRECTION('',(0.0,1.0,0.0));
#15211=DIRECTION('',(0.0,-1.0,0.0));
#15212=DIRECTION('',(0.0,1.0,0.0));
#15213=CARTESIAN_POINT('',(-0.95,-0.88,-12.605));
#15214=DIRECTION('',(1.0,0.0,0.0));
#15215=DIRECTION('',(0.0,0.0,-1.0));
#15216=DIRECTION('',(0.0,0.0,1.0));
#15217=DIRECTION('',(0.0,0.0,-1.0));
#15218=CARTESIAN_POINT('',(-0.95,-0.88,-12.605));
#15219=DIRECTION('',(-1.0,0.0,0.0));
#15220=DIRECTION('',(0.0,1.0,0.0));
#15221=DIRECTION('',(1.0,0.0,0.0));
#15222=DIRECTION('',(1.0,0.0,0.0));
#15223=DIRECTION('',(1.0,0.0,0.0));
#15224=DIRECTION('',(1.0,0.0,0.0));
#15225=DIRECTION('',(1.0,0.0,0.0));
#15226=DIRECTION('',(1.0,0.0,0.0));
#15227=DIRECTION('',(1.0,0.0,0.0));
#15228=DIRECTION('',(1.0,0.0,0.0));
#15229=DIRECTION('',(1.0,0.0,0.0));
#15230=DIRECTION('',(1.0,0.0,0.0));
#15231=DIRECTION('',(0.0,0.0,-1.0));
#15232=DIRECTION('',(0.0,0.0,-1.0));
#15233=DIRECTION('',(1.0,0.0,0.0));
#15234=DIRECTION('',(0.0,0.0,-1.0));
#15235=DIRECTION('',(0.0,0.0,-1.0));
#15236=DIRECTION('',(0.0,-1.0,0.0));
#15237=DIRECTION('',(-1.0,0.0,0.0));
#15238=DIRECTION('',(0.0,-1.0,0.0));
#15239=DIRECTION('',(1.0,0.0,0.0));
#15240=DIRECTION('',(1.0,0.0,0.0));
#15241=DIRECTION('',(0.0,1.0,0.0));
#15242=DIRECTION('',(-1.0,0.0,0.0));
#15243=DIRECTION('',(-1.0,0.0,0.0));
#15244=DIRECTION('',(1.0,0.0,0.0));
#15245=DIRECTION('',(0.0,1.0,0.0));
#15246=DIRECTION('',(-1.0,0.0,0.0));
#15247=DIRECTION('',(0.0,0.0,-1.0));
#15248=DIRECTION('',(0.0,0.0,-1.0));
#15249=DIRECTION('',(0.0,0.0,-1.0));
#15250=DIRECTION('',(0.0,0.0,-1.0));
#15251=DIRECTION('',(0.0,0.0,-1.0));
#15252=DIRECTION('',(0.0,0.0,-1.0));
#15253=DIRECTION('',(0.0,0.0,-1.0));
#15254=DIRECTION('',(0.0,0.0,-1.0));
#15255=DIRECTION('',(-1.0,0.0,0.0));
#15256=DIRECTION('',(0.0,0.0,-1.0));
#15257=DIRECTION('',(-1.0,0.0,0.0));
#15258=DIRECTION('',(0.0,0.0,-1.0));
#15259=DIRECTION('',(0.0,0.0,-1.0));
#15260=DIRECTION('',(0.0,-1.0,0.0));
#15261=DIRECTION('',(0.0,-1.0,0.0));
#15262=DIRECTION('',(1.0,0.0,0.0));
#15263=DIRECTION('',(-1.0,0.0,0.0));
#15264=DIRECTION('',(0.0,1.0,0.0));
#15265=DIRECTION('',(1.0,0.0,0.0));
#15266=DIRECTION('',(0.0,0.0,-1.0));
#15267=DIRECTION('',(1.0,0.0,0.0));
#15268=DIRECTION('',(-0.707106781186548,0.707106781186548,0.0));
#15269=CARTESIAN_POINT('',(2.437598846298,3.51,-8.87));
#15270=DIRECTION('',(0.0,-0.0,1.0));
#15271=DIRECTION('',(0.707106781186548,0.707106781186548,0.0));
#15272=DIRECTION('',(-1.0,0.0,0.0));
#15273=CARTESIAN_POINT('',(-2.439662314071,3.51,-8.87));
#15274=DIRECTION('',(0.0,-0.0,1.0));
#15275=DIRECTION('',(0.0,1.0,0.0));
#15276=DIRECTION('',(-0.713643555661793,-0.700509011692493,0.0));
#15277=CARTESIAN_POINT('',(-3.845,2.130527424855,-8.87));
#15278=DIRECTION('',(0.0,0.0,1.0));
#15279=DIRECTION('',(-0.700509011692493,0.713643555661793,0.0));
#15280=DIRECTION('',(0.0,-1.0,0.0));
#15281=DIRECTION('',(0.0,-1.0,0.0));
#15282=CARTESIAN_POINT('',(-3.845,-3.51,-8.87));
#15283=DIRECTION('',(0.0,0.0,1.0));
#15284=DIRECTION('',(-1.0,0.0,0.0));
#15285=DIRECTION('',(1.0,0.0,0.0));
#15286=CARTESIAN_POINT('',(3.845,-3.51,-8.87));
#15287=DIRECTION('',(0.0,0.0,1.0));
#15288=DIRECTION('',(0.0,-1.0,0.0));
#15289=DIRECTION('',(0.0,1.0,0.0));
#15290=DIRECTION('',(1.0,0.0,0.0));
#15291=DIRECTION('',(0.0,1.0,0.0));
#15292=DIRECTION('',(-1.0,0.0,0.0));
#15293=DIRECTION('',(0.0,1.0,0.0));
#15294=CARTESIAN_POINT('',(3.845,2.102598846298,-8.87));
#15295=DIRECTION('',(0.0,0.0,1.0));
#15296=DIRECTION('',(1.0,0.0,0.0));
#15297=CARTESIAN_POINT('',(-2.5,-1.29,-8.87));
#15298=DIRECTION('',(0.0,0.0,-1.0));
#15299=DIRECTION('',(0.0,-1.0,0.0));
#15300=DIRECTION('',(0.0,-1.0,0.0));
#15301=CARTESIAN_POINT('',(-2.8,0.0,-8.87));
#15302=DIRECTION('',(0.0,0.0,-1.0));
#15303=DIRECTION('',(0.0,-1.0,0.0));
#15304=DIRECTION('',(0.0,-1.0,0.0));
#15305=CARTESIAN_POINT('',(-2.5,1.29,-8.87));
#15306=DIRECTION('',(0.0,0.0,-1.0));
#15307=DIRECTION('',(-1.0,0.0,0.0));
#15308=DIRECTION('',(-1.0,0.0,0.0));
#15309=CARTESIAN_POINT('',(2.5,1.29,-8.87));
#15310=DIRECTION('',(0.0,0.0,-1.0));
#15311=DIRECTION('',(0.0,1.0,0.0));
#15312=DIRECTION('',(0.0,1.0,0.0));
#15313=CARTESIAN_POINT('',(2.8,0.0,-8.87));
#15314=DIRECTION('',(0.0,0.0,-1.0));
#15315=DIRECTION('',(0.0,1.0,0.0));
#15316=DIRECTION('',(0.0,1.0,0.0));
#15317=CARTESIAN_POINT('',(2.5,-1.29,-8.87));
#15318=DIRECTION('',(0.0,0.0,-1.0));
#15319=DIRECTION('',(1.0,0.0,0.0));
#15320=DIRECTION('',(1.0,0.0,0.0));
#15321=DIRECTION('',(1.0,0.0,0.0));
#15322=DIRECTION('',(0.0,0.0,-1.0));
#15323=DIRECTION('',(0.0,0.0,-1.0));
#15324=DIRECTION('',(1.0,0.0,0.0));
#15325=DIRECTION('',(0.0,0.0,1.0));
#15326=DIRECTION('',(1.0,0.0,0.0));
#15327=DIRECTION('',(0.0,0.0,1.0));
#15328=DIRECTION('',(1.0,0.0,0.0));
#15329=DIRECTION('',(0.0,0.0,1.0));
#15330=DIRECTION('',(1.0,0.0,0.0));
#15331=DIRECTION('',(0.0,0.0,1.0));
#15332=DIRECTION('',(0.0,0.0,-1.0));
#15333=DIRECTION('',(0.0,1.0,0.0));
#15334=DIRECTION('',(0.0,0.0,-1.0));
#15335=DIRECTION('',(0.0,0.0,-1.0));
#15336=DIRECTION('',(0.0,1.0,0.0));
#15337=DIRECTION('',(0.0,0.0,-1.0));
#15338=DIRECTION('',(0.0,0.0,-1.0));
#15339=DIRECTION('',(-1.0,0.0,0.0));
#15340=DIRECTION('',(1.0,0.0,0.0));
#15341=DIRECTION('',(0.0,0.0,1.0));
#15342=DIRECTION('',(1.0,0.0,0.0));
#15343=DIRECTION('',(0.0,0.0,1.0));
#15344=DIRECTION('',(1.0,0.0,0.0));
#15345=DIRECTION('',(0.0,0.0,1.0));
#15346=DIRECTION('',(1.0,0.0,0.0));
#15347=DIRECTION('',(0.0,0.0,1.0));
#15348=DIRECTION('',(-0.447213595499977,0.447213595499977,-0.774596669241461));
#15349=DIRECTION('',(-1.0,0.0,0.0));
#15350=DIRECTION('',(0.447213595499977,0.447213595499977,-0.774596669241461));
#15351=DIRECTION('',(0.0,1.0,0.0));
#15352=DIRECTION('',(0.447213595499977,-0.447213595499977,-0.774596669241461));
#15353=DIRECTION('',(1.0,0.0,0.0));
#15354=DIRECTION('',(-0.447213595499977,-0.447213595499977,-0.774596669241461));
#15355=DIRECTION('',(0.0,0.0,-1.0));
#15356=DIRECTION('',(0.0,0.0,-1.0));
#15357=DIRECTION('',(0.0,-1.0,0.0));
#15358=DIRECTION('',(0.0,0.0,-1.0));
#15359=DIRECTION('',(0.0,-1.0,0.0));
#15360=DIRECTION('',(0.0,1.0,0.0));
#15361=DIRECTION('',(1.0,0.0,0.0));
#15362=DIRECTION('',(0.0,-1.0,0.0));
#15363=DIRECTION('',(0.64287114276419,0.765974342782488,0.0));
#15364=DIRECTION('',(0.0,-1.0,0.0));
#15365=DIRECTION('',(-0.642871293713882,-0.765974216092578,0.0));
#15366=DIRECTION('',(-1.0,0.0,0.0));
#15367=DIRECTION('',(0.0,1.0,0.0));
#15368=DIRECTION('',(-1.0,0.0,0.0));
#15369=DIRECTION('',(0.0,1.0,0.0));
#15370=DIRECTION('',(-1.0,0.0,0.0));
#15371=DIRECTION('',(0.0,1.0,0.0));
#15372=DIRECTION('',(1.0,0.0,0.0));
#15373=DIRECTION('',(0.0,1.0,0.0));
#15374=DIRECTION('',(1.0,0.0,0.0));
#15375=DIRECTION('',(0.0,-1.0,0.0));
#15376=DIRECTION('',(1.0,0.0,0.0));
#15377=DIRECTION('',(0.0,-1.0,0.0));
#15378=DIRECTION('',(-0.656524483795811,-0.754304714407012,0.0));
#15379=DIRECTION('',(-0.738922954902003,-0.673789927736303,0.0));
#15380=DIRECTION('',(-0.439713664956612,-0.898138014366625,0.0));
#15381=DIRECTION('',(0.0,-1.0,0.0));
#15382=DIRECTION('',(0.546622729395818,-0.837379001234128,0.0));
#15383=DIRECTION('',(0.826599278799634,-0.562790931241723,0.0));
#15384=DIRECTION('',(0.979770705536111,-0.200123373380702,0.0));
#15385=DIRECTION('',(1.0,0.0,0.0));
#15386=DIRECTION('',(0.979770711149312,0.200123345899402,0.0));
#15387=DIRECTION('',(0.826599278799634,0.562790931241723,0.0));
#15388=DIRECTION('',(0.546622592319287,0.837379090714679,0.0));
#15389=DIRECTION('',(1.0,0.0,0.0));
#15390=DIRECTION('',(-0.23777135915331,-0.971321152228442,0.0));
#15391=DIRECTION('',(-0.69962482986459,-0.71451039001329,0.0));
#15392=DIRECTION('',(-0.890605275886817,-0.454777135048109,0.0));
#15393=DIRECTION('',(-0.989524033317265,-0.144368235729095,0.0));
#15394=DIRECTION('',(-1.0,0.0,0.0));
#15395=DIRECTION('',(-0.985821173093074,0.167799328608296,0.0));
#15396=DIRECTION('',(-0.890605242949827,0.454777199549714,0.0));
#15397=DIRECTION('',(-0.699625005501663,0.714510218035262,0.0));
#15398=DIRECTION('',(-0.237771138531006,0.971321206234925,0.0));
#15399=DIRECTION('',(0.0,1.0,0.0));
#15400=DIRECTION('',(0.237771138531006,0.971321206234925,0.0));
#15401=DIRECTION('',(0.546622729395818,0.837379001234128,0.0));
#15402=DIRECTION('',(0.743766087256596,0.668439980437296,0.0));
#15403=DIRECTION('',(-1.0,0.0,0.0));
#15404=DIRECTION('',(0.0,1.0,0.0));
#15405=DIRECTION('',(1.0,0.0,0.0));
#15406=DIRECTION('',(0.0,-1.0,0.0));
#15407=DIRECTION('',(0.826599232959307,0.562790998569705,0.0));
#15408=DIRECTION('',(0.890605218761708,0.454777246918104,0.0));
#15409=DIRECTION('',(0.968917719570746,0.247383210226212,0.0));
#15410=DIRECTION('',(1.0,0.0,0.0));
#15411=DIRECTION('',(0.96891770896775,-0.247383251754613,0.0));
#15412=DIRECTION('',(0.890605251698702,-0.454777182416501,0.0));
#15413=DIRECTION('',(0.826599232959307,-0.562790998569705,0.0));
#15414=DIRECTION('',(0.546622540915586,-0.837379124269878,0.0));
#15415=DIRECTION('',(0.310280007863895,-0.950645210748985,0.0));
#15416=DIRECTION('',(-1.0,0.0,0.0));
#15417=DIRECTION('',(-0.439713538107605,0.898138076469811,0.0));
#15418=DIRECTION('',(-0.699624752690695,0.714510465579395,0.0));
#15419=DIRECTION('',(-0.890605242949827,0.454777199549714,0.0));
#15420=DIRECTION('',(-0.979770711149312,0.200123345899402,0.0));
#15421=DIRECTION('',(-1.0,0.0,0.0));
#15422=DIRECTION('',(-0.979770716762512,-0.200123318418102,0.0));
#15423=DIRECTION('',(-0.890605111201675,-0.454777457556387,0.0));
#15424=DIRECTION('',(-0.699624880426775,-0.714510340504475,0.0));
#15425=DIRECTION('',(-0.439713157560209,-0.898138262779418,0.0));
#15426=DIRECTION('',(0.0,-1.0,0.0));
#15427=DIRECTION('',(0.439713033353818,-0.898138323588736,0.0));
#15428=DIRECTION('',(0.826599278799634,-0.562790931241723,0.0));
#15429=DIRECTION('',(0.985821179710943,-0.167799289728307,0.0));
#15430=DIRECTION('',(1.0,0.0,0.0));
#15431=DIRECTION('',(0.0,-1.0,0.0));
#15432=DIRECTION('',(-1.0,0.0,0.0));
#15433=DIRECTION('',(-0.946649941209728,-0.322263694523009,0.0));
#15434=DIRECTION('',(-0.699624494557094,-0.714510718335093,0.0));
#15435=DIRECTION('',(-0.439713664956612,-0.898138014366625,0.0));
#15436=DIRECTION('',(0.0,-1.0,0.0));
#15437=DIRECTION('',(0.546622729395818,-0.837379001234128,0.0));
#15438=DIRECTION('',(0.826599278799634,-0.562790931241723,0.0));
#15439=DIRECTION('',(0.979770705536111,-0.200123373380702,0.0));
#15440=DIRECTION('',(1.0,0.0,0.0));
#15441=DIRECTION('',(0.979770711149312,0.200123345899402,0.0));
#15442=DIRECTION('',(0.826599278799634,0.562790931241723,0.0));
#15443=DIRECTION('',(0.546622592319287,0.837379090714679,0.0));
#15444=DIRECTION('',(1.0,0.0,0.0));
#15445=DIRECTION('',(-0.23777135915331,-0.971321152228442,0.0));
#15446=DIRECTION('',(-0.69962482986459,-0.71451039001329,0.0));
#15447=DIRECTION('',(-0.890605275886817,-0.454777135048109,0.0));
#15448=DIRECTION('',(-0.989524033317265,-0.144368235729095,0.0));
#15449=DIRECTION('',(-1.0,0.0,0.0));
#15450=DIRECTION('',(-0.989524035424596,0.144368221285099,0.0));
#15451=DIRECTION('',(-0.890605242949827,0.454777199549714,0.0));
#15452=DIRECTION('',(-0.699624750029524,0.714510468185125,0.0));
#15453=DIRECTION('',(-0.237771780341093,0.97132104912507,0.0));
#15454=DIRECTION('',(0.0,1.0,0.0));
#15455=DIRECTION('',(0.237771780341093,0.97132104912507,0.0));
#15456=DIRECTION('',(0.546622181089484,0.837379359156276,0.0));
#15457=DIRECTION('',(0.793878320966489,0.608076649362092,0.0));
#15458=DIRECTION('',(-0.925735132498516,0.378172532659307,0.0));
#15459=DIRECTION('',(-0.546622729395818,0.837379001234128,0.0));
#15460=DIRECTION('',(-0.237771059976192,0.971321225464469,0.0));
#15461=DIRECTION('',(0.0,1.0,0.0));
#15462=DIRECTION('',(0.310279732088908,0.950645300758824,0.0));
#15463=DIRECTION('',(0.546622729395818,0.837379001234128,0.0));
#15464=DIRECTION('',(-1.0,0.0,0.0));
#15465=DIRECTION('',(0.0,-1.0,0.0));
#15466=DIRECTION('',(0.658971588179304,0.752167830987504,0.0));
#15467=DIRECTION('',(0.0,0.0,-1.0));
#15468=DIRECTION('',(0.0,1.0,0.0));
#15469=DIRECTION('',(0.0,0.0,-1.0));
#15470=DIRECTION('',(1.0,0.0,0.0));
#15471=DIRECTION('',(0.0,0.0,-1.0));
#15472=DIRECTION('',(0.0,-1.0,0.0));
#15473=DIRECTION('',(0.0,0.0,-1.0));
#15474=DIRECTION('',(0.64287114276419,0.765974342782488,0.0));
#15475=DIRECTION('',(0.0,0.0,-1.0));
#15476=DIRECTION('',(0.0,-1.0,0.0));
#15477=DIRECTION('',(0.0,0.0,-1.0));
#15478=DIRECTION('',(-0.642871293713882,-0.765974216092578,0.0));
#15479=DIRECTION('',(0.0,0.0,-1.0));
#15480=DIRECTION('',(-1.0,0.0,0.0));
#15481=DIRECTION('',(0.0,-1.0,0.0));
#15482=DIRECTION('',(1.0,0.0,0.0));
#15483=DIRECTION('',(0.0,-1.0,0.0));
#15484=DIRECTION('',(1.0,0.0,0.0));
#15485=DIRECTION('',(0.0,1.0,0.0));
#15486=DIRECTION('',(1.0,0.0,0.0));
#15487=DIRECTION('',(0.0,1.0,0.0));
#15488=DIRECTION('',(-1.0,0.0,0.0));
#15489=DIRECTION('',(0.0,1.0,0.0));
#15490=DIRECTION('',(-1.0,0.0,0.0));
#15491=DIRECTION('',(-0.656524483795811,-0.754304714407012,0.0));
#15492=DIRECTION('',(0.0,-1.0,0.0));
#15493=DIRECTION('',(-1.0,0.0,0.0));
#15494=DIRECTION('',(0.658971588179304,0.752167830987504,0.0));
#15495=DIRECTION('',(1.0,0.0,0.0));
#15496=DIRECTION('',(0.0,1.0,0.0));
#15497=DIRECTION('',(-1.0,0.0,0.0));
#15498=DIRECTION('',(0.743766087256596,0.668439980437296,0.0));
#15499=DIRECTION('',(0.546622729395818,0.837379001234128,0.0));
#15500=DIRECTION('',(0.237771138531006,0.971321206234925,0.0));
#15501=DIRECTION('',(0.0,1.0,0.0));
#15502=DIRECTION('',(-0.237771138531006,0.971321206234925,0.0));
#15503=DIRECTION('',(-0.699625005501663,0.714510218035262,0.0));
#15504=DIRECTION('',(-0.890605242949827,0.454777199549714,0.0));
#15505=DIRECTION('',(-0.985821173093074,0.167799328608296,0.0));
#15506=DIRECTION('',(-1.0,0.0,0.0));
#15507=DIRECTION('',(-0.989524033317265,-0.144368235729095,0.0));
#15508=DIRECTION('',(-0.890605275886817,-0.454777135048109,0.0));
#15509=DIRECTION('',(-0.69962482986459,-0.71451039001329,0.0));
#15510=DIRECTION('',(-0.23777135915331,-0.971321152228442,0.0));
#15511=DIRECTION('',(1.0,0.0,0.0));
#15512=DIRECTION('',(0.546622592319287,0.837379090714679,0.0));
#15513=DIRECTION('',(0.826599278799634,0.562790931241723,0.0));
#15514=DIRECTION('',(0.979770711149312,0.200123345899402,0.0));
#15515=DIRECTION('',(1.0,0.0,0.0));
#15516=DIRECTION('',(0.979770705536111,-0.200123373380702,0.0));
#15517=DIRECTION('',(0.826599278799634,-0.562790931241723,0.0));
#15518=DIRECTION('',(0.546622729395818,-0.837379001234128,0.0));
#15519=DIRECTION('',(0.0,-1.0,0.0));
#15520=DIRECTION('',(-0.439713664956612,-0.898138014366625,0.0));
#15521=DIRECTION('',(-0.738922954902003,-0.673789927736303,0.0));
#15522=DIRECTION('',(0.0,-1.0,0.0));
#15523=DIRECTION('',(0.310279732088908,0.950645300758824,0.0));
#15524=DIRECTION('',(0.0,1.0,0.0));
#15525=DIRECTION('',(-0.237771059976192,0.971321225464469,0.0));
#15526=DIRECTION('',(-0.546622729395818,0.837379001234128,0.0));
#15527=DIRECTION('',(-0.925735132498516,0.378172532659307,0.0));
#15528=DIRECTION('',(0.793878320966489,0.608076649362092,0.0));
#15529=DIRECTION('',(0.546622181089484,0.837379359156276,0.0));
#15530=DIRECTION('',(0.237771780341093,0.97132104912507,0.0));
#15531=DIRECTION('',(0.0,1.0,0.0));
#15532=DIRECTION('',(-0.237771780341093,0.97132104912507,0.0));
#15533=DIRECTION('',(-0.699624750029524,0.714510468185125,0.0));
#15534=DIRECTION('',(-0.890605242949827,0.454777199549714,0.0));
#15535=DIRECTION('',(-0.989524035424596,0.144368221285099,0.0));
#15536=DIRECTION('',(-1.0,0.0,0.0));
#15537=DIRECTION('',(-0.989524033317265,-0.144368235729095,0.0));
#15538=DIRECTION('',(-0.890605275886817,-0.454777135048109,0.0));
#15539=DIRECTION('',(-0.69962482986459,-0.71451039001329,0.0));
#15540=DIRECTION('',(-0.23777135915331,-0.971321152228442,0.0));
#15541=DIRECTION('',(1.0,0.0,0.0));
#15542=DIRECTION('',(0.546622592319287,0.837379090714679,0.0));
#15543=DIRECTION('',(0.826599278799634,0.562790931241723,0.0));
#15544=DIRECTION('',(0.979770711149312,0.200123345899402,0.0));
#15545=DIRECTION('',(1.0,0.0,0.0));
#15546=DIRECTION('',(0.979770705536111,-0.200123373380702,0.0));
#15547=DIRECTION('',(0.826599278799634,-0.562790931241723,0.0));
#15548=DIRECTION('',(0.546622729395818,-0.837379001234128,0.0));
#15549=DIRECTION('',(0.0,-1.0,0.0));
#15550=DIRECTION('',(-0.439713664956612,-0.898138014366625,0.0));
#15551=DIRECTION('',(-0.699624494557094,-0.714510718335093,0.0));
#15552=DIRECTION('',(-0.946649941209728,-0.322263694523009,0.0));
#15553=DIRECTION('',(-1.0,0.0,0.0));
#15554=DIRECTION('',(0.0,-1.0,0.0));
#15555=DIRECTION('',(1.0,0.0,0.0));
#15556=DIRECTION('',(0.985821179710943,-0.167799289728307,0.0));
#15557=DIRECTION('',(0.826599278799634,-0.562790931241723,0.0));
#15558=DIRECTION('',(0.439713033353818,-0.898138323588736,0.0));
#15559=DIRECTION('',(0.0,-1.0,0.0));
#15560=DIRECTION('',(-0.439713157560209,-0.898138262779418,0.0));
#15561=DIRECTION('',(-0.699624880426775,-0.714510340504475,0.0));
#15562=DIRECTION('',(-0.890605111201675,-0.454777457556387,0.0));
#15563=DIRECTION('',(-0.979770716762512,-0.200123318418102,0.0));
#15564=DIRECTION('',(-1.0,0.0,0.0));
#15565=DIRECTION('',(-0.979770711149312,0.200123345899402,0.0));
#15566=DIRECTION('',(-0.890605242949827,0.454777199549714,0.0));
#15567=DIRECTION('',(-0.699624752690695,0.714510465579395,0.0));
#15568=DIRECTION('',(-0.439713538107605,0.898138076469811,0.0));
#15569=DIRECTION('',(-1.0,0.0,0.0));
#15570=DIRECTION('',(0.310280007863895,-0.950645210748985,0.0));
#15571=DIRECTION('',(0.546622540915586,-0.837379124269878,0.0));
#15572=DIRECTION('',(0.826599232959307,-0.562790998569705,0.0));
#15573=DIRECTION('',(0.890605251698702,-0.454777182416501,0.0));
#15574=DIRECTION('',(0.96891770896775,-0.247383251754613,0.0));
#15575=DIRECTION('',(1.0,0.0,0.0));
#15576=DIRECTION('',(0.968917719570746,0.247383210226212,0.0));
#15577=DIRECTION('',(0.890605218761708,0.454777246918104,0.0));
#15578=DIRECTION('',(0.826599232959307,0.562790998569705,0.0));
#15579=DIRECTION('',(0.546622729395818,0.837379001234128,0.0));
#15580=DIRECTION('',(0.0,0.0,-1.0));
#15581=DIRECTION('',(0.0,0.0,-1.0));
#15582=DIRECTION('',(0.0,0.0,-1.0));
#15583=DIRECTION('',(0.0,0.0,-1.0));
#15584=DIRECTION('',(0.0,0.0,-1.0));
#15585=DIRECTION('',(0.0,0.0,-1.0));
#15586=DIRECTION('',(0.0,0.0,-1.0));
#15587=DIRECTION('',(0.0,0.0,-1.0));
#15588=DIRECTION('',(0.0,0.0,-1.0));
#15589=DIRECTION('',(0.0,0.0,-1.0));
#15590=DIRECTION('',(0.0,0.0,-1.0));
#15591=DIRECTION('',(0.0,0.0,-1.0));
#15592=DIRECTION('',(0.0,0.0,-1.0));
#15593=DIRECTION('',(0.0,0.0,-1.0));
#15594=DIRECTION('',(0.0,0.0,-1.0));
#15595=DIRECTION('',(0.0,0.0,-1.0));
#15596=DIRECTION('',(0.0,0.0,-1.0));
#15597=DIRECTION('',(0.0,0.0,-1.0));
#15598=DIRECTION('',(0.0,0.0,-1.0));
#15599=DIRECTION('',(0.0,0.0,-1.0));
#15600=DIRECTION('',(0.0,0.0,-1.0));
#15601=DIRECTION('',(0.0,0.0,-1.0));
#15602=DIRECTION('',(0.0,0.0,-1.0));
#15603=DIRECTION('',(0.0,0.0,-1.0));
#15604=DIRECTION('',(0.0,0.0,-1.0));
#15605=DIRECTION('',(0.0,0.0,-1.0));
#15606=DIRECTION('',(0.0,0.0,-1.0));
#15607=DIRECTION('',(0.0,0.0,-1.0));
#15608=DIRECTION('',(0.0,0.0,-1.0));
#15609=DIRECTION('',(0.0,0.0,-1.0));
#15610=DIRECTION('',(0.0,0.0,-1.0));
#15611=DIRECTION('',(0.0,0.0,-1.0));
#15612=DIRECTION('',(0.0,0.0,-1.0));
#15613=DIRECTION('',(0.0,0.0,-1.0));
#15614=DIRECTION('',(0.0,0.0,-1.0));
#15615=DIRECTION('',(0.0,0.0,-1.0));
#15616=DIRECTION('',(0.0,0.0,-1.0));
#15617=DIRECTION('',(0.0,0.0,-1.0));
#15618=DIRECTION('',(0.0,0.0,-1.0));
#15619=DIRECTION('',(0.0,0.0,-1.0));
#15620=DIRECTION('',(0.0,0.0,-1.0));
#15621=DIRECTION('',(0.0,0.0,-1.0));
#15622=DIRECTION('',(0.0,0.0,-1.0));
#15623=DIRECTION('',(0.0,0.0,-1.0));
#15624=DIRECTION('',(0.0,0.0,-1.0));
#15625=DIRECTION('',(0.0,0.0,-1.0));
#15626=DIRECTION('',(0.0,0.0,-1.0));
#15627=DIRECTION('',(0.0,0.0,-1.0));
#15628=DIRECTION('',(0.0,0.0,-1.0));
#15629=DIRECTION('',(0.0,0.0,-1.0));
#15630=DIRECTION('',(0.0,0.0,-1.0));
#15631=DIRECTION('',(0.0,0.0,-1.0));
#15632=DIRECTION('',(0.0,0.0,-1.0));
#15633=DIRECTION('',(0.0,0.0,-1.0));
#15634=DIRECTION('',(0.0,0.0,-1.0));
#15635=DIRECTION('',(0.0,0.0,-1.0));
#15636=DIRECTION('',(0.0,0.0,-1.0));
#15637=DIRECTION('',(0.0,0.0,-1.0));
#15638=DIRECTION('',(0.0,0.0,-1.0));
#15639=DIRECTION('',(0.0,0.0,-1.0));
#15640=DIRECTION('',(0.0,0.0,-1.0));
#15641=DIRECTION('',(0.0,0.0,-1.0));
#15642=DIRECTION('',(0.0,0.0,-1.0));
#15643=DIRECTION('',(0.0,0.0,-1.0));
#15644=DIRECTION('',(0.0,0.0,-1.0));
#15645=DIRECTION('',(0.0,0.0,-1.0));
#15646=DIRECTION('',(0.0,0.0,-1.0));
#15647=DIRECTION('',(0.0,0.0,-1.0));
#15648=DIRECTION('',(0.0,0.0,-1.0));
#15649=DIRECTION('',(0.0,0.0,-1.0));
#15650=DIRECTION('',(0.0,0.0,-1.0));
#15651=DIRECTION('',(0.0,0.0,-1.0));
#15652=DIRECTION('',(0.0,0.0,-1.0));
#15653=DIRECTION('',(0.0,0.0,-1.0));
#15654=DIRECTION('',(0.0,0.0,-1.0));
#15655=DIRECTION('',(0.0,0.0,-1.0));
#15656=DIRECTION('',(0.0,0.0,-1.0));
#15657=DIRECTION('',(0.0,0.0,-1.0));
#15658=DIRECTION('',(0.0,0.0,-1.0));
#15659=DIRECTION('',(0.0,0.0,-1.0));
#15660=DIRECTION('',(0.0,0.0,-1.0));
#15661=DIRECTION('',(0.0,0.0,-1.0));
#15662=DIRECTION('',(0.0,0.0,-1.0));
#15663=DIRECTION('',(0.0,0.0,-1.0));
#15664=DIRECTION('',(0.0,0.0,-1.0));
#15665=DIRECTION('',(0.0,0.0,-1.0));
#15666=DIRECTION('',(0.0,0.0,-1.0));
#15667=DIRECTION('',(0.0,0.0,-1.0));
#15668=DIRECTION('',(0.0,0.0,-1.0));
#15669=DIRECTION('',(0.0,0.0,-1.0));
#15670=DIRECTION('',(0.0,0.0,-1.0));
#15671=DIRECTION('',(0.0,0.0,-1.0));
#15672=DIRECTION('',(0.0,0.0,-1.0));
#15673=DIRECTION('',(0.0,0.0,-1.0));
#15674=DIRECTION('',(0.0,0.0,-1.0));
#15675=DIRECTION('',(0.0,0.0,-1.0));
#15676=DIRECTION('',(0.0,0.0,-1.0));
#15677=DIRECTION('',(0.0,0.0,-1.0));
#15678=DIRECTION('',(0.0,0.0,-1.0));
#15679=DIRECTION('',(0.0,0.258819045102493,-0.965925826289076));
#15680=CARTESIAN_POINT('',(0.75,-0.841729078407,-3.79));
#15681=DIRECTION('',(1.0,0.0,0.0));
#15682=DIRECTION('',(0.0,-0.589189702041732,0.807994736992745));
#15683=CARTESIAN_POINT('',(0.75,0.841729078407,-3.79));
#15684=DIRECTION('',(1.0,0.0,0.0));
#15685=DIRECTION('',(0.0,0.965925826289076,-0.258819045102493));
#15686=DIRECTION('',(0.0,0.258819045102493,0.965925826289076));
#15687=DIRECTION('',(1.0,0.0,0.0));
#15688=CARTESIAN_POINT('',(1.75,-0.841729078407,-3.79));
#15689=DIRECTION('',(1.0,0.0,0.0));
#15690=DIRECTION('',(0.0,-0.589189702041732,0.807994736992745));
#15691=DIRECTION('',(0.0,0.258819045102493,-0.965925826289076));
#15692=DIRECTION('',(0.0,0.258819045102493,0.965925826289076));
#15693=CARTESIAN_POINT('',(1.75,0.841729078407,-3.79));
#15694=DIRECTION('',(1.0,0.0,0.0));
#15695=DIRECTION('',(0.0,0.965925826289076,-0.258819045102493));
#15696=DIRECTION('',(1.0,0.0,0.0));
#15697=DIRECTION('',(0.0,0.258819045102493,-0.965925826289076));
#15698=CARTESIAN_POINT('',(-1.75,-0.841729078407,-3.79));
#15699=DIRECTION('',(1.0,0.0,0.0));
#15700=DIRECTION('',(0.0,-0.589189702041732,0.807994736992745));
#15701=CARTESIAN_POINT('',(-1.75,0.841729078407,-3.79));
#15702=DIRECTION('',(1.0,0.0,0.0));
#15703=DIRECTION('',(0.0,0.965925826289076,-0.258819045102493));
#15704=DIRECTION('',(0.0,0.258819045102493,0.965925826289076));
#15705=DIRECTION('',(1.0,0.0,0.0));
#15706=CARTESIAN_POINT('',(-0.75,-0.841729078407,-3.79));
#15707=DIRECTION('',(1.0,0.0,0.0));
#15708=DIRECTION('',(0.0,-0.589189702041732,0.807994736992745));
#15709=DIRECTION('',(0.0,0.258819045102493,-0.965925826289076));
#15710=DIRECTION('',(0.0,0.258819045102493,0.965925826289076));
#15711=CARTESIAN_POINT('',(-0.75,0.841729078407,-3.79));
#15712=DIRECTION('',(1.0,0.0,0.0));
#15713=DIRECTION('',(0.0,0.965925826289076,-0.258819045102493));
#15714=DIRECTION('',(1.0,0.0,0.0));
#15715=DIRECTION('',(0.0,0.0,-1.0));
#15716=DIRECTION('',(0.0,0.0,-1.0));
#15717=DIRECTION('',(0.0,0.0,-1.0));
#15718=DIRECTION('',(0.0,0.0,-1.0));
#15719=DIRECTION('',(0.0,0.0,-1.0));
#15720=DIRECTION('',(1.0,0.0,0.0));
#15721=DIRECTION('',(0.0,0.0,-1.0));
#15722=DIRECTION('',(0.0,0.0,-1.0));
#15723=DIRECTION('',(0.0,0.0,-1.0));
#15724=DIRECTION('',(0.0,0.0,-1.0));
#15725=DIRECTION('',(0.0,0.0,-1.0));
#15726=DIRECTION('',(0.0,1.0,0.0));
#15727=DIRECTION('',(0.0,0.0,-1.0));
#15728=DIRECTION('',(0.0,-0.500000000000017,-0.866025403784429));
#15729=DIRECTION('',(-1.0,0.0,0.0));
#15730=DIRECTION('',(0.0,-0.500000000000017,-0.866025403784429));
#15731=DIRECTION('',(0.0,0.0,-1.0));
#15732=DIRECTION('',(0.0,1.0,0.0));
#15733=DIRECTION('',(-1.0,0.0,0.0));
#15734=DIRECTION('',(0.0,0.0,-1.0));
#15735=DIRECTION('',(0.0,0.0,-1.0));
#15736=DIRECTION('',(0.0,0.0,-1.0));
#15737=DIRECTION('',(0.0,0.0,-1.0));
#15738=DIRECTION('',(0.0,0.0,-1.0));
#15739=DIRECTION('',(0.0,0.0,-1.0));
#15740=DIRECTION('',(0.0,0.0,-1.0));
#15741=DIRECTION('',(0.0,0.0,-1.0));
#15742=DIRECTION('',(-1.0,0.0,0.0));
#15743=DIRECTION('',(0.0,0.0,-1.0));
#15744=CARTESIAN_POINT('',(5.697,1.2,-2.25));
#15745=DIRECTION('',(1.0,0.0,0.0));
#15746=DIRECTION('',(0.0,-1.0,0.0));
#15747=DIRECTION('',(0.0,0.0,-1.0));
#15748=DIRECTION('',(0.0,-1.0,0.0));
#15749=DIRECTION('',(0.0,0.0,-1.0));
#15750=DIRECTION('',(0.0,-1.0,0.0));
#15751=DIRECTION('',(0.0,0.0,-1.0));
#15752=CARTESIAN_POINT('',(5.697,-2.8,-2.25));
#15753=DIRECTION('',(1.0,0.0,0.0));
#15754=DIRECTION('',(0.0,-1.0,0.0));
#15755=DIRECTION('',(0.0,0.0,-1.0));
#15756=DIRECTION('',(0.0,1.0,0.0));
#15757=DIRECTION('',(0.0,0.0,-1.0));
#15758=DIRECTION('',(-1.0,0.0,0.0));
#15759=CARTESIAN_POINT('',(-5.195,0.95,-1.32));
#15760=DIRECTION('',(0.0,1.0,0.0));
#15761=DIRECTION('',(-1.0,0.0,0.0));
#15762=DIRECTION('',(0.0,0.0,-1.0));
#15763=CARTESIAN_POINT('',(-3.695,0.95,-2.5));
#15764=DIRECTION('',(0.0,-1.0,0.0));
#15765=DIRECTION('',(-1.0,0.0,0.0));
#15766=DIRECTION('',(0.396096234385386,0.0,-0.918209002953967));
#15767=CARTESIAN_POINT('',(-4.11,0.95,-4.82));
#15768=DIRECTION('',(-0.0,1.0,0.0));
#15769=DIRECTION('',(0.918209002953967,0.0,0.396096234385386));
#15770=DIRECTION('',(-0.866025403784429,0.0,-0.500000000000017));
#15771=DIRECTION('',(-0.500000000000017,0.0,0.866025403784429));
#15772=DIRECTION('',(0.866025403784429,0.0,0.500000000000017));
#15773=CARTESIAN_POINT('',(-4.11,0.95,-4.82));
#15774=DIRECTION('',(0.0,-1.0,0.0));
#15775=DIRECTION('',(0.500000000000017,0.0,-0.866025403784429));
#15776=DIRECTION('',(-0.396096234385386,0.0,0.918209002953967));
#15777=CARTESIAN_POINT('',(-3.695,0.95,-2.5));
#15778=DIRECTION('',(0.0,1.0,0.0));
#15779=DIRECTION('',(-0.918209002953967,0.0,-0.396096234385386));
#15780=DIRECTION('',(0.0,0.0,1.0));
#15781=CARTESIAN_POINT('',(-5.195,0.95,-1.32));
#15782=DIRECTION('',(0.0,-1.0,0.0));
#15783=DIRECTION('',(1.0,0.0,0.0));
#15784=DIRECTION('',(-1.0,0.0,0.0));
#15785=CARTESIAN_POINT('',(5.195,0.95,-1.32));
#15786=DIRECTION('',(0.0,-1.0,0.0));
#15787=DIRECTION('',(1.0,0.0,0.0));
#15788=DIRECTION('',(0.0,0.0,-1.0));
#15789=CARTESIAN_POINT('',(3.695,0.95,-2.5));
#15790=DIRECTION('',(-0.0,1.0,0.0));
#15791=DIRECTION('',(1.0,0.0,0.0));
#15792=DIRECTION('',(-0.396096234385386,0.0,-0.918209002953967));
#15793=CARTESIAN_POINT('',(4.11,0.95,-4.82));
#15794=DIRECTION('',(0.0,-1.0,0.0));
#15795=DIRECTION('',(-0.918209002953967,0.0,0.396096234385386));
#15796=DIRECTION('',(0.866025403784429,0.0,-0.500000000000017));
#15797=DIRECTION('',(-0.500000000000017,0.0,-0.866025403784429));
#15798=DIRECTION('',(-0.866025403784429,0.0,0.500000000000017));
#15799=CARTESIAN_POINT('',(4.11,0.95,-4.82));
#15800=DIRECTION('',(0.0,1.0,0.0));
#15801=DIRECTION('',(-0.500000000000017,0.0,-0.866025403784429));
#15802=DIRECTION('',(0.396096234385386,0.0,0.918209002953967));
#15803=CARTESIAN_POINT('',(3.695,0.95,-2.5));
#15804=DIRECTION('',(0.0,-1.0,0.0));
#15805=DIRECTION('',(0.918209002953967,0.0,-0.396096234385386));
#15806=DIRECTION('',(0.0,0.0,1.0));
#15807=CARTESIAN_POINT('',(5.195,0.95,-1.32));
#15808=DIRECTION('',(0.0,1.0,0.0));
#15809=DIRECTION('',(-1.0,0.0,0.0));
#15810=DIRECTION('',(0.0,1.0,0.0));
#15811=CARTESIAN_POINT('',(-5.195,-2.55,-1.32));
#15812=DIRECTION('',(0.0,-1.0,0.0));
#15813=DIRECTION('',(1.0,0.0,0.0));
#15814=DIRECTION('',(0.0,0.0,1.0));
#15815=CARTESIAN_POINT('',(-3.695,-2.55,-2.5));
#15816=DIRECTION('',(0.0,1.0,0.0));
#15817=DIRECTION('',(-0.918209002953967,0.0,-0.396096234385386));
#15818=DIRECTION('',(-0.396096234385386,0.0,0.918209002953967));
#15819=CARTESIAN_POINT('',(-4.11,-2.55,-4.82));
#15820=DIRECTION('',(0.0,-1.0,0.0));
#15821=DIRECTION('',(0.500000000000017,0.0,-0.866025403784429));
#15822=DIRECTION('',(0.866025403784429,0.0,0.500000000000017));
#15823=DIRECTION('',(-0.500000000000017,0.0,0.866025403784429));
#15824=DIRECTION('',(-0.866025403784429,0.0,-0.500000000000017));
#15825=CARTESIAN_POINT('',(-4.11,-2.55,-4.82));
#15826=DIRECTION('',(-0.0,1.0,0.0));
#15827=DIRECTION('',(0.918209002953967,0.0,0.396096234385386));
#15828=DIRECTION('',(0.396096234385386,0.0,-0.918209002953967));
#15829=CARTESIAN_POINT('',(-3.695,-2.55,-2.5));
#15830=DIRECTION('',(0.0,-1.0,0.0));
#15831=DIRECTION('',(-1.0,0.0,0.0));
#15832=DIRECTION('',(0.0,0.0,-1.0));
#15833=CARTESIAN_POINT('',(-5.195,-2.55,-1.32));
#15834=DIRECTION('',(0.0,1.0,0.0));
#15835=DIRECTION('',(-1.0,0.0,0.0));
#15836=CARTESIAN_POINT('',(5.195,-2.55,-1.32));
#15837=DIRECTION('',(0.0,1.0,0.0));
#15838=DIRECTION('',(-1.0,0.0,0.0));
#15839=DIRECTION('',(0.0,0.0,1.0));
#15840=CARTESIAN_POINT('',(3.695,-2.55,-2.5));
#15841=DIRECTION('',(0.0,-1.0,0.0));
#15842=DIRECTION('',(0.918209002953967,0.0,-0.396096234385386));
#15843=DIRECTION('',(0.396096234385386,0.0,0.918209002953967));
#15844=CARTESIAN_POINT('',(4.11,-2.55,-4.82));
#15845=DIRECTION('',(0.0,1.0,0.0));
#15846=DIRECTION('',(-0.500000000000017,0.0,-0.866025403784429));
#15847=DIRECTION('',(-0.866025403784429,0.0,0.500000000000017));
#15848=DIRECTION('',(-0.500000000000017,0.0,-0.866025403784429));
#15849=DIRECTION('',(0.866025403784429,0.0,-0.500000000000017));
#15850=CARTESIAN_POINT('',(4.11,-2.55,-4.82));
#15851=DIRECTION('',(0.0,-1.0,0.0));
#15852=DIRECTION('',(-0.918209002953967,0.0,0.396096234385386));
#15853=DIRECTION('',(-0.396096234385386,0.0,-0.918209002953967));
#15854=CARTESIAN_POINT('',(3.695,-2.55,-2.5));
#15855=DIRECTION('',(0.0,1.0,0.0));
#15856=DIRECTION('',(1.0,0.0,-1.290439587741E-14));
#15857=DIRECTION('',(0.0,0.0,-1.0));
#15858=CARTESIAN_POINT('',(5.195,-2.55,-1.32));
#15859=DIRECTION('',(0.0,-1.0,0.0));
#15860=DIRECTION('',(1.0,0.0,0.0));
#15861=DIRECTION('',(0.0,1.0,0.0));
#15862=DIRECTION('',(0.0,1.0,0.0));
#15863=DIRECTION('',(0.0,1.0,0.0));
#15864=DIRECTION('',(0.0,1.0,0.0));
#15865=DIRECTION('',(0.0,1.0,0.0));
#15866=DIRECTION('',(0.0,1.0,0.0));
#15867=DIRECTION('',(0.0,1.0,0.0));
#15868=DIRECTION('',(0.0,1.0,0.0));
#15869=DIRECTION('',(0.0,1.0,0.0));
#15870=DIRECTION('',(0.0,1.0,0.0));
#15871=DIRECTION('',(0.0,1.0,0.0));
#15872=DIRECTION('',(-1.0,0.0,0.0));
#15873=DIRECTION('',(-1.0,0.0,0.0));
#15874=DIRECTION('',(1.0,0.0,0.0));
#15875=DIRECTION('',(0.0,0.0,-1.0));
#15876=DIRECTION('',(0.0,0.0,-1.0));
#15877=DIRECTION('',(-1.0,0.0,0.0));
#15878=DIRECTION('',(0.0,1.0,0.0));
#15879=DIRECTION('',(0.0,0.0,-1.0));
#15880=CARTESIAN_POINT('',(4.325,-3.995,-0.318));
#15881=DIRECTION('',(0.0,0.0,1.0));
#15882=DIRECTION('',(0.0,-1.0,0.0));
#15883=DIRECTION('',(0.0,0.0,-1.0));
#15884=DIRECTION('',(1.0,0.0,0.0));
#15885=DIRECTION('',(0.0,0.0,-1.0));
#15886=CARTESIAN_POINT('',(-4.325,-3.995,-0.318));
#15887=DIRECTION('',(0.0,0.0,1.0));
#15888=DIRECTION('',(-1.0,2.30926389122E-14,0.0));
#15889=DIRECTION('',(0.0,0.0,-1.0));
#15890=DIRECTION('',(0.0,-1.0,0.0));
#15891=DIRECTION('',(1.0,0.0,0.0));
#15892=DIRECTION('',(1.0,0.0,0.0));
#15893=DIRECTION('',(0.0,1.0,0.0));
#15894=CARTESIAN_POINT('',(4.325,2.415,-0.318));
#15895=DIRECTION('',(0.0,0.0,1.0));
#15896=DIRECTION('',(1.0,0.0,0.0));
#15897=DIRECTION('',(-0.707106781186547,0.707106781186547,0.0));
#15898=CARTESIAN_POINT('',(2.745,3.995,-0.318));
#15899=DIRECTION('',(0.0,-0.0,1.0));
#15900=DIRECTION('',(0.707106781186548,0.707106781186548,0.0));
#15901=DIRECTION('',(-1.0,0.0,0.0));
#15902=DIRECTION('',(0.0,1.0,0.0));
#15903=DIRECTION('',(-1.0,0.0,0.0));
#15904=CARTESIAN_POINT('',(-2.745,3.995,-0.318));
#15905=DIRECTION('',(0.0,-0.0,1.0));
#15906=DIRECTION('',(0.0,1.0,0.0));
#15907=DIRECTION('',(-0.707106781186547,-0.707106781186547,0.0));
#15908=CARTESIAN_POINT('',(-4.325,2.415,-0.318));
#15909=DIRECTION('',(0.0,0.0,1.0));
#15910=DIRECTION('',(-0.707106781186498,0.707106781186598,0.0));
#15911=DIRECTION('',(0.0,-1.0,0.0));
#15912=DIRECTION('',(-1.0,0.0,0.0));
#15913=DIRECTION('',(1.0,0.0,0.0));
#15914=DIRECTION('',(0.0,1.0,0.0));
#15915=DIRECTION('',(0.0,0.0,-1.0));
#15916=DIRECTION('',(0.0,0.0,-1.0));
#15917=DIRECTION('',(1.0,0.0,0.0));
#15918=DIRECTION('',(0.0,0.0,-1.0));
#15919=CARTESIAN_POINT('',(-1.0,5.482,-1.15));
#15920=DIRECTION('',(-0.0,1.0,0.0));
#15921=DIRECTION('',(1.0,0.0,0.0));
#15922=DIRECTION('',(0.0,0.0,-1.0));
#15923=CARTESIAN_POINT('',(1.0,5.482,-1.15));
#15924=DIRECTION('',(-0.0,1.0,0.0));
#15925=DIRECTION('',(1.0,0.0,0.0));
#15926=DIRECTION('',(0.0,0.0,-1.0));
#15927=DIRECTION('',(0.0,-1.0,0.0));
#15928=CARTESIAN_POINT('',(0.75,4.5267614196,-0.638));
#15929=DIRECTION('',(1.0,0.0,-0.0));
#15930=DIRECTION('',(0.0,0.0,1.0));
#15931=CARTESIAN_POINT('',(0.75,-0.601263931351,-0.318));
#15932=DIRECTION('',(-1.0,0.0,0.0));
#15933=DIRECTION('',(0.0,0.998058651411323,-0.0622810432074814));
#15934=CARTESIAN_POINT('',(0.75,3.54,-2.540596016124));
#15935=DIRECTION('',(1.0,0.0,0.0));
#15936=DIRECTION('',(0.0,-0.881119985393837,0.47289276938812));
#15937=DIRECTION('',(0.0,0.609018866639677,-0.79315573507157));
#15938=CARTESIAN_POINT('',(0.75,-0.601263931351,-0.318));
#15939=DIRECTION('',(1.0,0.0,0.0));
#15940=DIRECTION('',(0.0,0.853325734311513,-0.521378165213808));
#15941=CARTESIAN_POINT('',(0.75,4.5267614196,-0.638));
#15942=DIRECTION('',(-1.0,0.0,0.0));
#15943=DIRECTION('',(0.0,-0.998058651411323,0.0622810432074714));
#15944=DIRECTION('',(0.0,1.0,0.0));
#15945=CARTESIAN_POINT('',(0.75,5.162,-0.638));
#15946=DIRECTION('',(-1.0,0.0,0.0));
#15947=DIRECTION('',(0.0,0.0,1.0));
#15948=DIRECTION('',(0.0,-1.0,0.0));
#15949=CARTESIAN_POINT('',(0.75,5.162,-0.638));
#15950=DIRECTION('',(1.0,0.0,0.0));
#15951=DIRECTION('',(0.0,1.0,0.0));
#15952=CARTESIAN_POINT('',(-0.75,5.162,-0.638));
#15953=DIRECTION('',(1.0,0.0,0.0));
#15954=DIRECTION('',(0.0,1.0,0.0));
#15955=DIRECTION('',(1.0,0.0,0.0));
#15956=DIRECTION('',(1.0,0.0,0.0));
#15957=DIRECTION('',(0.0,-1.0,0.0));
#15958=DIRECTION('',(0.0,1.0,0.0));
#15959=CARTESIAN_POINT('',(-0.75,4.5267614196,-0.638));
#15960=DIRECTION('',(-1.0,0.0,0.0));
#15961=DIRECTION('',(0.0,-0.998058651411323,0.0622810432074714));
#15962=CARTESIAN_POINT('',(-0.75,-0.601263931351,-0.318));
#15963=DIRECTION('',(1.0,0.0,0.0));
#15964=DIRECTION('',(0.0,0.853325734311513,-0.521378165213808));
#15965=DIRECTION('',(0.0,0.609018866639677,-0.79315573507157));
#15966=CARTESIAN_POINT('',(-0.75,3.54,-2.540596016124));
#15967=DIRECTION('',(1.0,0.0,0.0));
#15968=DIRECTION('',(0.0,-0.881119985393837,0.47289276938812));
#15969=CARTESIAN_POINT('',(-0.75,-0.601263931351,-0.318));
#15970=DIRECTION('',(-1.0,0.0,0.0));
#15971=DIRECTION('',(0.0,0.998058651411323,-0.0622810432074814));
#15972=CARTESIAN_POINT('',(-0.75,4.5267614196,-0.638));
#15973=DIRECTION('',(1.0,0.0,-0.0));
#15974=DIRECTION('',(0.0,0.0,1.0));
#15975=CARTESIAN_POINT('',(-0.75,5.162,-0.638));
#15976=DIRECTION('',(-1.0,0.0,0.0));
#15977=DIRECTION('',(0.0,0.0,1.0));
#15978=DIRECTION('',(1.0,0.0,0.0));
#15979=DIRECTION('',(1.0,0.0,0.0));
#15980=DIRECTION('',(1.0,0.0,0.0));
#15981=DIRECTION('',(1.0,0.0,0.0));
#15982=DIRECTION('',(1.0,0.0,0.0));
#15983=DIRECTION('',(1.0,0.0,0.0));
#15984=DIRECTION('',(1.0,0.0,0.0));
#15985=DIRECTION('',(0.0,-1.0,0.0));
#15986=DIRECTION('',(0.0,0.0,-1.0));
#15987=DIRECTION('',(0.0,0.0,-1.0));
#15988=DIRECTION('',(0.0,0.0,-1.0));
#15989=DIRECTION('',(0.0,0.0,-1.0));
#15990=DIRECTION('',(0.0,0.0,-1.0));
#15991=DIRECTION('',(0.0,0.0,-1.0));
#15992=DIRECTION('',(0.0,0.0,-1.0));
#15993=DIRECTION('',(0.0,0.0,-1.0));
#15994=DIRECTION('',(0.0,0.0,-1.0));
#15995=DIRECTION('',(0.0,0.0,-1.0));
#15996=DIRECTION('',(0.0,0.0,-1.0));
#15997=DIRECTION('',(0.0,1.0,0.0));
#15998=DIRECTION('',(0.0,1.0,0.0));
#15999=DIRECTION('',(0.0,1.0,0.0));
#16000=DIRECTION('',(0.0,1.0,0.0));
#16001=DIRECTION('',(0.0,1.0,0.0));
#16002=DIRECTION('',(0.0,1.0,0.0));
#16003=DIRECTION('',(0.0,1.0,0.0));
#16004=DIRECTION('',(0.0,1.0,0.0));
#16005=DIRECTION('',(0.0,1.0,0.0));
#16006=DIRECTION('',(0.0,1.0,0.0));
#16007=CARTESIAN_POINT('',(-5.35,-5.06,-9.26));
#16008=DIRECTION('',(-0.0,0.0,-1.0));
#16009=DIRECTION('',(-0.64992307237089,-0.759999999999989,0.0));
#16010=DIRECTION('',(0.904549925369813,0.426367719830506,0.0));
#16011=DIRECTION('',(-0.638289775352111,-0.767113193995213,-0.0642145643870211));
#16012=DIRECTION('',(0.421509833300904,-0.894243795957608,-0.150524063929901));
#16013=DIRECTION('',(0.904549925369813,0.426367719830506,0.0));
#16014=DIRECTION('',(0.421509833300904,-0.894243795957608,-0.150524063929901));
#16015=DIRECTION('',(0.638289775352111,0.767113193995213,0.0642145643870211));
#16016=DIRECTION('',(0.0,0.0,1.0));
#16017=DIRECTION('',(0.638289775352111,0.767113193995213,-0.0642145643870211));
#16018=DIRECTION('',(0.421509833300904,-0.894243795957608,0.150524063929901));
#16019=DIRECTION('',(0.904549925369852,0.426367719830424,0.0));
#16020=DIRECTION('',(0.421509833300904,-0.894243795957608,0.150524063929901));
#16021=DIRECTION('',(-0.638289775352111,-0.767113193995213,0.0642145643870211));
#16022=DIRECTION('',(0.0,0.0,1.0));
#16023=DIRECTION('',(0.0,0.0,1.0));
#16024=CARTESIAN_POINT('',(-6.579744652963,-9.1315430403,-10.28));
#16025=DIRECTION('',(0.904549925369813,0.426367719830506,-1.52293967712641E-15));
#16026=DIRECTION('',(0.0641786019173916,-0.136156530794103,0.988606345406524));
#16027=CARTESIAN_POINT('',(-6.292097776695,-8.995958105394,-10.28));
#16028=DIRECTION('',(-0.904549925369813,-0.426367719830506,-1.52293967712641E-15));
#16029=DIRECTION('',(0.0641786019173916,-0.136156530794103,-0.988606345406524));
#16030=DIRECTION('',(0.0,0.0,1.0));
#16031=DIRECTION('',(0.0,-1.0,0.0));
#16032=DIRECTION('',(0.0,0.0,-1.0));
#16033=CARTESIAN_POINT('',(-2.52,-5.56,-9.17));
#16034=DIRECTION('',(0.0,0.0,1.0));
#16035=DIRECTION('',(-1.0,0.0,0.0));
#16036=DIRECTION('',(0.0,-1.0,0.0));
#16037=CARTESIAN_POINT('',(-2.13,-5.56,-9.17));
#16038=DIRECTION('',(0.0,0.0,1.0));
#16039=DIRECTION('',(0.0,-1.0,0.0));
#16040=DIRECTION('',(0.0,0.0,1.0));
#16041=CARTESIAN_POINT('',(-4.33,-5.56,-9.17));
#16042=DIRECTION('',(0.0,0.0,-1.0));
#16043=DIRECTION('',(1.0,0.0,0.0));
#16044=DIRECTION('',(0.0,0.0,1.0));
#16045=CARTESIAN_POINT('',(-4.33,-5.56,-4.99));
#16046=DIRECTION('',(0.0,0.0,1.0));
#16047=DIRECTION('',(0.0,-1.0,0.0));
#16048=DIRECTION('',(0.0,-1.0,0.0));
#16049=DIRECTION('',(0.0,-1.0,0.0));
#16050=CARTESIAN_POINT('',(-4.72,-5.56,-4.99));
#16051=DIRECTION('',(0.0,0.0,1.0));
#16052=DIRECTION('',(-1.0,0.0,0.0));
#16053=DIRECTION('',(0.0,0.0,-1.0));
#16054=CARTESIAN_POINT('',(-4.72,-5.56,-9.17));
#16055=DIRECTION('',(0.0,0.0,-1.0));
#16056=DIRECTION('',(0.0,-1.0,0.0));
#16057=DIRECTION('',(0.0,-1.0,0.0));
#16058=DIRECTION('',(0.0,-1.0,0.0));
#16059=DIRECTION('',(0.638289775352111,-0.767113193995213,-0.0642145643870211));
#16060=DIRECTION('',(-0.421509833300904,-0.894243795957608,-0.150524063929901));
#16061=DIRECTION('',(-0.904549925369813,0.426367719830506,0.0));
#16062=DIRECTION('',(-0.421509833300904,-0.894243795957608,-0.150524063929901));
#16063=DIRECTION('',(-0.638289775352111,0.767113193995213,0.0642145643870211));
#16064=DIRECTION('',(-0.904549925369813,0.426367719830506,0.0));
#16065=DIRECTION('',(0.0,0.0,1.0));
#16066=CARTESIAN_POINT('',(6.579744652963,-9.1315430403,-10.28));
#16067=DIRECTION('',(-0.904549925369813,0.426367719830506,1.52293967712641E-15));
#16068=DIRECTION('',(-0.0641786019173916,-0.136156530794103,-0.988606345406524));
#16069=CARTESIAN_POINT('',(6.292097776695,-8.995958105394,-10.28));
#16070=DIRECTION('',(0.904549925369813,-0.426367719830508,1.04821082464716E-14));
#16071=DIRECTION('',(-0.0641786019174015,-0.136156530794103,0.988606345406523));
#16072=DIRECTION('',(0.0,0.0,1.0));
#16073=DIRECTION('',(0.0,0.0,1.0));
ENDSEC;
END-ISO-10303-21;
